real,Regresión Lineal,Árbol de Decisión,Random Forest,XGBoost,MLP,DEPARTAMENTO,MES,FECHA
23.12,36.408988610562076,39.78538461538461,38.220850000000006,34.52598,32.74061263168341,AMAZONAS,1,2024-01-01
23.95,29.41325688403757,28.815632183908047,28.822049999999987,31.157831,32.100832468696275,AMAZONAS,2,2024-02-01
19.34,25.28032738723881,28.815632183908047,28.24639999999999,27.844019,24.50581968828155,AMAZONAS,3,2024-03-01
20.24,24.440006515893,50.46,25.482999999999976,24.0552,24.49497127239907,AMAZONAS,4,2024-04-01
20.95,25.95346590175059,50.46,26.605349999999998,25.909286,26.15554224270689,AMAZONAS,5,2024-05-01
21.58,24.754872243209043,50.46,26.326249999999995,25.37391,27.17972868448639,AMAZONAS,6,2024-06-01
29.35,28.395441789847993,21.221666666666664,27.941549999999985,27.555458,29.879299915587453,AMAZONAS,7,2024-07-01
31.05,30.352505031132555,29.511394230769238,28.98670000000001,30.653357,34.88901564822053,AMAZONAS,8,2024-08-01
28.1,30.79589200004881,30.96362244897958,29.974849999999993,28.680914,34.47387412313959,AMAZONAS,9,2024-09-01
28.11,30.833077861560547,28.197034482758596,28.749800000000015,27.824131,33.17181924228754,AMAZONAS,10,2024-10-01
30.11,29.263504797098314,28.197034482758596,28.76270000000001,27.236126,30.83481208433483,AMAZONAS,11,2024-11-01
34.77,26.7777900646543,29.527792207792196,28.80305,27.863989,30.240921097427922,AMAZONAS,12,2024-12-01
37.36,31.585613881773675,28.690999999999995,25.43234999999999,27.151304,25.294765732721995,AMAZONAS,1,2025-01-01
35.39,35.005442892902295,35.446141732283465,33.94945,35.579193,38.838384738976,AMAZONAS,2,2025-02-01
24.02,30.63920876924694,28.690999999999995,31.667300000000004,30.960081,40.69122433947869,AMAZONAS,3,2025-03-01
18.15,26.554899019040047,9.38,25.061250000000015,23.228107,31.81081481967347,AMAZONAS,4,2025-04-01
35.04,23.84234903612817,20.476912751677855,22.313099999999995,21.374548,27.83996122344561,AMAZONAS,5,2025-05-01
35.86,31.9508536797955,32.91813559322035,31.53429999999998,29.20564,38.380404964014,AMAZONAS,6,2025-06-01
22.37,23.69907817816168,23.117770897832802,22.252750000000024,21.809204,16.1295394702676,AMAZONAS,1,2024-01-01
25.04,24.562322310024133,25.981125000000013,25.0254,24.854734,25.565086272707525,AMAZONAS,2,2024-02-01
21.57,22.238769811171288,23.645666666666667,22.823449999999994,21.632246,24.751805883775834,AMAZONAS,3,2024-03-01
19.89,22.890888486788683,23.117770897832802,22.482000000000014,21.890827,23.763850703922728,AMAZONAS,4,2024-04-01
20.32,23.027112280234395,20.476912751677855,21.311300000000003,20.571272,22.96557770217687,AMAZONAS,5,2024-05-01
20.19,21.995291273151988,21.50167701863354,22.235800000000012,21.722542,22.95993569074906,AMAZONAS,6,2024-06-01
22.74,25.060718240702126,23.48,22.795499999999993,24.220879,23.49742634627565,AMAZONAS,7,2024-07-01
22.76,24.677725652002994,23.38199095022626,23.91920000000005,22.75922,24.092933246375136,AMAZONAS,8,2024-08-01
20.87,23.350833646604272,23.117770897832802,22.624700000000022,21.025696,21.805391506292455,AMAZONAS,9,2024-09-01
21.13,24.271114752519594,20.476912751677855,21.948299999999996,21.833553,20.64122847143975,AMAZONAS,10,2024-10-01
21.49,23.179266436010316,21.50167701863354,22.01239999999999,21.861546,19.275642297577498,AMAZONAS,11,2024-11-01
21.56,19.809079913840918,20.796666666666667,21.339549999999996,21.005777,20.333899229358195,AMAZONAS,12,2024-12-01
24.56,22.498596399692197,23.117770897832802,22.44635000000002,20.49934,17.93085387995317,AMAZONAS,1,2025-01-01
25.09,25.75449845826568,25.981125000000013,24.755650000000013,23.920185,27.770008000379992,AMAZONAS,2,2025-02-01
24.01,22.710064674051612,23.645666666666667,22.5775,21.228945,25.9007886987353,AMAZONAS,3,2025-03-01
23.61,24.6503686715529,23.117770897832802,23.064649999999993,21.992546,27.460534415075756,AMAZONAS,4,2025-04-01
24.31,25.940598111923613,23.117770897832802,23.079000000000004,21.904043,25.20376996167293,AMAZONAS,5,2025-05-01
23.92,25.00527835532654,23.117770897832802,23.88600000000001,22.538998,25.79596089771713,AMAZONAS,6,2025-06-01
17.4,26.205802290335697,24.923516483516487,24.70709999999999,24.470665,19.257802426414308,AMAZONAS,1,2024-01-01
17.3,22.636786753122774,18.216666666666665,23.181749999999994,23.546629,18.58463151825081,AMAZONAS,2,2024-02-01
19.35,18.744823046257487,19.699283950617307,21.3479,19.5831,25.848062790463036,AMAZONAS,3,2024-03-01
13.98,22.534741734200974,5.38,24.732599999999994,23.68271,27.653883968575748,AMAZONAS,4,2024-04-01
20.65,20.671333586256214,27.07,18.876700000000007,18.130648,22.09109492624841,AMAZONAS,5,2024-05-01
21.89,23.050677262367124,21.50167701863354,27.60859999999999,23.666351,25.295050727020485,AMAZONAS,6,2024-06-01
32.09,27.49836731989667,27.21777777777778,27.315800000000014,26.705421,27.528008553863035,AMAZONAS,7,2024-07-01
34.68,31.7598011677199,27.628103448275866,30.42549999999998,31.999102,34.61157864484482,AMAZONAS,8,2024-08-01
41.52,32.08526153516917,27.628103448275866,31.073999999999987,32.171284,34.1319425689947,AMAZONAS,9,2024-09-01
35.32,38.07143384225752,38.77277108433734,34.19624999999999,37.000214,40.83787913109498,AMAZONAS,10,2024-10-01
36.38,33.95933142687943,34.31822857142859,33.3962,32.32477,36.98906322091424,AMAZONAS,11,2024-11-01
19.55,30.75060523102802,28.690999999999995,27.1343,27.818407,27.637064273795602,AMAZONAS,12,2024-12-01
17.19,23.070446847410764,20.476912751677855,23.563650000000006,20.111908,20.021525235604386,AMAZONAS,1,2025-01-01
19.46,21.897774459881763,18.216666666666665,21.80765000000001,20.950989,18.91962785393137,AMAZONAS,2,2025-02-01
17.24,19.374038733667216,20.476912751677855,20.793750000000014,18.998486,30.867148594415756,AMAZONAS,3,2025-03-01
25.65,20.37863774469337,18.216666666666665,19.541550000000004,20.919302,32.08263133350438,AMAZONAS,4,2025-04-01
24.55,27.230749329185485,24.923516483516487,25.28014999999998,24.727148,31.677334478954702,AMAZONAS,5,2025-05-01
27.68,25.883660740272607,24.923516483516487,24.599999999999987,26.288551,30.682450197223197,AMAZONAS,6,2025-06-01
19.24,22.303014677782837,21.74028571428572,21.153400000000005,20.05741,17.22231080356678,AMAZONAS,1,2024-01-01
21.3,21.818455322065134,20.2056156156156,20.61789999999998,21.912006,23.1050794746286,AMAZONAS,2,2024-02-01
20.17,19.120457710923482,20.2056156156156,19.865099999999988,19.275145,20.12455138743722,AMAZONAS,3,2024-03-01
21.81,21.1006174004426,20.2056156156156,19.631450000000005,20.799171,21.986545079702065,AMAZONAS,4,2024-04-01
19.86,23.52390181999915,22.401666666666667,21.892500000000005,21.343042,21.90973387939856,AMAZONAS,5,2024-05-01
17.34,21.03329441433445,20.2056156156156,20.06025,20.732994,22.06807282033788,AMAZONAS,6,2024-06-01
24.55,22.957727803161873,19.699283950617307,20.97644999999999,20.980505,22.676059425668992,AMAZONAS,7,2024-07-01
28.39,24.926849226017733,23.38199095022626,22.408750000000005,22.720467,25.42314156576563,AMAZONAS,8,2024-08-01
30.12,26.125523285661885,23.38163636363637,25.340049999999987,23.956278,25.82050295644581,AMAZONAS,9,2024-09-01
29.62,29.702195904374967,27.7918947368421,25.85085,25.562162,28.034553678531104,AMAZONAS,10,2024-10-01
25.98,28.67476899372315,27.7918947368421,26.73565,26.558472,24.824782245672647,AMAZONAS,11,2024-11-01
26.54,23.12014764356825,23.507153284671535,24.3072,23.479475,20.259388457628024,AMAZONAS,12,2024-12-01
21.44,25.793077853940606,23.507153284671535,24.891150000000003,22.359303,18.786861399942904,AMAZONAS,1,2025-01-01
25.63,24.197430523544057,23.117770897832802,23.04844999999999,23.822237,26.315121364646757,AMAZONAS,2,2025-02-01
23.54,22.926842324041615,23.645666666666667,22.990499999999994,21.790676,22.977212238539256,AMAZONAS,3,2025-03-01
21.19,24.51704715120695,23.117770897832802,23.41595,23.141878,24.89862796310978,AMAZONAS,4,2025-04-01
24.06,24.51178973048952,20.476912751677855,22.86965000000001,22.087915,23.690831253959153,AMAZONAS,5,2025-05-01
18.22,24.580680564290866,23.117770897832802,24.225350000000013,23.821959,25.88274323750652,AMAZONAS,6,2025-06-01
22.23,21.523623368649957,20.2056156156156,19.022550000000003,20.87429,17.48284154448083,AMAZONAS,1,2024-01-01
28.14,23.9793868848184,23.117770897832802,23.68625000000001,23.994133,21.62082463237489,AMAZONAS,2,2024-02-01
26.73,23.793836347057066,23.645666666666667,24.04479999999999,22.593578,30.50698492028787,AMAZONAS,3,2024-03-01
22.93,26.090129073861377,25.187843551797034,24.548099999999994,23.066725,34.91506572098675,AMAZONAS,4,2024-04-01
22.17,25.785248895828154,23.117770897832802,22.746749999999984,22.532036,24.855263132378433,AMAZONAS,5,2024-05-01
18.11,23.714346635627685,23.117770897832802,22.84024999999999,23.402355,23.67250593535632,AMAZONAS,6,2024-06-01
20.46,24.533572526420343,23.87714285714286,24.37869999999997,23.944822,26.965633575829035,AMAZONAS,7,2024-07-01
22.43,23.427899503147916,21.50167701863354,24.21259999999998,23.012827,24.971623129888073,AMAZONAS,8,2024-08-01
20.87,23.04083555519543,23.38199095022626,22.204700000000013,21.274431,23.887211644295224,AMAZONAS,9,2024-09-01
20.04,24.366182984475916,21.50167701863354,23.235449999999982,22.650745,26.582839050089625,AMAZONAS,10,2024-10-01
17.51,22.797142400243516,21.50167701863354,24.146649999999976,23.640612,22.017015222653004,AMAZONAS,11,2024-11-01
24.16,17.232570998360096,18.216666666666665,18.948400000000014,19.797537,13.314653656542136,AMAZONAS,12,2024-12-01
20.71,23.74983638206785,23.38199095022626,22.302799999999998,21.727234,17.87647824661724,AMAZONAS,1,2025-01-01
21.93,23.70358695082524,21.50167701863354,24.525499999999987,24.187487,20.394680065960575,AMAZONAS,2,2025-02-01
18.69,20.77678018872075,23.671782945736442,21.728699999999993,22.768522,26.65682928495767,AMAZONAS,3,2025-03-01
21.51,21.110536691925734,19.61492248062016,20.343599999999995,20.746767,29.996155282449276,AMAZONAS,4,2025-04-01
25.24,24.052522704444854,23.38199095022626,22.129349999999985,22.031063,25.64527812131611,AMAZONAS,5,2025-05-01
23.35,24.819304591752903,25.187843551797034,24.226999999999993,23.864143,30.368726899365598,AMAZONAS,6,2025-06-01
12.63,15.50289559730226,18.216666666666665,16.05259999999998,15.04934,13.255469790981433,AMAZONAS,1,2024-01-01
11.61,15.713207860568094,13.079692307692317,14.365650000000002,13.72443,17.886847885711344,AMAZONAS,2,2024-02-01
12.6,11.424681295575308,13.079692307692317,13.881550000000018,12.0075,16.763743721185396,AMAZONAS,3,2024-03-01
11.39,14.386449106895295,13.079692307692317,14.473700000000006,13.000642,18.65072567245626,AMAZONAS,4,2024-04-01
10.87,15.082806938916171,13.079692307692317,13.79375,11.733862,18.68374578197643,AMAZONAS,5,2024-05-01
11.88,13.229610326390794,13.079692307692317,13.261050000000003,12.578856,19.58402189975613,AMAZONAS,6,2024-06-01
16.96,16.910696024111104,13.079692307692317,13.369800000000005,13.749045,22.180357935663068,AMAZONAS,7,2024-07-01
15.02,18.02773812462287,15.329062500000004,15.73674999999999,15.118737,22.181968527199256,AMAZONAS,8,2024-08-01
13.79,15.751693349061975,14.261875,15.289049999999992,12.99706,18.04646065184637,AMAZONAS,9,2024-09-01
13.77,16.65401982421305,16.501396648044697,15.054099999999991,14.4401245,19.916583829833755,AMAZONAS,10,2024-10-01
14.57,15.332370661118084,15.329062500000004,15.29639999999999,13.767636,18.020065187846935,AMAZONAS,11,2024-11-01
14.4,12.320036453189918,13.4276,15.248499999999996,14.011877,17.946148749010604,AMAZONAS,12,2024-12-01
12.46,14.879169798785489,15.329062500000004,16.226149999999993,13.710883,14.240568514302693,AMAZONAS,1,2025-01-01
17.87,15.003800959441616,13.079692307692317,13.62325,13.396112,21.068050604855415,AMAZONAS,2,2025-02-01
13.49,14.760176168226902,16.683442622950825,16.96629999999999,14.73597,20.38209705891987,AMAZONAS,3,2025-03-01
13.61,14.975426186887765,15.329062500000004,15.848699999999994,14.072336,21.241195989535857,AMAZONAS,4,2025-04-01
14.7,16.39965385430398,15.329062500000004,15.857149999999992,13.9089985,23.528193770247054,AMAZONAS,5,2025-05-01
14.01,15.721469316703926,15.329062500000004,16.47724999999999,15.052008,24.193697442280598,AMAZONAS,6,2025-06-01
57.45,47.150238875660385,49.66,39.12535000000001,28.035173,49.26975490523049,APURÍMAC,1,2024-01-01
64.8,53.71241520861953,51.39166666666667,54.985499999999995,49.024723,62.392799597131074,APURÍMAC,2,2024-02-01
37.17,56.602786702098214,47.58481481481483,51.07744999999996,49.385746,64.39061577473562,APURÍMAC,3,2024-03-01
48.55,43.75025990710887,35.77444444444445,43.65745000000002,39.08292,59.94034274440801,APURÍMAC,4,2024-04-01
54.0,50.51936035445199,54.015373134328364,49.36800000000004,50.726425,63.40009434487142,APURÍMAC,5,2024-05-01
40.0,52.03728311656474,56.51,54.52215000000001,53.86055,69.44960561610928,APURÍMAC,6,2024-06-01
72.79,47.71469862558223,45.103311688311685,47.03945000000002,47.87956,63.740962827809845,APURÍMAC,7,2024-07-01
66.48,64.82577292876796,73.265,68.71215000000002,65.993065,74.99432927206978,APURÍMAC,8,2024-08-01
68.55,61.701218400575925,74.30333333333333,64.38409999999998,63.677994,71.95679740308596,APURÍMAC,9,2024-09-01
87.4,64.63436311885427,59.15216216216214,67.06560000000005,66.58,71.69745995649967,APURÍMAC,10,2024-10-01
77.94,74.96062054958243,88.205,67.03650000000007,64.14534,74.73320190134201,APURÍMAC,11,2024-11-01
53.86,65.97362520087471,88.205,65.16805000000004,62.964893,59.349945569271604,APURÍMAC,12,2024-12-01
98.77,54.9570726607339,51.39166666666667,41.42104999999993,31.726633,40.755590990588075,APURÍMAC,1,2025-01-01
68.71,81.71566680903908,68.80833333333334,69.37045000000012,59.731342,79.80380915217671,APURÍMAC,2,2025-02-01
77.42,61.65924761167449,88.205,62.433999999999976,60.270706,70.92723991852894,APURÍMAC,3,2025-03-01
75.71,69.57194750339474,68.80833333333334,60.022000000000034,56.397434,69.68219730139297,APURÍMAC,4,2025-04-01
77.73,70.56114567759433,88.205,65.8267,58.45608,74.3344181743629,APURÍMAC,5,2025-05-01
72.22,70.1189001222857,68.80833333333334,63.945250000000016,59.61212,75.24814575312547,APURÍMAC,6,2025-06-01
40.64,33.995112422885434,46.174,34.60310000000002,25.737644,31.195557185845338,APURÍMAC,1,2024-01-01
31.89,39.20417987109454,38.77277108433734,37.199200000000005,36.63369,36.59197773536212,APURÍMAC,2,2024-02-01
25.13,32.00598812103298,33.943346613545835,31.078000000000024,33.2567,27.590554846691845,APURÍMAC,3,2024-03-01
39.69,27.03843110959581,9.38,25.800200000000014,25.250935,34.17109248011175,APURÍMAC,4,2024-04-01
33.09,37.14302439663272,35.70864583333333,35.46355000000001,32.85376,34.453030218839295,APURÍMAC,5,2024-05-01
27.98,32.86067172268063,32.91813559322035,34.48910000000001,31.601997,31.1878061972123,APURÍMAC,6,2024-06-01
37.47,32.93277694286789,31.044999999999998,33.62574999999998,30.129694,26.896349537740956,APURÍMAC,7,2024-07-01
29.95,36.288636268470974,35.70864583333333,34.31089999999999,34.207554,35.90682237299794,APURÍMAC,8,2024-08-01
28.17,30.787579303997024,31.799252873563212,32.34594999999999,32.072636,29.916573648410438,APURÍMAC,9,2024-09-01
28.97,31.966678400206632,31.044999999999998,32.089349999999975,28.545904,28.915431267383596,APURÍMAC,10,2024-10-01
34.68,30.741639445367007,29.511394230769238,31.372099999999996,29.337095,27.835181768629976,APURÍMAC,11,2024-11-01
27.16,30.67584964952814,34.942941176470576,33.02720000000001,30.80014,33.64368790712282,APURÍMAC,12,2024-12-01
27.36,29.50068721438558,28.815632183908047,29.23629999999998,22.679907,27.06195771638482,APURÍMAC,1,2025-01-01
24.47,29.925987678438545,28.606138613861408,28.411400000000004,28.201395,33.82789891520855,APURÍMAC,2,2025-02-01
24.48,24.183967456987475,27.089795918367347,24.25604999999999,24.542513,28.776946125447846,APURÍMAC,3,2025-03-01
27.16,27.28322706855102,21.8975,27.505650000000006,25.586435,28.003989159197232,APURÍMAC,4,2025-04-01
26.27,29.879762370413417,28.197034482758596,27.04494999999999,27.267916,27.801450320547673,APURÍMAC,5,2025-05-01
27.44,27.84939180105528,28.197034482758596,25.7029,26.238562,27.644968821691556,APURÍMAC,6,2025-06-01
32.17,33.76245076771823,35.70864583333333,31.770999999999976,30.400734,32.38425983595902,APURÍMAC,1,2024-01-01
37.86,33.37492036294573,33.943346613545835,32.419599999999974,33.236668,33.751100149267266,APURÍMAC,2,2024-02-01
29.5,33.01340999073981,30.948823529411772,33.21355,32.73484,35.62194750961651,APURÍMAC,3,2024-03-01
36.6,30.891296831303954,31.799252873563212,31.8237,30.382399,37.10134938430309,APURÍMAC,4,2024-04-01
32.93,36.48578291443188,34.942941176470576,36.29355000000001,33.172344,35.8713342765275,APURÍMAC,5,2024-05-01
32.87,32.8285805542337,31.799252873563212,33.973000000000006,32.26036,34.4312935418703,APURÍMAC,6,2024-06-01
34.92,36.07235529151146,31.799252873563212,34.508399999999966,34.795097,34.361083117761325,APURÍMAC,7,2024-07-01
44.06,35.06418936208216,34.942941176470576,33.987499999999976,33.684765,37.59859800599679,APURÍMAC,8,2024-08-01
39.81,39.51736031805736,38.77277108433734,36.698,37.401917,42.14858602213016,APURÍMAC,9,2024-09-01
25.45,39.7106928234156,37.52732673267327,36.756100000000025,37.933502,39.216519103881474,APURÍMAC,10,2024-10-01
34.57,29.832047486994508,31.044999999999998,30.522499999999994,28.029142,33.97990125171045,APURÍMAC,11,2024-11-01
33.59,30.937025365750067,34.942941176470576,34.81879999999999,30.637463,33.35121915918329,APURÍMAC,12,2024-12-01
40.04,32.96960743639799,31.799252873563212,31.725450000000006,28.229439,31.540634350515223,APURÍMAC,1,2025-01-01
39.42,38.621733679139375,37.52732673267327,36.86699999999999,37.23102,35.68063399424196,APURÍMAC,2,2025-02-01
38.53,34.83490117590013,33.992000000000004,34.79174999999999,33.663616,37.56185982404617,APURÍMAC,3,2025-03-01
38.22,37.455230502313846,37.52732673267327,37.14535000000001,36.67255,40.24858844431628,APURÍMAC,4,2025-04-01
41.11,38.52973223777295,37.52732673267327,35.446800000000025,35.927338,38.8909421367156,APURÍMAC,5,2025-05-01
36.33,38.967592324537684,35.15,38.595200000000006,36.098194,39.931753242362255,APURÍMAC,6,2025-06-01
30.24,22.05407091581809,22.838387096774195,30.170749999999956,15.557311,31.33951976685425,APURÍMAC,1,2024-01-01
31.99,29.382104559073476,30.96362244897958,31.884550000000008,28.7492,41.424734729158615,APURÍMAC,2,2024-02-01
37.9,28.585286223891657,31.799252873563212,33.930950000000024,31.749296,37.98725145122122,APURÍMAC,3,2024-03-01
30.97,35.655176669749956,35.446141732283465,36.499700000000026,34.74007,42.07337328442571,APURÍMAC,4,2024-04-01
32.53,33.6341035799768,31.799252873563212,34.186299999999996,31.859396,41.22664905176095,APURÍMAC,5,2024-05-01
27.08,33.215513596795134,33.943346613545835,34.2318,31.78712,40.549193280500496,APURÍMAC,6,2024-06-01
30.24,32.72634503490226,33.07772727272728,34.28989999999998,36.339493,38.677942002583045,APURÍMAC,7,2024-07-01
38.17,32.3604380943883,30.96362244897958,33.772949999999994,32.7522,39.522103503995275,APURÍMAC,8,2024-08-01
34.72,35.57696988668148,35.70864583333333,37.06990000000002,33.64181,43.09195947230295,APURÍMAC,9,2024-09-01
47.58,36.239517056131525,49.318,36.079699999999995,34.63265,40.28937248052382,APURÍMAC,10,2024-10-01
41.81,42.046103073565604,29.59235294117647,38.58130000000001,36.496166,46.5719139418239,APURÍMAC,11,2024-11-01
15.32,35.55739709754176,27.646666666666665,30.655799999999996,27.327446,36.05778045414159,APURÍMAC,12,2024-12-01
23.52,23.188152908489897,2.24,17.9057,11.274695,24.250554489408685,APURÍMAC,1,2025-01-01
19.2,27.401519082602906,28.606138613861408,30.321199999999987,27.272154,30.26747035891278,APURÍMAC,2,2025-02-01
25.94,21.469666445412994,50.46,24.633299999999974,23.08557,30.05644379213271,APURÍMAC,3,2025-03-01
28.06,27.332668391315714,27.089795918367347,25.32904999999999,26.65668,39.16740977766485,APURÍMAC,4,2025-04-01
30.78,30.456916179432866,28.197034482758596,27.350349999999995,29.034203,36.873101449509306,APURÍMAC,5,2025-05-01
33.19,30.725657406453216,30.96362244897958,32.08685000000002,28.554369,40.624126102642094,APURÍMAC,6,2025-06-01
20.03,16.515640353087313,23.715,21.382500000000018,12.839613,11.555763090073379,APURÍMAC,1,2024-01-01
52.72,21.38304838954917,14.646,20.683349999999997,20.608248,20.48818825243438,APURÍMAC,2,2024-02-01
43.62,38.121029287533204,24.91,34.18764999999999,31.072104,46.304874600320666,APURÍMAC,3,2024-03-01
45.97,38.460090443531804,43.66523076923077,43.261100000000006,34.395657,41.2858060513608,APURÍMAC,4,2024-04-01
42.66,41.79054690330533,41.90842592592594,41.42255000000004,33.604717,48.15621544676542,APURÍMAC,5,2024-05-01
41.24,38.711059789430585,42.71454545454546,43.40430000000002,32.626984,46.393248111808866,APURÍMAC,6,2024-06-01
43.48,41.13050183434899,42.71454545454546,42.492449999999984,33.24266,42.344500218391055,APURÍMAC,7,2024-07-01
43.86,42.2776152424806,45.3602857142857,44.89750000000003,41.256332,42.020083306605535,APURÍMAC,8,2024-08-01
37.49,41.00956099280683,44.80119402985073,45.261949999999985,45.4998,38.044875022541625,APURÍMAC,9,2024-09-01
37.62,39.531032335975695,37.65875,41.71149999999999,39.555405,34.55582752224564,APURÍMAC,10,2024-10-01
73.46,36.32561236509106,37.52732673267327,37.69685000000001,37.02923,33.55824585863612,APURÍMAC,11,2024-11-01
38.21,53.94073616323695,63.502799999999986,46.08319999999997,45.440136,60.629212841692286,APURÍMAC,12,2024-12-01
35.74,39.25122701205672,32.1075,40.581550000000036,23.658962,35.106605222157306,APURÍMAC,1,2025-01-01
41.09,39.60374943441702,37.15,38.89505,37.480614,26.69388650205097,APURÍMAC,2,2025-02-01
35.32,37.641800685202405,42.21093750000001,39.83550000000001,35.56115,38.00069651061393,APURÍMAC,3,2025-03-01
37.14,37.08523756856125,37.15,37.31580000000001,36.550915,33.79366597427197,APURÍMAC,4,2025-04-01
39.17,39.10770221267119,39.78538461538461,40.16444999999998,35.374992,40.39138314138766,APURÍMAC,5,2025-05-01
47.97,38.82774688402328,53.17666666666667,42.31604999999999,35.190117,41.662701960389036,APURÍMAC,6,2025-06-01
21.5,21.449698857385705,34.835,24.695599999999995,16.52351,24.190174860706232,APURÍMAC,1,2024-01-01
22.76,22.70850439633533,23.117770897832802,23.681650000000012,23.593199,19.048049909790734,APURÍMAC,2,2024-02-01
23.07,20.118808633426696,20.58934426229508,21.545199999999994,20.517448,21.103854986101037,APURÍMAC,3,2024-03-01
25.03,23.35295995845216,23.117770897832802,22.827800000000003,22.319054,23.593855286562135,APURÍMAC,4,2024-04-01
26.47,25.83594705806214,25.187843551797034,24.770650000000018,23.71022,28.35725360805988,APURÍMAC,5,2024-05-01
28.35,25.989800491250822,25.187843551797034,25.252500000000012,24.137781,27.42750480644744,APURÍMAC,6,2024-06-01
30.91,30.43787658352858,28.20612612612612,29.11164999999999,27.809282,27.642623533341357,APURÍMAC,7,2024-07-01
31.23,30.658285568517556,31.30887640449439,29.740600000000025,29.019783,28.966806626483116,APURÍMAC,8,2024-08-01
27.67,29.53938567616181,27.7918947368421,29.155450000000002,29.03661,28.99426173739276,APURÍMAC,9,2024-09-01
26.18,29.777615375299757,26.209496124031,28.140150000000002,27.477781,25.73857466049977,APURÍMAC,10,2024-10-01
25.37,27.40796053903251,25.187843551797034,26.12645,26.006704,23.729141614033356,APURÍMAC,11,2024-11-01
21.68,22.922500248352176,23.507153284671535,24.047950000000014,23.178572,23.53324587277523,APURÍMAC,12,2024-12-01
21.63,23.363582816544874,23.117770897832802,25.7956,20.645098,22.172341447448655,APURÍMAC,1,2025-01-01
24.58,24.44357699387598,23.117770897832802,26.9467,23.37998,19.44204864479481,APURÍMAC,2,2025-02-01
22.57,22.70308056215996,20.58934426229508,24.73125,22.511358,21.749083279148113,APURÍMAC,3,2025-03-01
23.22,24.339331923010274,23.671782945736442,26.150549999999996,22.75089,23.960603181566885,APURÍMAC,4,2025-04-01
21.68,26.21222234566217,23.671782945736442,25.926799999999993,24.894232,27.45668494545646,APURÍMAC,5,2025-05-01
23.87,24.011283639178068,23.671782945736442,26.16559999999999,23.454569,24.702596227013203,APURÍMAC,6,2025-06-01
37.51,27.81111549439501,27.7918947368421,25.628150000000016,16.553617,32.143486913838615,APURÍMAC,1,2024-01-01
37.8,34.63729419512139,35.70864583333333,34.64054999999998,32.682102,42.1927411355499,APURÍMAC,2,2024-02-01
36.15,33.57810444586805,30.948823529411772,32.899899999999974,33.390816,38.15225959202643,APURÍMAC,3,2024-03-01
46.16,34.8249510757377,32.91813559322035,34.67300000000002,32.891,40.45126632643083,APURÍMAC,4,2024-04-01
43.55,41.96105907000269,38.77277108433734,41.593399999999995,35.496655,48.66479988464828,APURÍMAC,5,2024-05-01
45.41,40.278954641799196,35.43391304347826,41.43834999999999,40.309578,47.489923054898526,APURÍMAC,6,2024-06-01
40.3,44.91843670374623,44.80119402985073,45.663250000000005,43.999187,55.88216361213047,APURÍMAC,7,2024-07-01
43.91,39.87816212278785,36.26,40.04215,37.52003,50.885321338072245,APURÍMAC,8,2024-08-01
43.24,40.81368891697933,44.80119402985073,44.87604999999999,43.15476,51.284615633980394,APURÍMAC,9,2024-09-01
50.11,42.60585257220224,40.94352941176472,43.30630000000002,40.158188,48.74280111343336,APURÍMAC,10,2024-10-01
45.69,45.7779802093273,39.30756097560977,41.347250000000024,36.54376,50.792649689669695,APURÍMAC,11,2024-11-01
37.28,40.278385468440966,35.43391304347826,37.700349999999986,31.216063,38.16173122538703,APURÍMAC,12,2024-12-01
42.48,38.48904262325347,40.94352941176472,39.901099999999964,27.352392,31.15836150611887,APURÍMAC,1,2025-01-01
38.54,42.26135334794415,40.94352941176472,43.89545000000007,41.93651,43.680068869971535,APURÍMAC,2,2025-02-01
46.18,36.59465490155412,36.61818181818182,37.751799999999996,37.35283,44.934630058712074,APURÍMAC,3,2025-03-01
54.83,44.2082646643768,44.35875,43.9604,41.5969,47.0102853422461,APURÍMAC,4,2025-04-01
54.84,51.24252297242036,38.13,46.746799999999986,46.700985,51.4922173159252,APURÍMAC,5,2025-05-01
51.22,50.95788207164361,38.13,48.147450000000006,47.77944,52.838033040651744,APURÍMAC,6,2025-06-01
44.56,37.320357697781695,56.84,36.724399999999974,22.357553,41.17958782982648,APURÍMAC,1,2024-01-01
35.6,43.6999598448076,41.90842592592594,45.22230000000001,40.86333,59.416240430764795,APURÍMAC,2,2024-02-01
31.75,36.369434958286014,31.438,39.99815000000001,35.188152,57.23637543855857,APURÍMAC,3,2024-03-01
39.06,36.60986230259224,39.54423076923076,38.70215000000005,33.47732,57.21627455465641,APURÍMAC,4,2024-04-01
29.33,43.005690897195194,53.17666666666667,43.130149999999965,40.618954,60.537945355723686,APURÍMAC,5,2024-05-01
34.69,35.23377589368318,35.884848484848476,34.9475,33.760082,55.37663754553163,APURÍMAC,6,2024-06-01
26.71,40.22104819274319,34.942941176470576,36.13955000000001,39.56148,68.83498603362933,APURÍMAC,7,2024-07-01
31.45,35.25982610169452,33.07772727272728,32.983450000000005,33.20545,48.23962830326587,APURÍMAC,8,2024-08-01
32.81,34.73146735002088,33.943346613545835,32.76320000000001,33.774612,52.53325861175143,APURÍMAC,9,2024-09-01
32.96,37.433877320365525,33.943346613545835,35.5471,37.88292,55.17946733996916,APURÍMAC,10,2024-10-01
27.4,36.989441226936485,33.943346613545835,34.92435000000002,37.559174,55.183906106716435,APURÍMAC,11,2024-11-01
25.5,29.30402455775388,28.815632183908047,30.601750000000003,27.440325,38.53277698112601,APURÍMAC,12,2024-12-01
26.01,30.79113373734254,28.815632183908047,30.36860000000001,21.231928,31.19088430713793,APURÍMAC,1,2025-01-01
32.7,31.40551371620362,28.815632183908047,31.371700000000022,29.56602,35.75725948470787,APURÍMAC,2,2025-02-01
36.49,31.65498520012586,25.807666666666663,30.61499999999999,31.750782,52.20278874336011,APURÍMAC,3,2025-03-01
27.71,37.306426223537564,32.91813559322035,35.401950000000014,33.124115,58.00780031127502,APURÍMAC,4,2025-04-01
20.67,33.41062037146321,28.197034482758596,29.70280000000001,29.695642,53.89040874278338,APURÍMAC,5,2025-05-01
32.4,27.634657307415342,50.46,29.075699999999987,24.507187,47.78792825376802,APURÍMAC,6,2025-06-01
19.27,19.253998762709273,17.63838235294118,17.52629999999999,15.850033,20.986016128914695,APURÍMAC,1,2024-01-01
19.82,21.03833891488453,20.2056156156156,19.109649999999977,19.657152,18.622123001157522,APURÍMAC,2,2024-02-01
18.26,18.143438811204412,20.2056156156156,17.954399999999985,21.385391,19.063257425241243,APURÍMAC,3,2024-03-01
18.28,19.890458274830273,17.63838235294118,18.0419,19.656622,23.955598997625625,APURÍMAC,4,2024-04-01
17.09,21.316542392610586,17.63838235294118,18.477200000000003,19.723698,21.28969603428445,APURÍMAC,5,2024-05-01
18.03,19.31998403183671,18.216666666666665,19.93075,18.122486,20.596255410598758,APURÍMAC,6,2024-06-01
20.42,23.006458090079178,17.63838235294118,19.713500000000007,19.894379,21.670757511852912,APURÍMAC,7,2024-07-01
20.04,22.36222924157159,20.2056156156156,19.882999999999978,19.943298,21.207611497715586,APURÍMAC,8,2024-08-01
19.98,21.109338913609562,20.2056156156156,19.54479999999998,19.792849,19.386742448494836,APURÍMAC,9,2024-09-01
18.32,23.084951308573764,20.2056156156156,19.776249999999983,19.430056,21.022935877699183,APURÍMAC,10,2024-10-01
20.09,20.95297116246948,17.63838235294118,18.112849999999998,19.13681,17.584661799235484,APURÍMAC,11,2024-11-01
18.84,18.240401785095145,17.433103448275855,17.805750000000018,17.81033,17.41970993177578,APURÍMAC,12,2024-12-01
17.41,20.35626068222247,31.543333333333333,18.515699999999995,18.504112,22.26912286685121,APURÍMAC,1,2025-01-01
18.07,20.79043613310695,18.216666666666665,18.292349999999992,19.962593,16.227132284324274,APURÍMAC,2,2025-02-01
18.05,17.530341207543284,17.63838235294118,18.63339999999998,21.742188,18.68966636398801,APURÍMAC,3,2025-03-01
17.87,20.04892943938809,17.63838235294118,19.358999999999995,19.346474,25.986608296574754,APURÍMAC,4,2025-04-01
17.17,21.390430412300937,17.63838235294118,19.22545,20.273693,22.19616641773314,APURÍMAC,5,2025-05-01
17.82,19.695149010166702,18.216666666666665,19.795099999999998,19.815264,21.947130693075508,APURÍMAC,6,2025-06-01
16.69,23.886505781409788,23.507153284671535,25.23325,22.117176,16.055811480367705,AREQUIPA,1,2024-01-01
19.63,19.47888062057017,18.216666666666665,18.60020000000001,21.196953,24.421244688421364,AREQUIPA,2,2024-02-01
24.33,17.71841359765525,19.000555555555554,22.378000000000007,22.38547,26.760999793764324,AREQUIPA,3,2024-03-01
40.55,23.697733246803576,24.23083333333333,25.756849999999982,26.43332,33.74004295860923,AREQUIPA,4,2024-04-01
45.34,35.29832141073101,32.50506666666668,31.71340000000002,32.826153,41.01715791224703,AREQUIPA,5,2024-05-01
33.29,37.89105786946881,43.66523076923077,36.20145000000003,35.407047,45.55065454590048,AREQUIPA,6,2024-06-01
48.52,35.85808749050158,34.31822857142859,35.1103,43.108788,46.019376584849,AREQUIPA,7,2024-07-01
52.76,42.108735914958686,47.97142857142857,45.39640000000004,43.567505,49.00259627548951,AREQUIPA,8,2024-08-01
45.17,43.70763191096313,34.474999999999994,44.690000000000026,44.07273,45.028158374719695,AREQUIPA,9,2024-09-01
43.73,42.506981940976495,44.80119402985073,42.70165000000001,40.770992,45.876086366502975,AREQUIPA,10,2024-10-01
29.83,39.62793951942764,39.30756097560977,36.398750000000014,38.072605,42.28623502008044,AREQUIPA,11,2024-11-01
24.35,27.901299047202343,31.799252873563212,25.884349999999976,26.518152,20.313493244837886,AREQUIPA,12,2024-12-01
28.54,25.939081442329417,24.58302631578947,24.14555000000002,25.123093,20.635044852862062,AREQUIPA,1,2025-01-01
23.54,29.311772338337587,31.799252873563212,29.837699999999987,35.195194,33.028576207186156,AREQUIPA,2,2025-02-01
23.89,23.381729223657224,24.58302631578947,25.23545000000001,30.43459,29.58641728551171,AREQUIPA,3,2025-03-01
38.37,26.73004023823601,33.85333333333333,33.635499999999965,36.46031,36.07557120434261,AREQUIPA,4,2025-04-01
46.72,36.838348285656345,23.71,35.62060000000001,44.04671,38.40910168872192,AREQUIPA,5,2025-05-01
37.97,40.763641173138055,40.4123484848485,41.26870000000002,37.20903,45.1990927719442,AREQUIPA,6,2025-06-01
3.4,8.036928377458125,5.680196078431371,5.66385,3.801862,7.072751950663919,AREQUIPA,1,2024-01-01
6.39,6.4804363017479325,5.18894230769231,9.336499999999997,6.5684834,8.220965890637476,AREQUIPA,2,2024-02-01
2.89,4.224155203462182,5.680196078431371,5.285099999999999,5.5509853,7.282855389039964,AREQUIPA,3,2024-03-01
3.51,4.886963295728581,3.46943661971831,5.276550000000001,8.944005,4.38776541174396,AREQUIPA,4,2024-04-01
3.74,6.569776789414327,5.18894230769231,6.413249999999998,10.780972,4.321412700277913,AREQUIPA,5,2024-05-01
7.89,5.468182416612898,5.18894230769231,6.778300000000001,5.736672,4.7006448913542815,AREQUIPA,6,2024-06-01
9.17,11.111524513126412,5.680196078431371,5.587649999999999,8.1095705,6.772202178049499,AREQUIPA,7,2024-07-01
3.23,10.340509669496456,5.680196078431371,6.943700000000004,7.813581,5.62734885969294,AREQUIPA,8,2024-08-01
4.74,5.580770700111486,5.18894230769231,7.929099999999998,7.591723,0.7283589795086909,AREQUIPA,9,2024-09-01
3.57,8.130668530930667,5.18894230769231,5.698650000000003,6.3221836,6.561913086714364,AREQUIPA,10,2024-10-01
4.39,6.116524876927915,5.18894230769231,6.39075,4.931856,4.774136537321005,AREQUIPA,11,2024-11-01
1.7,3.3059848309568878,32.26,12.121400000000017,5.4662423,4.121125917573408,AREQUIPA,12,2024-12-01
3.4,4.057662147776394,3.46943661971831,4.493400000000004,4.611635,6.959491695788087,AREQUIPA,1,2025-01-01
4.14,6.36120991184222,5.18894230769231,6.962700000000002,6.3118067,9.782406154408589,AREQUIPA,2,2025-02-01
2.21,3.209690428162123,5.18894230769231,5.423599999999999,5.2606044,8.540971517985707,AREQUIPA,3,2025-03-01
5.44,4.7171014880224575,3.46943661971831,4.736850000000002,5.099525,7.173105747501607,AREQUIPA,4,2025-04-01
3.74,8.040716447207242,5.18894230769231,5.323749999999998,5.5301323,6.233887667923421,AREQUIPA,5,2025-05-01
3.86,6.104646049356042,5.18894230769231,9.191250000000004,5.4981427,5.395966394418953,AREQUIPA,6,2025-06-01
35.31,38.36754321580493,65.37,39.77954999999999,31.290854,31.57718527215989,AREQUIPA,1,2024-01-01
23.31,36.9767565175451,49.91,40.84524999999999,36.831707,37.739222935753524,AREQUIPA,2,2024-02-01
26.15,26.476649995536768,24.58302631578947,24.962850000000003,28.548302,39.640688448433934,AREQUIPA,3,2024-03-01
44.56,30.543926135102318,24.58302631578947,27.022899999999996,29.413754,41.15282431550881,AREQUIPA,4,2024-04-01
55.18,42.317787341964895,44.286249999999995,41.14585,43.211018,48.17586167544673,AREQUIPA,5,2024-05-01
52.63,51.05481468546904,63.13,55.65195000000003,52.046284,55.617401287027214,AREQUIPA,6,2024-06-01
49.92,54.03459424626054,56.51,57.801850000000016,54.935917,55.59451690193422,AREQUIPA,7,2024-07-01
7.57,11.20575900358866,8.611428571428572,9.923150000000003,7.3552003,3.200588438943064,AREQUIPA,1,2024-01-01
23.91,10.741869714644785,5.777343749999999,9.843249999999994,7.9298058,8.100137981705164,AREQUIPA,2,2024-02-01
19.07,17.31479871794579,18.363599999999995,15.124349999999986,12.694609,17.157957933276307,AREQUIPA,3,2024-03-01
23.48,18.795075113990958,20.2056156156156,18.872700000000005,18.044796,24.017390696433772,AREQUIPA,4,2024-04-01
28.47,22.542328690194303,20.346666666666668,22.407049999999995,20.543756,18.856205188010623,AREQUIPA,5,2024-05-01
15.22,24.516436235136894,28.20612612612612,28.421100000000006,19.781055,19.256869309227927,AREQUIPA,6,2024-06-01
26.09,21.351714476161632,19.699283950617307,16.654800000000016,23.371302,29.790847815848277,AREQUIPA,7,2024-07-01
40.95,25.057334426024433,25.187843551797034,25.814899999999998,25.586546,31.975955768289214,AREQUIPA,8,2024-08-01
34.06,32.33234443763696,35.70864583333333,29.4171,25.22362,31.39550033020193,AREQUIPA,9,2024-09-01
42.64,32.9059888303398,49.318,37.53039999999999,30.602451,35.694148749360416,AREQUIPA,10,2024-10-01
19.86,36.03082612804729,29.59235294117647,36.96265000000002,34.628048,33.25727432352697,AREQUIPA,11,2024-11-01
12.48,19.233548416639533,19.000555555555554,24.172600000000006,16.588112,18.253393502149056,AREQUIPA,12,2024-12-01
7.43,16.28891540145684,11.614084507042252,16.418949999999995,13.286074,3.8450831640638565,AREQUIPA,1,2025-01-01
10.71,14.43599409219571,11.540107526881721,14.717849999999991,13.497472,9.024212221472856,AREQUIPA,2,2025-02-01
11.64,11.986744137766642,11.614084507042252,15.395249999999999,13.115555,12.095461944736428,AREQUIPA,3,2025-03-01
34.78,15.276091802700055,11.614084507042252,15.326650000000003,17.33095,20.81905670249824,AREQUIPA,4,2025-04-01
32.4,30.902705629067682,25.306538461538455,33.940649999999984,27.935583,28.225776055528737,AREQUIPA,5,2025-05-01
23.77,29.099430283755286,28.690999999999995,33.476049999999994,23.497478,23.908632077198035,AREQUIPA,6,2025-06-01
28.51,22.91916369577382,20.476912751677855,25.126150000000006,19.662714,23.38080511655699,AREQUIPA,1,2024-01-01
29.32,28.43777251080351,27.7918947368421,28.417649999999995,29.336502,30.825098142910054,AREQUIPA,2,2024-02-01
27.14,25.53681239517289,27.7918947368421,26.717300000000023,25.240839,31.824029689550674,AREQUIPA,3,2024-03-01
28.48,27.317735640692263,24.23083333333333,27.142799999999994,27.612175,29.39830928392683,AREQUIPA,4,2024-04-01
27.22,29.520929223912805,28.20612612612612,28.052600000000012,28.108728,33.520917849173244,AREQUIPA,5,2024-05-01
30.47,27.385416285943556,28.197034482758596,27.20559999999999,26.965874,31.338602841819302,AREQUIPA,6,2024-06-01
26.52,32.86428501414446,28.069677419354843,29.884349999999994,31.021576,29.664505872079285,AREQUIPA,7,2024-07-01
26.64,28.427184449179215,28.197034482758596,27.037950000000006,27.69788,31.426746356164635,AREQUIPA,8,2024-08-01
26.51,27.174058226476284,28.197034482758596,27.546800000000008,27.355879,31.08461060242616,AREQUIPA,9,2024-09-01
26.76,28.964682177136403,28.197034482758596,26.860600000000012,28.25381,28.520376336159256,AREQUIPA,10,2024-10-01
20.82,27.946027868956822,28.197034482758596,27.240450000000013,28.239027,29.239091234503533,AREQUIPA,11,2024-11-01
19.06,20.38538162198092,20.476912751677855,25.678649999999994,20.909292,27.739326994066168,AREQUIPA,12,2024-12-01
26.33,22.03922511640685,25.18049180327869,25.960899999999985,19.840721,26.601068764874196,AREQUIPA,1,2025-01-01
24.88,27.35592486736523,25.187843551797034,26.36874999999999,27.560738,33.07198741172352,AREQUIPA,2,2025-02-01
23.2,23.35305880486405,23.645666666666667,23.617399999999996,24.725033,29.04807260360212,AREQUIPA,3,2025-03-01
17.91,24.991726089937043,23.671782945736442,27.284800000000008,25.38459,28.005706333173816,AREQUIPA,4,2025-04-01
20.29,23.031792134759282,21.50167701863354,25.15659999999999,22.273886,28.67545226820315,AREQUIPA,5,2025-05-01
17.16,22.78536631229484,21.50167701863354,25.363699999999994,25.02517,27.754328577065966,AREQUIPA,6,2025-06-01
29.94,29.537882058651082,30.96362244897958,29.313599999999997,26.410412,25.27876960467962,AREQUIPA,1,2024-01-01
31.95,30.839883963986527,30.96362244897958,29.452250000000017,29.185854,30.048305759454497,AREQUIPA,2,2024-02-01
27.81,28.45991246239216,29.625692307692297,28.200200000000017,28.593674,27.918908931043706,AREQUIPA,3,2024-03-01
28.77,28.712428666341903,27.089795918367347,27.891949999999973,27.593979,29.888134477219328,AREQUIPA,4,2024-04-01
29.19,30.516630800899215,29.511394230769238,28.17649999999999,27.568394,32.06570461702889,AREQUIPA,5,2024-05-01
30.32,29.53357216739943,29.511394230769238,28.817750000000014,28.736542,30.76099193844669,AREQUIPA,6,2024-06-01
32.04,33.531937171480166,30.96362244897958,30.245250000000006,31.100643,29.709558282903497,AREQUIPA,7,2024-07-01
33.98,32.54854421951959,34.31822857142859,30.813500000000012,31.562187,34.68016287279907,AREQUIPA,8,2024-08-01
32.05,32.66111935933542,34.31822857142859,32.54025,32.849514,34.39820123849499,AREQUIPA,9,2024-09-01
33.39,33.64878130089842,34.31822857142859,31.11575,31.71732,31.390279410487743,AREQUIPA,10,2024-10-01
33.86,33.30764835587841,34.31822857142859,32.241250000000015,32.647507,29.95965666368268,AREQUIPA,11,2024-11-01
31.81,30.031949669469657,29.625692307692297,28.826650000000015,28.55425,26.420589771308784,AREQUIPA,12,2024-12-01
34.02,31.58501548884313,24.47,28.437650000000012,25.280285,27.300291185423507,AREQUIPA,1,2025-01-01
36.54,34.22388555514867,35.60454545454546,33.35530000000002,32.317837,32.00277900801447,AREQUIPA,2,2025-02-01
32.74,32.231294120084826,29.625692307692297,31.874149999999997,29.91534,31.66055385810893,AREQUIPA,3,2025-03-01
34.8,32.87199024584576,32.91813559322035,31.82285,32.241657,34.42462159797517,AREQUIPA,4,2025-04-01
34.97,35.49717387032147,34.942941176470576,33.66239999999999,32.88444,36.94634759250624,AREQUIPA,5,2025-05-01
34.11,34.45448518253617,34.942941176470576,33.814649999999986,32.89051,37.133509518776265,AREQUIPA,6,2025-06-01
27.6,22.78386485643646,22.838387096774195,25.162650000000014,19.863482,27.24087600650191,AREQUIPA,1,2024-01-01
26.04,27.617845626899662,28.197034482758596,27.82765000000002,28.91792,33.769388117712005,AREQUIPA,2,2024-02-01
29.69,24.110440539050977,24.23083333333333,24.25915000000001,24.164263,28.528748861666173,AREQUIPA,3,2024-03-01
28.94,29.149504584946776,30.96362244897958,28.701000000000008,29.38266,33.72004031593311,AREQUIPA,4,2024-04-01
35.93,30.40917369312808,29.511394230769238,28.360800000000005,28.592283,31.961200256067283,AREQUIPA,5,2024-05-01
33.69,33.41430416040527,32.91813559322035,33.8402,30.00415,35.878016365330716,AREQUIPA,6,2024-06-01
42.56,36.28073160575075,34.31822857142859,33.99005000000002,35.651623,35.417450148662105,AREQUIPA,7,2024-07-01
42.09,39.691508448199926,38.77277108433734,36.95130000000004,38.355072,42.22997485133428,AREQUIPA,8,2024-08-01
37.13,39.15554351912496,38.77277108433734,37.74295000000002,39.484573,40.26003632096824,AREQUIPA,9,2024-09-01
35.5,38.06329646203267,40.94352941176472,36.05430000000002,37.390606,39.25777667309824,AREQUIPA,10,2024-10-01
30.8,35.41482507409248,34.31822857142859,34.76235000000002,31.864664,36.46129506628436,AREQUIPA,11,2024-11-01
20.51,28.383000012567717,28.345000000000006,25.585650000000005,25.346193,27.01568046290451,AREQUIPA,12,2024-12-01
23.43,25.05394197049997,21.988695652173917,27.79754999999997,20.953447,29.533307825818408,AREQUIPA,1,2025-01-01
22.87,27.149010923899944,24.58302631578947,26.420350000000003,26.95315,25.89360073718836,AREQUIPA,2,2025-02-01
26.07,23.489706459745868,24.58302631578947,25.997349999999994,24.912462,27.963376355798975,AREQUIPA,3,2025-03-01
35.53,27.839989979812344,24.58302631578947,26.932750000000002,27.620695,32.21276722880524,AREQUIPA,4,2025-04-01
35.89,35.54288460524953,32.91813559322035,36.13420000000002,32.893112,33.95551151797789,AREQUIPA,5,2025-05-01
34.09,35.01828919691971,32.91813559322035,33.815950000000015,31.319756,34.1995569302019,AREQUIPA,6,2025-06-01
28.44,34.58268757555364,42.71454545454546,38.024849999999994,22.871384,31.823771640385065,AREQUIPA,1,2024-01-01
31.39,29.43082992884719,31.799252873563212,30.39855000000003,30.698313,39.55592273940025,AREQUIPA,2,2024-02-01
26.94,27.064610509149578,31.799252873563212,31.90110000000002,31.182478,35.46301688258476,AREQUIPA,3,2024-03-01
26.3,27.01923379915524,24.58302631578947,29.31690000000001,28.03612,32.60987678304223,AREQUIPA,4,2024-04-01
28.38,28.181378815765374,24.58302631578947,28.252349999999996,29.040682,36.18205997060135,AREQUIPA,5,2024-05-01
29.67,28.04003157688863,31.799252873563212,32.513949999999994,29.53398,37.39514833403315,AREQUIPA,6,2024-06-01
27.32,33.90057723971417,33.943346613545835,29.080900000000007,34.634274,33.41167200590485,AREQUIPA,7,2024-07-01
24.98,30.77670994013495,31.044999999999998,29.168799999999997,32.373867,33.49771357900704,AREQUIPA,8,2024-08-01
25.87,27.988368783859112,31.044999999999998,29.439100000000025,31.524584,27.68075351163811,AREQUIPA,9,2024-09-01
26.16,29.910009496667953,31.044999999999998,28.862850000000027,30.927479,34.3022840797516,AREQUIPA,10,2024-10-01
24.98,28.111648890757397,26.875373134328353,24.570900000000005,31.014574,30.79453541572141,AREQUIPA,11,2024-11-01
36.17,22.919190047772233,26.875373134328353,26.189850000000007,26.982252,29.074841491988277,AREQUIPA,12,2024-12-01
13.7,31.55363174621672,28.690999999999995,29.753699999999995,27.721403,28.25213842405584,AREQUIPA,1,2025-01-01
13.75,20.41878074131105,15.435714285714285,16.480449999999998,16.970013,20.883549021645273,AREQUIPA,2,2025-02-01
15.54,15.343684148776884,15.66720279720279,17.659749999999985,18.149712,14.95213999731775,AREQUIPA,3,2025-03-01
16.18,18.223209728771824,19.699283950617307,21.245999999999995,19.519777,17.215020309403478,AREQUIPA,4,2025-04-01
15.13,20.188216938825214,19.699283950617307,22.895549999999993,20.586414,22.634957292430666,AREQUIPA,5,2025-05-01
15.28,18.22031848588242,19.699283950617307,18.42295000000001,18.525946,21.52543586533061,AREQUIPA,6,2025-06-01
21.3,17.903348727599756,18.216666666666665,18.902800000000006,15.58899,20.40659921238778,AREQUIPA,1,2024-01-01
22.17,21.689810757269708,20.2056156156156,21.691799999999994,21.046495,26.84339030827738,AREQUIPA,2,2024-02-01
20.02,19.07864468111636,21.74028571428572,20.134449999999994,20.0093,22.1060182914071,AREQUIPA,3,2024-03-01
21.52,20.549576515255694,20.2056156156156,19.95559999999999,21.50326,21.39975289204032,AREQUIPA,4,2024-04-01
20.61,22.7612114122873,23.117770897832802,22.146350000000005,22.371935,28.51101992574087,AREQUIPA,5,2024-05-01
20.49,20.97878864672044,20.2056156156156,20.867449999999998,21.2375,26.88744105716958,AREQUIPA,6,2024-06-01
21.37,24.31845722581266,22.168795180722903,22.508399999999973,23.423857,28.10033091400017,AREQUIPA,7,2024-07-01
22.47,22.666126666662727,23.38199095022626,22.038349999999987,22.50139,26.1844729478694,AREQUIPA,8,2024-08-01
21.01,22.086578883216944,23.117770897832802,21.843899999999998,21.934114,23.046414983947027,AREQUIPA,9,2024-09-01
22.98,23.083340263043183,20.2056156156156,20.62715000000001,21.514269,22.718650900256375,AREQUIPA,10,2024-10-01
20.22,23.017642092714397,23.117770897832802,22.19889999999999,23.350994,20.241109907646212,AREQUIPA,11,2024-11-01
17.2,17.976240991150007,17.433103448275855,17.29680000000001,18.671371,19.92869345262649,AREQUIPA,12,2024-12-01
16.75,18.998620594410866,18.216666666666665,18.154600000000016,15.681204,22.983074291070775,AREQUIPA,1,2025-01-01
16.63,19.753377859069374,19.699283950617307,20.579799999999995,19.810406,20.24952343955169,AREQUIPA,2,2025-02-01
15.95,15.972353625382107,15.240185185185183,18.79275,17.866339,18.766645048334137,AREQUIPA,3,2025-03-01
20.43,18.097587960241654,18.216666666666665,19.95845,18.977053,18.490057180177235,AREQUIPA,4,2025-04-01
20.08,22.111450879871136,20.2056156156156,20.551699999999983,21.42057,27.68745393417426,AREQUIPA,5,2025-05-01
19.03,20.849033753021423,20.2056156156156,20.106099999999998,21.29085,26.23915025094768,AREQUIPA,6,2025-06-01
25.16,23.796435172922358,19.156,23.633900000000022,19.720324,27.181731932752815,AREQUIPA,1,2024-01-01
29.0,26.424955797902925,24.923516483516487,25.467549999999996,27.164574,25.639379091724628,AREQUIPA,2,2024-02-01
28.43,25.619189395407666,38.99,26.850950000000022,25.225367,26.115672950615195,AREQUIPA,3,2024-03-01
35.67,28.489631960490012,29.511394230769238,29.06380000000002,28.43852,25.25347234340345,AREQUIPA,4,2024-04-01
37.91,34.699457794029314,32.91813559322035,34.016050000000014,32.97865,29.503258152740315,AREQUIPA,5,2024-05-01
33.46,35.130081741579836,35.446141732283465,34.82335000000001,33.54934,31.445071686299325,AREQUIPA,6,2024-06-01
38.24,36.53291103888919,34.31822857142859,34.86475,38.58129,34.23437220909067,AREQUIPA,7,2024-07-01
46.11,37.360371995499115,35.446141732283465,36.851950000000016,38.296246,32.85612724862532,AREQUIPA,8,2024-08-01
44.77,41.25092565353633,38.77277108433734,40.7214,40.39352,37.89559691991214,AREQUIPA,9,2024-09-01
50.52,43.06104647104458,44.80119402985073,41.21270000000002,39.797318,37.81553807291613,AREQUIPA,10,2024-10-01
38.8,45.41068301307182,39.30756097560977,42.448399999999985,41.13922,39.48395014431484,AREQUIPA,11,2024-11-01
20.75,34.87079103521706,27.646666666666665,29.87755,24.409737,26.963411731233872,AREQUIPA,12,2024-12-01
22.82,26.518777062748857,21.988695652173917,23.46104999999999,15.580309,21.971465577812467,AREQUIPA,1,2025-01-01
21.03,27.72062433629627,24.58302631578947,26.06665,25.623663,21.54278090118674,AREQUIPA,2,2025-02-01
26.17,22.80893992243029,28.69266666666667,27.001099999999983,23.672173,23.834192546710934,AREQUIPA,3,2025-03-01
34.38,28.635949086746972,28.815632183908047,29.55545000000001,28.763517,27.131010067256486,AREQUIPA,4,2025-04-01
37.6,35.345039942791985,34.942941176470576,35.67275000000002,34.824543,28.350576136681777,AREQUIPA,5,2025-05-01
35.06,36.343102221382445,31.193076923076923,36.55675000000001,33.486073,28.469170181637814,AREQUIPA,6,2025-06-01
23.43,26.9470454847201,13.28,20.325550000000035,20.00978,35.17209644973407,AREQUIPA,1,2024-01-01
26.02,27.570355450426767,6.07,23.280300000000015,25.973848,30.63477428604506,AREQUIPA,2,2024-02-01
30.91,25.86833986877358,24.58302631578947,25.894299999999983,27.67079,26.014690191909068,AREQUIPA,3,2024-03-01
37.22,31.92650930679453,30.96362244897958,29.351199999999995,34.23396,30.263354313606925,AREQUIPA,4,2024-04-01
46.76,37.78052946413078,35.70864583333333,35.31190000000001,37.81462,33.05567404776166,AREQUIPA,5,2024-05-01
41.15,42.94219494925299,40.4123484848485,42.13560000000003,40.85852,35.70857701816299,AREQUIPA,6,2024-06-01
50.25,44.35893090904704,43.721666666666664,43.19630000000004,47.073074,50.95578454602058,AREQUIPA,7,2024-07-01
61.03,47.7290684600976,47.97142857142857,46.463199999999986,50.008793,51.252538907264,AREQUIPA,8,2024-08-01
54.06,53.87657907974443,47.58481481481483,52.84610000000004,50.057953,48.166327425257855,AREQUIPA,9,2024-09-01
60.95,52.60391863579906,51.171935483870975,50.0001,50.364426,43.966184900348225,AREQUIPA,10,2024-10-01
48.04,55.1893841983096,59.30400000000001,52.679950000000005,48.822792,47.01854264632228,AREQUIPA,11,2024-11-01
24.33,43.790983743691214,41.90842592592594,34.92885000000002,29.010674,21.57724735373962,AREQUIPA,12,2024-12-01
22.67,31.930049227843572,24.58302631578947,23.186850000000014,19.493519,28.676758591836045,AREQUIPA,1,2025-01-01
21.01,30.501580701375445,24.58302631578947,25.51845000000001,25.286566,25.0937991948085,AREQUIPA,2,2025-02-01
29.51,25.59739680422736,28.69266666666667,28.786600000000007,25.828587,20.95438707268161,AREQUIPA,3,2025-03-01
44.99,33.26437167545131,39.817499999999995,31.982300000000006,35.359135,28.912564992217415,AREQUIPA,4,2025-04-01
47.96,44.95067831065926,40.4123484848485,43.95300000000002,43.596615,33.39129379523828,AREQUIPA,5,2025-05-01
40.41,46.34396422674982,41.90842592592594,44.08875000000003,43.999428,34.11421870355388,AREQUIPA,6,2025-06-01
37.91,42.74047529701782,50.724666666666664,39.145250000000026,31.913408,44.70856804036894,AREQUIPA,1,2024-01-01
37.73,40.482886027910574,41.662857142857135,37.69425000000003,39.78749,44.49337548228431,AREQUIPA,2,2024-02-01
41.61,36.96868210432564,38.31363636363636,35.497350000000026,35.361336,40.63752462494986,AREQUIPA,3,2024-03-01
45.45,41.76422685674631,38.31363636363636,40.711000000000006,45.166645,46.89602925458905,AREQUIPA,4,2024-04-01
55.19,46.6606074620919,46.88236842105263,48.60795,49.627857,49.84274379916064,AREQUIPA,5,2024-05-01
48.15,51.36249073346994,52.604375000000005,51.697250000000025,51.99801,51.1779146662245,AREQUIPA,6,2024-06-01
58.12,51.44397882120276,56.555,51.425200000000004,53.45641,59.04393515462363,AREQUIPA,7,2024-07-01
69.32,55.218984726931154,61.57541666666666,60.10520000000005,60.62562,60.512341172304765,AREQUIPA,8,2024-08-01
57.0,61.58052331929558,60.098,65.05345000000003,65.51423,58.00297247407258,AREQUIPA,9,2024-09-01
72.17,57.2418192761598,54.16695121951219,57.38105000000002,59.477577,55.80563958685346,AREQUIPA,10,2024-10-01
63.0,64.5457464330357,60.098,60.24690000000004,63.96107,56.43104545965827,AREQUIPA,11,2024-11-01
37.21,55.75374524904473,49.442499999999995,48.01715000000001,52.879128,41.75804918078578,AREQUIPA,12,2024-12-01
33.45,42.732625057477314,17.78,31.044450000000015,32.969746,43.38275415335213,AREQUIPA,1,2025-01-01
33.15,39.827247118410035,32.33095238095238,37.19304999999999,38.21456,38.56942494027398,AREQUIPA,2,2025-02-01
38.95,35.483594753853524,39.817499999999995,38.14329999999998,40.41636,37.885910207037945,AREQUIPA,3,2025-03-01
62.27,41.458528709613184,52.73875,43.424950000000024,43.836845,45.47145785119637,AREQUIPA,4,2025-04-01
64.19,57.750217252324674,67.122,57.85684999999999,66.076775,54.03596195644908,AREQUIPA,5,2025-05-01
53.35,58.9972538186787,52.30933333333333,55.586950000000044,56.976334,54.1518790251856,AREQUIPA,6,2025-06-01
17.6,17.494922171936903,18.216666666666665,18.587299999999995,14.086242,18.891788812296564,AREQUIPA,1,2024-01-01
19.37,19.21356146764501,18.216666666666665,18.81295,18.897036,20.519384596947607,AREQUIPA,2,2024-02-01
17.54,16.897086895286193,31.543333333333333,19.539199999999997,17.948105,20.047310958462425,AREQUIPA,3,2024-03-01
18.05,18.53345737512133,18.216666666666665,19.402900000000002,18.571558,20.055182998705902,AREQUIPA,4,2024-04-01
18.78,20.135258537388317,19.61492248062016,19.400750000000013,19.278044,16.713904253056157,AREQUIPA,5,2024-05-01
17.71,19.267900131920204,19.61492248062016,20.274550000000023,19.22093,17.430160333344926,AREQUIPA,6,2024-06-01
19.81,21.920899796731725,18.216666666666665,20.433049999999998,19.504076,14.92330291005972,AREQUIPA,7,2024-07-01
22.49,21.085354019299505,31.543333333333333,20.77635000000001,19.501657,20.328062098678227,AREQUIPA,8,2024-08-01
22.12,21.461916930080363,21.74028571428572,21.039949999999973,20.268734,22.369154047400993,AREQUIPA,9,2024-09-01
20.36,23.395543902389043,23.117770897832802,21.176249999999982,21.483946,22.627417146741752,AREQUIPA,10,2024-10-01
19.94,21.436778735024888,31.543333333333333,20.946399999999986,20.573906,19.69981282947015,AREQUIPA,11,2024-11-01
19.82,17.28779638233683,17.433103448275855,18.52510000000001,18.118677,14.759657677727537,AREQUIPA,12,2024-12-01
18.95,19.924136414407027,31.543333333333333,18.88335000000001,15.600137,20.057860830494704,AREQUIPA,1,2025-01-01
19.86,20.816240910097353,31.543333333333333,20.0811,19.775583,19.70673308588469,AREQUIPA,2,2025-02-01
18.81,17.782949840684687,31.543333333333333,19.737749999999995,19.072351,21.88059381532666,AREQUIPA,3,2025-03-01
21.39,19.77470795648979,19.61492248062016,19.984700000000007,20.075893,22.130128891302327,AREQUIPA,4,2025-04-01
22.34,22.826357375375572,22.401666666666667,21.875449999999972,21.02887,19.25499073621427,AREQUIPA,5,2025-05-01
19.03,22.196426262673967,28.160333333333334,21.589349999999985,20.854033,20.640180131887504,AREQUIPA,6,2025-06-01
8.43,13.419229679057395,13.079692307692317,14.175699999999996,13.418383,15.890615272901167,AYACUCHO,1,2024-01-01
16.74,12.552297659078665,10.59220833333333,12.096349999999996,14.378794,16.628380020659097,AYACUCHO,2,2024-02-01
13.45,13.677865124171056,15.329062500000004,15.148499999999986,14.337544,18.69424921325356,AYACUCHO,3,2024-03-01
10.36,14.910168841063747,15.329062500000004,14.637049999999993,13.668438,16.359318228286956,AYACUCHO,4,2024-04-01
3.86,14.694856131792434,13.079692307692317,13.838799999999994,12.905344,12.828858306226072,AYACUCHO,5,2024-05-01
10.54,9.037628321818335,10.59220833333333,11.888500000000004,11.5314455,10.27458100911794,AYACUCHO,6,2024-06-01
12.45,15.786510597458967,13.079692307692317,14.00649999999999,12.102519,14.742346423524902,AYACUCHO,7,2024-07-01
14.12,14.8124721097529,13.079692307692317,12.532500000000002,12.968111,15.01916797217488,AYACUCHO,8,2024-08-01
12.63,14.66979950416882,10.725,15.30894999999999,13.494361,17.94204347800511,AYACUCHO,9,2024-09-01
13.52,16.343019382568343,13.079692307692317,13.459200000000001,12.277883,15.294719374007807,AYACUCHO,10,2024-10-01
8.45,15.1863087121367,15.329062500000004,14.106699999999991,15.122979,16.56419519659909,AYACUCHO,11,2024-11-01
12.87,8.553916331327965,10.59220833333333,11.87155,11.849383,12.235875191723393,AYACUCHO,12,2024-12-01
15.05,13.414354642759562,12.17377622377623,12.63875,13.155817,17.907664275367374,AYACUCHO,1,2025-01-01
17.12,16.694878553184434,15.329062500000004,15.615649999999992,15.794403,19.552846282747,AYACUCHO,2,2025-02-01
15.48,14.556221541143547,15.329062500000004,15.57369999999999,14.144846,21.309801141977314,AYACUCHO,3,2025-03-01
16.16,16.20517029778251,16.501396648044697,16.03194999999999,15.2660055,20.98821278022731,AYACUCHO,4,2025-04-01
18.02,17.82040744217588,16.501396648044697,16.761950000000002,15.878975,19.198186402882385,AYACUCHO,5,2025-05-01
14.26,18.13842582115842,16.683442622950825,16.68395,16.764347,18.626515183172273,AYACUCHO,6,2025-06-01
31.51,13.453934463339595,16.175135135135125,15.135799999999994,13.662586,9.81361528794582,AYACUCHO,1,2024-01-01
33.76,29.019254396541374,30.96362244897958,27.3066,24.431885,24.576198250191432,AYACUCHO,2,2024-02-01
23.28,26.820197656649352,52.98,29.38695,26.552319,20.214552148966494,AYACUCHO,3,2024-03-01
20.64,25.16857023427444,26.004687499999996,26.80119999999999,23.348246,29.00950589258403,AYACUCHO,4,2024-04-01
21.0,24.659692098299494,25.18049180327869,29.11144999999997,20.425608,23.20748452880119,AYACUCHO,5,2024-05-01
16.04,21.11790819576462,22.838387096774195,27.64835,20.63369,20.84351902251328,AYACUCHO,6,2024-06-01
20.76,23.40424041638414,19.699283950617307,20.89405000000001,18.451576,22.023067239956138,AYACUCHO,7,2024-07-01
18.29,23.321992355813304,21.50167701863354,24.883999999999972,20.279383,24.017707875391938,AYACUCHO,8,2024-08-01
20.15,20.574751789615412,21.50167701863354,24.437599999999975,17.997059,22.865683283516756,AYACUCHO,9,2024-09-01
28.09,23.048711539071,21.50167701863354,24.530299999999993,19.559721,21.63706844513499,AYACUCHO,10,2024-10-01
47.92,26.546186519530007,26.209496124031,25.94834999999999,24.440002,24.994184386583225,AYACUCHO,11,2024-11-01
23.14,33.945130267663636,32.50506666666668,34.02285,32.487328,30.96359494394922,AYACUCHO,12,2024-12-01
21.87,25.349715910573302,18.55,25.294999999999995,22.201515,20.581620623759477,AYACUCHO,1,2025-01-01
14.89,24.749807470542816,18.55,23.842100000000002,22.554102,25.52021821706548,AYACUCHO,2,2025-02-01
27.6,15.736134763589591,19.699283950617307,17.8996,15.7452965,20.12847739067877,AYACUCHO,3,2025-03-01
27.5,25.137005342189607,26.209496124031,26.573150000000012,23.98226,26.28937473289135,AYACUCHO,4,2025-04-01
24.31,27.376078381916166,26.209496124031,25.4755,23.135185,22.608074976326623,AYACUCHO,5,2025-05-01
27.71,24.278316580360872,23.117770897832802,23.75750000000002,22.736681,23.985071183764436,AYACUCHO,6,2025-06-01
24.1,26.6564674570174,28.606138613861408,32.66399999999998,27.605751,18.33508594585771,AYACUCHO,1,2024-01-01
35.43,26.5379770175644,28.606138613861408,30.907900000000005,29.401005,33.65800925999318,AYACUCHO,2,2024-02-01
34.16,29.872096296438507,34.942941176470576,32.82135000000001,31.056917,37.81326666534563,AYACUCHO,3,2024-03-01
33.14,33.07496304495261,34.942941176470576,33.55435,33.279552,42.4263310825394,AYACUCHO,4,2024-04-01
34.72,33.63711788531722,31.799252873563212,31.685350000000003,32.68222,36.65759402672648,AYACUCHO,5,2024-05-01
41.96,32.922564252428174,34.942941176470576,32.21790000000001,31.433346,35.24831220562539,AYACUCHO,6,2024-06-01
41.11,40.8332803127978,38.77277108433734,37.25985000000001,39.136192,50.53658699301576,AYACUCHO,7,2024-07-01
34.16,38.896671662784414,38.77277108433734,38.344300000000004,36.93714,42.717330774049536,AYACUCHO,8,2024-08-01
42.88,33.48858687627736,34.942941176470576,32.728900000000024,33.15904,42.023169181402416,AYACUCHO,9,2024-09-01
39.47,40.24383297363211,38.77277108433734,37.87770000000001,32.36744,46.37029344335453,AYACUCHO,10,2024-10-01
35.42,37.57543936275495,37.52732673267327,35.6182,36.1708,42.88420108120443,AYACUCHO,11,2024-11-01
33.4,31.20314349182302,34.942941176470576,31.88840000000002,30.529419,28.476003710227573,AYACUCHO,12,2024-12-01
16.87,32.405475243834125,31.799252873563212,31.19284999999999,29.725239,25.562931219574768,AYACUCHO,1,2025-01-01
17.86,24.284471898535713,19.699283950617307,20.888900000000014,23.35904,30.85973652156215,AYACUCHO,2,2025-02-01
28.37,19.992671030099785,50.46,24.99024999999999,21.157969,34.37415829068723,AYACUCHO,3,2025-03-01
26.58,28.196702981040307,42.98,31.851599999999994,29.951096,37.55811706573106,AYACUCHO,4,2025-04-01
26.05,29.36187364814048,28.815632183908047,31.227000000000007,26.82978,33.75875028650795,AYACUCHO,5,2025-05-01
25.56,28.131221494248788,28.815632183908047,31.814349999999994,26.098381,32.84784179749435,AYACUCHO,6,2025-06-01
10.74,11.32110835931335,12.17377622377623,10.829050000000006,9.70358,12.85585160122364,AYACUCHO,1,2024-01-01
14.86,12.7317865321906,13.079692307692317,11.695149999999996,11.479324,13.577148529783562,AYACUCHO,2,2024-02-01
19.08,11.693266435293744,15.329062500000004,14.57064999999999,12.850459,14.249755211828402,AYACUCHO,3,2024-03-01
12.97,17.294392395094345,19.429499999999997,15.165399999999984,15.857515,15.903728119836947,AYACUCHO,4,2024-04-01
5.1,15.39008060392097,12.17377622377623,12.421299999999992,13.095614,15.032942362147773,AYACUCHO,5,2024-05-01
10.45,9.187928001469931,10.59220833333333,9.254650000000003,10.838823,10.171605447951846,AYACUCHO,6,2024-06-01
15.24,14.926116235920581,13.079692307692317,13.027099999999995,13.393416,10.597883395641906,AYACUCHO,7,2024-07-01
14.13,15.734317448775132,19.68416666666667,14.561500000000006,12.492289,13.276880948354936,AYACUCHO,8,2024-08-01
14.93,14.319195849956062,14.261875,14.765499999999996,12.328667,14.256428038063465,AYACUCHO,9,2024-09-01
14.77,16.929413982818573,15.329062500000004,15.876999999999994,13.990606,16.036228763536617,AYACUCHO,10,2024-10-01
15.55,15.705244067990476,15.329062500000004,15.647300000000005,13.575749,17.017757280029084,AYACUCHO,11,2024-11-01
15.06,12.612180770314737,11.956,15.001449999999998,13.231606,10.33499077642051,AYACUCHO,12,2024-12-01
10.51,15.143201479305283,11.956,15.711599999999997,13.795147,15.259398676138765,AYACUCHO,1,2025-01-01
12.22,13.984339090089891,13.079692307692317,13.199749999999996,13.114373,13.693796505303343,AYACUCHO,2,2025-02-01
11.91,11.442136831378175,13.079692307692317,12.737449999999999,9.908857,11.638698915137109,AYACUCHO,3,2025-03-01
11.44,13.364022767534092,13.079692307692317,11.773649999999991,12.318721,11.254358063337515,AYACUCHO,4,2025-04-01
9.96,14.195529447170872,12.17377622377623,11.43644999999999,11.817495,14.904508118063696,AYACUCHO,5,2025-05-01
9.57,12.31397873176218,10.59220833333333,12.12789999999999,10.540799,11.678933048672576,AYACUCHO,6,2025-06-01
9.85,8.527461248814124,7.435000000000001,12.309000000000005,7.5764813,10.364708760683174,AYACUCHO,1,2024-01-01
16.76,11.714303446241601,10.59220833333333,11.695099999999993,11.108203,11.429352251812276,AYACUCHO,2,2024-02-01
14.72,12.503206979398385,19.68416666666667,16.706949999999978,12.677169,18.86462936959826,AYACUCHO,3,2024-03-01
13.05,15.417735769276613,15.329062500000004,18.868349999999985,13.503681,16.800960419614146,AYACUCHO,4,2024-04-01
14.98,14.946232236853296,12.17377622377623,14.350399999999997,13.401438,13.174440004427703,AYACUCHO,5,2024-05-01
15.85,14.784322635715627,15.329062500000004,18.687999999999988,14.434979,11.9954864997276,AYACUCHO,6,2024-06-01
22.04,18.787405112990534,15.329062500000004,19.976299999999974,17.306652,19.403999441389573,AYACUCHO,7,2024-07-01
21.99,20.318365441089597,18.76571428571429,19.04774999999999,17.737602,19.090954300553886,AYACUCHO,8,2024-08-01
16.77,20.056270986095292,18.363599999999995,20.01375,18.622087,17.963803918069928,AYACUCHO,9,2024-09-01
27.81,20.069458760161204,16.501396648044697,17.280949999999986,15.824695,19.572667750816933,AYACUCHO,10,2024-10-01
25.89,24.072608629064227,26.209496124031,24.391549999999988,23.503876,28.0243420005642,AYACUCHO,11,2024-11-01
33.64,19.522875213898736,23.507153284671535,21.24620000000001,14.233249,21.82563193148678,AYACUCHO,12,2024-12-01
12.75,27.579794498336952,25.306538461538455,25.824799999999986,18.367542,23.887128259188913,AYACUCHO,1,2025-01-01
9.31,17.522359539895476,15.031849315068493,14.627750000000006,16.023336,16.42829340675317,AYACUCHO,2,2025-02-01
15.17,10.688419303575262,7.435000000000001,12.549700000000005,12.417859,20.303224488674957,AYACUCHO,3,2025-03-01
18.6,15.820548810617678,18.216666666666665,18.085149999999988,17.375149,21.187920391965967,AYACUCHO,4,2025-04-01
17.89,19.80350170679757,19.61492248062016,18.3222,17.851345,16.188962487620113,AYACUCHO,5,2025-05-01
18.4,18.523259343216353,19.61492248062016,19.190750000000005,18.794586,15.06562341616626,AYACUCHO,6,2025-06-01
18.4,21.6762782280631,45.89,23.876400000000007,23.74641,22.41678888053784,AYACUCHO,1,2024-01-01
23.76,20.6908615692358,22.838387096774195,20.209050000000005,23.491247,22.32576865445878,AYACUCHO,2,2024-02-01
21.19,20.22313868247265,20.58934426229508,21.408300000000008,22.219458,27.833844236484094,AYACUCHO,3,2024-03-01
16.65,22.034369867830293,21.50167701863354,23.818199999999997,23.558529,28.960327351522004,AYACUCHO,4,2024-04-01
15.69,20.565655859195676,18.216666666666665,19.1441,20.543282,21.533620925349023,AYACUCHO,5,2024-05-01
13.67,18.39234850187212,19.699283950617307,19.1444,18.123104,18.63853260919371,AYACUCHO,6,2024-06-01
16.49,20.20555939682017,15.66720279720279,16.930849999999992,16.143578,22.717370449492034,AYACUCHO,7,2024-07-01
16.38,19.346835837830007,19.699283950617307,19.0331,17.467413,20.953040981791474,AYACUCHO,8,2024-08-01
20.12,18.197183135701895,19.699283950617307,20.166099999999993,17.463709,19.58100342410626,AYACUCHO,9,2024-09-01
20.58,22.26548648683304,20.2056156156156,20.496849999999984,20.59709,20.92462383399996,AYACUCHO,10,2024-10-01
25.7,21.477954246117854,20.2056156156156,20.154349999999987,20.082508,23.246743746150248,AYACUCHO,11,2024-11-01
17.96,20.914640112243355,23.507153284671535,22.098699999999994,20.172377,17.22445014954981,AYACUCHO,12,2024-12-01
13.96,19.119753465208753,19.61492248062016,17.54675000000001,17.047068,15.885293571159655,AYACUCHO,1,2025-01-01
16.75,17.917740466842154,15.66720279720279,16.45404999999999,15.832516,18.320189673393145,AYACUCHO,2,2025-02-01
20.54,15.446955419508,15.240185185185183,16.400299999999998,16.342075,22.11744919542067,AYACUCHO,3,2025-03-01
17.78,20.024341225596654,20.2056156156156,19.66859999999998,19.777023,27.23867262436919,AYACUCHO,4,2025-04-01
16.72,20.193592774904054,19.61492248062016,18.378550000000004,18.478626,22.980633373159023,AYACUCHO,5,2025-05-01
20.05,18.06841628527424,18.216666666666665,17.814899999999994,18.161396,21.32421998897252,AYACUCHO,6,2025-06-01
15.07,17.406366280946855,19.699283950617307,17.7024,14.990769,12.649249931773372,AYACUCHO,1,2024-01-01
18.14,17.29796903224282,18.216666666666665,18.61524999999998,18.03956,12.23572710151461,AYACUCHO,2,2024-02-01
17.74,15.51514676353057,19.61492248062016,17.463649999999994,17.50714,16.112257827798192,AYACUCHO,3,2024-03-01
12.0,18.23853145091837,18.216666666666665,19.01155,17.300756,16.294887920161926,AYACUCHO,4,2024-04-01
10.67,16.15546828904899,15.031849315068493,13.2639,14.122957,13.191502412120625,AYACUCHO,5,2024-05-01
12.11,13.584988410462584,13.079692307692317,12.709600000000014,9.9836035,12.601770593641845,AYACUCHO,6,2024-06-01
17.71,17.34196126838588,13.079692307692317,13.524250000000004,11.971794,10.48696753948366,AYACUCHO,7,2024-07-01
17.01,18.56050498968381,15.329062500000004,18.216249999999988,15.749117,16.785832808389728,AYACUCHO,8,2024-08-01
16.68,17.25131982701331,16.501396648044697,17.9433,14.768765,17.268760637403403,AYACUCHO,9,2024-09-01
17.55,19.120812431801035,16.501396648044697,18.64395,15.770625,18.900570508995273,AYACUCHO,10,2024-10-01
17.9,18.44495342338987,22.265,18.73995000000001,16.013462,18.208913275053753,AYACUCHO,11,2024-11-01
16.31,14.813844585990022,17.433103448275855,18.127199999999988,16.43064,13.925421741538981,AYACUCHO,12,2024-12-01
12.19,16.689006444068234,22.265,20.933999999999973,16.017801,16.01186642555722,AYACUCHO,1,2025-01-01
14.07,15.607451071216607,13.079692307692317,13.56185,12.338144,9.639270134333785,AYACUCHO,2,2025-02-01
13.95,12.90323558990107,15.329062500000004,16.43604999999999,14.27731,14.44794414590196,AYACUCHO,3,2025-03-01
16.28,15.023693743902795,15.329062500000004,16.240249999999996,17.545818,15.593715072678252,AYACUCHO,4,2025-04-01
13.48,17.917830447587413,15.329062500000004,18.395199999999992,17.585857,14.55031553511264,AYACUCHO,5,2025-05-01
14.05,15.218313346422562,15.329062500000004,15.837899999999998,16.258883,13.621177600689988,AYACUCHO,6,2025-06-01
25.77,10.170258810037957,10.59220833333333,11.672799999999995,12.613275,11.388335297867222,CAJAMARCA,1,2024-01-01
31.97,22.591976203718094,32.68,22.844450000000005,22.158419,24.309779512153987,CAJAMARCA,2,2024-02-01
25.69,23.097519737347397,52.98,23.665449999999993,20.385952,23.011950788193317,CAJAMARCA,3,2024-03-01
24.72,23.165052607013152,25.187843551797034,25.131600000000027,21.647297,19.943447306641545,CAJAMARCA,4,2024-04-01
21.24,24.015550839598646,20.346666666666668,23.57070000000002,20.863663,21.89842191542824,CAJAMARCA,5,2024-05-01
23.98,20.743637425281563,20.2056156156156,21.024749999999997,20.363203,17.08367277719358,CAJAMARCA,6,2024-06-01
27.71,25.848487731485115,32.17,26.600600000000007,24.977934,24.43751822526768,CAJAMARCA,7,2024-07-01
28.04,25.890137203168006,26.209496124031,24.33184999999999,21.768538,22.782237539390994,CAJAMARCA,8,2024-08-01
22.8,25.539982803138468,26.209496124031,25.296350000000015,24.404415,21.863160774283905,CAJAMARCA,9,2024-09-01
23.63,24.54399342428621,23.117770897832802,24.822400000000002,22.93081,21.160920792610007,CAJAMARCA,10,2024-10-01
15.73,24.155531863373508,23.117770897832802,23.482850000000003,23.508934,19.032105165314558,CAJAMARCA,11,2024-11-01
20.51,14.831904490176841,18.216666666666665,19.44860000000001,18.611794,10.736849434064455,CAJAMARCA,12,2024-12-01
16.92,21.094774412557605,21.50167701863354,23.120199999999983,21.41367,18.37810963032067,CAJAMARCA,1,2025-01-01
17.37,20.621237867995752,19.699283950617307,21.41015,20.654133,21.550970447165323,CAJAMARCA,2,2025-02-01
9.51,16.818147217475016,19.699283950617307,19.8738,17.35094,8.728237581288932,CAJAMARCA,3,2025-03-01
9.08,14.404013620430472,11.540107526881721,12.501299999999992,11.456215,10.72314406255952,CAJAMARCA,4,2025-04-01
17.51,14.76721784608608,12.385780590717289,12.517199999999992,11.206719,10.811458612698617,CAJAMARCA,5,2025-05-01
18.53,18.267186941259617,19.699283950617307,20.347599999999993,18.385033,14.885641907526797,CAJAMARCA,6,2025-06-01
17.56,19.075450545727684,20.2056156156156,18.385999999999992,17.82214,17.9214319697134,CAJAMARCA,1,2024-01-01
22.86,19.83602554030984,19.699283950617307,19.036099999999994,19.67748,18.281618529787973,CAJAMARCA,2,2024-02-01
16.97,18.9518456425579,21.74028571428572,18.81684999999999,18.717556,13.644202134549412,CAJAMARCA,3,2024-03-01
17.49,18.488241949184953,18.216666666666665,18.272899999999986,18.35996,16.337904795063977,CAJAMARCA,4,2024-04-01
19.97,19.974138029606998,18.216666666666665,18.655699999999975,18.564825,17.030454028942046,CAJAMARCA,5,2024-05-01
18.85,20.128751902523156,20.2056156156156,19.000149999999998,19.127666,18.744913032992404,CAJAMARCA,6,2024-06-01
22.52,22.83771044802914,22.168795180722903,20.063649999999992,20.9574,19.431175249514837,CAJAMARCA,7,2024-07-01
21.76,22.7944941631184,18.76571428571429,19.776800000000005,20.986784,22.549444853884733,CAJAMARCA,8,2024-08-01
20.07,21.398937033500374,21.74028571428572,19.460800000000003,19.964102,21.674750272599656,CAJAMARCA,9,2024-09-01
20.58,22.485572414685002,20.2056156156156,19.722150000000013,20.782934,20.41931682952914,CAJAMARCA,10,2024-10-01
16.07,21.549541149126295,20.2056156156156,19.711299999999998,20.483898,20.52581298123771,CAJAMARCA,11,2024-11-01
19.33,15.289224875022105,18.216666666666665,17.51825000000001,16.890316,14.798025464061856,CAJAMARCA,12,2024-12-01
17.35,19.545371235802193,20.2056156156156,18.4674,18.350203,19.361714006074646,CAJAMARCA,1,2025-01-01
23.04,20.081507116362673,19.699283950617307,20.327249999999985,20.265636,18.84211526211528,CAJAMARCA,2,2025-02-01
20.15,19.641864906215133,21.74028571428572,18.641599999999997,19.56048,13.417512448571895,CAJAMARCA,3,2025-03-01
16.39,20.875147118225392,20.2056156156156,18.88744999999999,20.662962,17.44162145680257,CAJAMARCA,4,2025-04-01
19.82,20.233053088277373,18.216666666666665,18.780700000000003,18.733793,16.294630952839928,CAJAMARCA,5,2025-05-01
21.03,20.549060874688877,20.2056156156156,19.463899999999995,19.803913,18.8701530787825,CAJAMARCA,6,2025-06-01
19.49,20.908061043908194,20.2056156156156,19.003,19.234451,22.336381609834522,CAJAMARCA,1,2024-01-01
29.25,21.78891272265049,20.2056156156156,21.387749999999997,22.099428,25.28501193120044,CAJAMARCA,2,2024-02-01
24.36,23.62149690957742,23.38163636363637,23.464850000000002,23.657478,16.587764346531536,CAJAMARCA,3,2024-03-01
17.65,24.112319721832755,23.117770897832802,22.653000000000002,23.095812,18.348796667662512,CAJAMARCA,4,2024-04-01
19.44,21.47386491180671,18.216666666666665,19.990200000000005,19.878958,22.39505526718478,CAJAMARCA,5,2024-05-01
20.11,20.795719776471344,20.476912751677855,20.947100000000006,20.45438,20.660507125294064,CAJAMARCA,6,2024-06-01
25.05,24.716847374241695,26.752499999999998,24.137949999999954,23.517656,23.677705373013303,CAJAMARCA,7,2024-07-01
24.91,25.425759719883747,25.187843551797034,23.601600000000012,23.867407,22.67680199866724,CAJAMARCA,8,2024-08-01
21.48,24.253786494717325,25.187843551797034,23.11110000000001,22.949196,22.17662607283808,CAJAMARCA,9,2024-09-01
20.88,24.376276693102287,23.117770897832802,22.09225,22.672802,25.553507600001872,CAJAMARCA,10,2024-10-01
19.75,22.805157474102963,21.50167701863354,22.66724999999998,22.249136,24.573418232016163,CAJAMARCA,11,2024-11-01
15.9,18.196027771863903,20.476912751677855,19.480249999999987,18.62717,17.24750351173323,CAJAMARCA,12,2024-12-01
17.99,18.46055774147988,18.216666666666665,17.4278,17.674383,22.734098610427825,CAJAMARCA,1,2025-01-01
21.18,21.202047588007662,19.61492248062016,20.174099999999985,19.894625,24.263962725441157,CAJAMARCA,2,2025-02-01
17.62,19.329806560129196,20.2056156156156,19.188099999999984,19.511711,16.005538588263178,CAJAMARCA,3,2025-03-01
18.76,19.581379975978418,18.216666666666665,19.052299999999995,19.220236,16.582287208541192,CAJAMARCA,4,2025-04-01
19.18,21.706506004248464,19.61492248062016,19.63595000000001,19.754696,23.11908120013185,CAJAMARCA,5,2025-05-01
22.04,20.636790533220708,20.2056156156156,19.746800000000004,20.165674,21.68243931801003,CAJAMARCA,6,2025-06-01
9.16,9.024320630648148,10.59220833333333,9.979099999999994,8.573365,11.666489576147091,CAJAMARCA,1,2024-01-01
15.45,10.871356928144351,10.59220833333333,11.082750000000003,9.418087,17.84602647499698,CAJAMARCA,2,2024-02-01
12.07,10.933878633652597,9.282592592592595,13.267649999999998,11.458533,7.678451110138807,CAJAMARCA,3,2024-03-01
10.66,11.999892686146314,13.079692307692317,10.960449999999994,11.112388,7.602273207750246,CAJAMARCA,4,2024-04-01
11.17,12.49560426294466,12.17377622377623,11.557449999999994,11.179547,11.893073702568746,CAJAMARCA,5,2024-05-01
14.73,11.351790446031316,12.17377622377623,11.523450000000002,10.765193,10.960862987315384,CAJAMARCA,6,2024-06-01
14.0,16.908641747471634,15.329062500000004,14.795050000000003,15.005244,12.612952325144931,CAJAMARCA,7,2024-07-01
10.77,14.567232399863542,15.329062500000004,13.866499999999995,13.248499,10.18775291730265,CAJAMARCA,8,2024-08-01
9.96,11.586594837580833,13.079692307692317,11.580050000000002,12.897509,7.474235674931815,CAJAMARCA,9,2024-09-01
9.47,12.639668026361736,10.59220833333333,11.157649999999997,10.423119,6.947713487473978,CAJAMARCA,10,2024-10-01
12.27,11.082944022075736,10.59220833333333,10.531749999999997,9.535824,7.223581121256963,CAJAMARCA,11,2024-11-01
11.34,9.153646112902507,12.17377622377623,11.40675000000001,10.728313,10.637260888819288,CAJAMARCA,12,2024-12-01
12.4,11.638405737879353,12.17377622377623,11.624150000000009,11.8022,13.338388943731461,CAJAMARCA,1,2025-01-01
27.7,13.951125194486604,13.079692307692317,12.431199999999999,14.058378,18.389371154771037,CAJAMARCA,2,2025-02-01
27.66,19.54265094237979,14.39368421052632,19.046399999999988,17.431124,14.152858934411208,CAJAMARCA,3,2025-03-01
14.53,23.225865342816768,26.209496124031,23.712949999999996,23.120176,15.359205828893563,CAJAMARCA,4,2025-04-01
25.49,17.49010539462556,16.501396648044697,15.353700000000003,17.843182,13.214765125937754,CAJAMARCA,5,2025-05-01
13.66,22.104911519836666,25.187843551797034,24.604699999999998,21.883335,16.87618489922384,CAJAMARCA,6,2025-06-01
20.32,16.264210902771175,15.99648148148148,16.90820000000002,16.024834,14.284903689789708,CAJAMARCA,1,2024-01-01
25.91,20.17613240186777,20.2056156156156,19.201799999999995,20.09138,17.68933629830341,CAJAMARCA,2,2024-02-01
21.02,20.172681229744676,21.74028571428572,20.49565,19.362751,16.567513278112333,CAJAMARCA,3,2024-03-01
18.51,20.37429860969697,20.2056156156156,18.8509,20.06703,19.044300432358337,CAJAMARCA,4,2024-04-01
19.97,20.141395792939548,19.61492248062016,18.913549999999997,18.840084,21.622669744518,CAJAMARCA,5,2024-05-01
22.08,19.6272619473774,20.2056156156156,18.797699999999992,19.11224,20.430777014649937,CAJAMARCA,6,2024-06-01
26.92,24.157786332244335,15.045,22.72939999999999,22.748425,20.592774009976605,CAJAMARCA,7,2024-07-01
25.37,25.242902420156,26.209496124031,23.51334999999998,23.531458,24.221833349745697,CAJAMARCA,8,2024-08-01
25.05,23.529301008736176,25.187843551797034,23.28585,22.376595,24.33742943184806,CAJAMARCA,9,2024-09-01
27.79,25.47813849739687,25.187843551797034,23.78875000000003,23.714794,21.86579641285146,CAJAMARCA,10,2024-10-01
23.97,26.02215897295644,26.209496124031,24.422100000000015,24.46744,22.145550145467386,CAJAMARCA,11,2024-11-01
14.56,20.420208024310178,20.796666666666667,19.871300000000012,20.802402,13.313307640120764,CAJAMARCA,12,2024-12-01
21.59,17.677023599079533,18.216666666666665,17.688400000000005,17.644161,14.320719512599323,CAJAMARCA,1,2025-01-01
24.6,22.689303405927316,23.38199095022626,22.812349999999977,23.39174,18.533487641101832,CAJAMARCA,2,2025-02-01
16.61,20.993768612225942,18.81722222222222,19.504949999999983,20.213993,14.37034944884576,CAJAMARCA,3,2025-03-01
21.09,19.015487611085824,18.216666666666665,19.112650000000002,18.553846,18.55025183676835,CAJAMARCA,4,2025-04-01
21.64,22.800822947162306,20.476912751677855,21.414799999999982,20.946756,22.684063666224983,CAJAMARCA,5,2025-05-01
25.14,22.03285974664408,23.38199095022626,21.858849999999997,21.73605,22.40084874511583,CAJAMARCA,6,2025-06-01
16.93,17.26763295516735,18.216666666666665,17.30115000000001,16.516378,13.077219376612673,CAJAMARCA,1,2024-01-01
24.59,19.256371471376333,19.699283950617307,18.286849999999998,20.088945,22.89305509740095,CAJAMARCA,2,2024-02-01
17.3,19.855973333657488,21.74028571428572,18.119399999999995,18.71097,15.736775215944887,CAJAMARCA,3,2024-03-01
16.7,18.754469835999963,18.216666666666665,18.092150000000004,18.599136,17.0505053779528,CAJAMARCA,4,2024-04-01
18.82,19.687575580647025,18.216666666666665,18.15925,18.81496,15.178178233847266,CAJAMARCA,5,2024-05-01
19.15,19.376697563533327,20.2056156156156,19.0563,19.44003,16.48563157150834,CAJAMARCA,6,2024-06-01
22.7,23.180131658010964,22.168795180722903,20.945949999999986,22.49994,18.086271793935683,CAJAMARCA,7,2024-07-01
21.43,23.182893428782904,18.76571428571429,20.799049999999994,21.59982,17.70033203412483,CAJAMARCA,8,2024-08-01
18.81,21.27411436111565,21.74028571428572,19.69,20.119425,17.99202416520196,CAJAMARCA,9,2024-09-01
15.4,21.725813869195537,19.61492248062016,19.66855000000001,19.949722,20.07925608969524,CAJAMARCA,10,2024-10-01
18.13,18.44973506593913,18.216666666666665,17.581250000000004,17.161087,19.353329366500912,CAJAMARCA,11,2024-11-01
15.24,16.014504242406467,17.433103448275855,18.009499999999992,17.306063,11.738222320690817,CAJAMARCA,12,2024-12-01
17.96,17.170394378667506,18.216666666666665,17.223750000000006,16.342154,10.064063122572387,CAJAMARCA,1,2025-01-01
20.49,20.370916866502718,19.61492248062016,19.623300000000004,20.48535,22.501433078913404,CAJAMARCA,2,2025-02-01
16.11,18.112287678494894,20.2056156156156,17.803349999999988,17.684782,14.544434392259296,CAJAMARCA,3,2025-03-01
15.24,18.249608434423358,18.216666666666665,17.583500000000004,18.076225,16.461197210793852,CAJAMARCA,4,2025-04-01
17.35,19.110140091693978,18.216666666666665,17.696899999999996,17.503311,15.28767658687269,CAJAMARCA,5,2025-05-01
15.02,18.847753608077454,18.216666666666665,18.030849999999997,18.35093,15.81198561154194,CAJAMARCA,6,2025-06-01
48.01,42.13115727079206,43.70444444444445,39.47185000000004,36.874043,44.40922889086817,CAJAMARCA,1,2024-01-01
55.64,48.03512140102368,40.842222222222226,49.70490000000001,52.166,63.32069363182993,CAJAMARCA,2,2024-02-01
51.85,48.737445144491474,44.90666666666667,46.887450000000015,44.12355,48.93713781044707,CAJAMARCA,3,2024-03-01
44.64,50.209040211135324,52.94833333333332,50.523699999999984,48.64521,52.635450456204104,CAJAMARCA,4,2024-04-01
54.12,47.701355908503544,49.605714285714285,47.484100000000026,46.986065,50.52302822450316,CAJAMARCA,5,2024-05-01
49.69,51.09931593268951,52.94833333333332,52.32785,52.14566,50.052820924095286,CAJAMARCA,6,2024-06-01
56.42,52.51794793730418,54.015373134328364,54.11694999999997,56.195274,58.74927614895246,CAJAMARCA,7,2024-07-01
59.81,54.495664791840866,62.396799999999985,55.942900000000016,59.010895,55.37723533634897,CAJAMARCA,8,2024-08-01
49.35,55.34521487170244,47.58481481481483,56.132549999999995,52.777218,54.41826197572929,CAJAMARCA,9,2024-09-01
57.75,51.45409035280949,54.015373134328364,50.95399999999996,51.848614,53.12957059513718,CAJAMARCA,10,2024-10-01
45.89,54.271317155807935,54.16695121951219,52.554150000000035,53.8361,53.45206495795803,CAJAMARCA,11,2024-11-01
35.76,43.615722125208876,37.05782608695652,39.22290000000001,38.2621,31.346066862843916,CAJAMARCA,12,2024-12-01
41.24,40.18280375942646,42.09314285714285,39.83010000000004,38.66568,38.57956366122893,CAJAMARCA,1,2025-01-01
45.24,44.042554424945784,49.605714285714285,47.124500000000026,46.172417,57.64896774802658,CAJAMARCA,2,2025-02-01
46.62,42.73866774441241,49.605714285714285,44.924000000000014,43.583847,45.3438220108045,CAJAMARCA,3,2025-03-01
44.88,46.022146805256256,46.88786324786325,45.75954999999996,46.815292,52.93642171608699,CAJAMARCA,4,2025-04-01
47.57,47.19581533915984,49.605714285714285,49.23565000000002,48.51272,54.77160698627309,CAJAMARCA,5,2025-05-01
53.57,47.050316381616184,50.086764705882345,49.90675,48.25655,52.41835719543979,CAJAMARCA,6,2025-06-01
12.73,11.455507586330729,12.17377622377623,12.241400000000006,13.261751,6.838547407778173,CAJAMARCA,1,2024-01-01
16.94,13.71380981943905,13.079692307692317,12.241450000000004,12.293479,12.867714266773055,CAJAMARCA,2,2024-02-01
17.06,12.808241345629124,15.329062500000004,15.246949999999996,12.641809,9.850276919727312,CAJAMARCA,3,2024-03-01
15.49,15.746952992187039,25.509999999999998,16.28955,14.827486,13.087073163234342,CAJAMARCA,4,2024-04-01
17.42,16.515371463263676,25.509999999999998,16.531800000000004,16.468063,11.479848530320647,CAJAMARCA,5,2024-05-01
13.42,16.409447775709587,18.1275,16.650450000000003,15.7816925,13.632782512734659,CAJAMARCA,6,2024-06-01
14.56,17.46934449992591,25.509999999999998,15.036000000000001,14.9783945,11.06975526626382,CAJAMARCA,7,2024-07-01
11.78,15.726634196914453,25.509999999999998,16.427200000000006,16.574741,10.420690569826744,CAJAMARCA,8,2024-08-01
13.08,12.66748897412051,13.079692307692317,12.224149999999995,14.010802,7.828085958009078,CAJAMARCA,9,2024-09-01
12.11,15.257561957056673,12.17377622377623,13.766649999999995,14.910344,11.845710810968848,CAJAMARCA,10,2024-10-01
8.86,13.514846313275633,12.17377622377623,12.396749999999988,14.61912,10.027973487786648,CAJAMARCA,11,2024-11-01
7.71,8.08851687747925,10.59220833333333,11.329749999999997,10.72862,7.54920280894512,CAJAMARCA,12,2024-12-01
9.67,9.905019697352031,10.59220833333333,12.428449999999987,10.560766,5.145359901691622,CAJAMARCA,1,2025-01-01
28.13,12.38307916510681,11.540107526881721,12.442949999999994,9.715914,7.879501032984898,CAJAMARCA,2,2025-02-01
14.36,20.051988725068263,31.26,21.313799999999983,20.408272,12.326301171408677,CAJAMARCA,3,2025-03-01
18.67,15.656688336316941,25.509999999999998,16.620050000000003,15.941792,12.033952745904632,CAJAMARCA,4,2025-04-01
20.96,19.38087822405234,21.32,20.540449999999993,16.439514,11.412425948233412,CAJAMARCA,5,2025-05-01
17.23,19.180441721203344,16.683442622950825,18.5786,17.500404,14.399252461355465,CAJAMARCA,6,2025-06-01
42.82,52.12300781402814,47.58481481481483,42.06809999999998,43.931576,49.99959731945919,CALLAO,1,2024-01-01
45.37,44.92102553306178,46.88786324786325,40.651000000000025,45.128216,50.71186776458939,CALLAO,2,2024-02-01
41.74,42.14463077026165,46.88786324786325,41.65225000000004,44.019512,50.54872139102978,CALLAO,3,2024-03-01
46.18,42.59420508009098,38.31363636363636,39.576050000000016,45.050808,46.13987682130048,CALLAO,4,2024-04-01
52.13,46.5833609323401,46.88786324786325,44.82715000000001,46.42169,49.15356887640824,CALLAO,5,2024-05-01
38.91,49.157880966637606,52.94833333333332,50.33075000000001,48.988758,53.62422143784822,CALLAO,6,2024-06-01
35.68,45.43380375234227,0.97,41.02515,40.62943,49.58004782649916,CALLAO,7,2024-07-01
30.71,40.61435977433034,37.15,38.945249999999994,37.749302,43.240774400353764,CALLAO,8,2024-08-01
34.15,35.62071889158962,39.54423076923076,32.04830000000001,34.16594,36.568054285798276,CALLAO,9,2024-09-01
35.11,39.112609131692224,35.884848484848476,35.74459999999997,36.75661,40.42258853214003,CALLAO,10,2024-10-01
28.75,38.53035321980282,37.15,36.13124999999999,37.22998,39.23258688031,CALLAO,11,2024-11-01
29.7,31.725117598750966,37.15,32.831949999999985,31.303871,30.581440461438692,CALLAO,12,2024-12-01
37.57,33.227745444616446,33.943346613545835,31.511950000000017,32.606792,27.93822277728746,CALLAO,1,2025-01-01
32.36,39.11413234609448,37.52732673267327,36.292699999999996,37.102978,38.38509901668906,CALLAO,2,2025-02-01
33.54,32.81879014265185,33.943346613545835,31.63079999999999,32.175137,39.28579719896793,CALLAO,3,2025-03-01
33.28,36.00503492536184,33.943346613545835,35.52895000000001,35.490417,39.0558261540672,CALLAO,4,2025-04-01
34.9,37.43567941465255,33.943346613545835,34.408849999999994,34.054935,31.694326953686893,CALLAO,5,2025-05-01
31.9,36.140489880446395,34.942941176470576,35.102849999999975,33.55461,36.743509770121065,CALLAO,6,2025-06-01
43.4,31.89323550768822,31.799252873563212,31.70525,33.282738,38.16141026772029,CALLAO,1,2024-01-01
48.15,40.38599548724969,43.66523076923077,38.33415,46.182705,47.71898991049442,CALLAO,2,2024-02-01
45.99,40.83906747736103,41.90842592592594,39.021599999999985,45.19344,48.58411673326644,CALLAO,3,2024-03-01
45.8,43.03236351590051,41.90842592592594,44.84184999999999,46.01172,50.42469204762167,CALLAO,4,2024-04-01
46.99,44.756721575993524,41.90842592592594,43.39799999999998,45.770832,49.31997471600196,CALLAO,5,2024-05-01
29.07,44.20955626452138,41.90842592592594,43.9516,46.894615,49.32801572153739,CALLAO,6,2024-06-01
30.89,37.42945585370247,33.943346613545835,33.168800000000026,34.389572,39.065230858982176,CALLAO,7,2024-07-01
32.13,34.007335270405335,31.799252873563212,33.83215000000001,32.058968,41.48805791221262,CALLAO,8,2024-08-01
28.5,33.425186236658035,31.799252873563212,32.24764999999999,32.785473,41.00822028611819,CALLAO,9,2024-09-01
25.19,33.20155702792804,31.799252873563212,31.778499999999987,33.324665,34.91216105272253,CALLAO,10,2024-10-01
29.69,29.82698204625788,31.044999999999998,29.06374999999999,31.438292,32.01559988086458,CALLAO,11,2024-11-01
29.19,28.688655936350518,31.799252873563212,31.129500000000007,32.135265,34.843817817794324,CALLAO,12,2024-12-01
31.25,31.92230477159225,33.943346613545835,31.748450000000002,32.501804,30.17771257198989,CALLAO,1,2025-01-01
31.62,34.5978227282984,33.943346613545835,31.665249999999993,33.03989,23.87031176280905,CALLAO,2,2025-02-01
31.88,31.180346268798566,33.943346613545835,29.891650000000013,30.18137,33.256863482120565,CALLAO,3,2025-03-01
33.33,33.727147061824546,33.943346613545835,32.25544999999999,31.715775,39.37353750696585,CALLAO,4,2025-04-01
30.86,35.99417029655294,36.155,33.7144,31.932829,40.26010541878467,CALLAO,5,2025-05-01
32.7,32.16038732694545,30.96362244897958,31.80395000000002,32.91651,43.098704374425346,CALLAO,6,2025-06-01
18.39,18.414151636015426,18.216666666666665,16.644150000000003,18.690672,19.352961849059213,CALLAO,1,2024-01-01
15.89,21.04078309582809,19.61492248062016,18.65345,22.839779,24.520618380435593,CALLAO,2,2024-02-01
16.85,15.722590765599938,15.240185185185183,19.514849999999992,16.585804,16.88069814505454,CALLAO,3,2024-03-01
28.08,18.780745901824794,18.216666666666665,19.860700000000012,19.933626,22.67242998005884,CALLAO,4,2024-04-01
21.53,27.65118215229841,49.68,24.696099999999987,24.630938,22.39438950346898,CALLAO,5,2024-05-01
22.83,23.505679711175436,23.671782945736442,23.8578,21.548885,17.97072520083443,CALLAO,6,2024-06-01
23.79,27.370401232270684,33.15,28.048000000000002,25.217918,21.461985468909663,CALLAO,7,2024-07-01
29.92,25.36491298060065,23.117770897832802,23.121299999999998,23.066826,21.02821492943166,CALLAO,8,2024-08-01
36.5,27.961720768888622,27.7918947368421,24.712450000000004,24.809896,23.670967567012408,CALLAO,9,2024-09-01
22.82,34.40802200765425,49.318,35.05964999999998,30.58473,41.186416021562096,CALLAO,10,2024-10-01
21.42,26.146094920944865,31.66,25.74785,25.39283,28.3628377338751,CALLAO,11,2024-11-01
14.68,20.19622741608812,20.796666666666667,21.657500000000006,25.348696,20.185382304214716,CALLAO,12,2024-12-01
12.34,18.695896877969354,18.216666666666665,17.056149999999995,17.25466,17.115028972994576,CALLAO,1,2025-01-01
12.32,17.935344410912826,11.614084507042252,14.814199999999998,14.206374,18.86773114636041,CALLAO,2,2025-02-01
22.82,14.185585220423983,11.614084507042252,13.910100000000005,12.017701,10.547714832561118,CALLAO,3,2025-03-01
31.25,23.47722333903969,11.5,20.952700000000004,20.159658,23.301661227733756,CALLAO,4,2025-04-01
18.63,30.31472727246417,31.30887640449439,27.90485000000002,25.066702,27.576193908675503,CALLAO,5,2025-05-01
20.75,22.442662677315543,21.50167701863354,22.785749999999993,20.500307,17.388469855099405,CALLAO,6,2025-06-01
37.03,40.071029448170606,40.94352941176472,39.36889999999996,38.695526,40.523288897006175,CALLAO,1,2024-01-01
42.4,39.05390289061269,40.94352941176472,40.67689999999997,39.1124,37.6151090696878,CALLAO,2,2024-02-01
40.05,38.62556399772841,41.3675,40.85609999999999,41.0904,35.21262387385521,CALLAO,3,2024-03-01
39.03,39.925142729969885,36.57454545454545,40.840100000000014,40.774654,40.4303198290927,CALLAO,4,2024-04-01
42.59,40.83287932319522,40.94352941176472,40.7064,40.51087,39.02328189332907,CALLAO,5,2024-05-01
33.98,41.71579674243221,40.94352941176472,42.51000000000002,44.456417,40.44017754703052,CALLAO,6,2024-06-01
32.58,39.93811167501922,33.943346613545835,37.82735000000004,38.72929,38.80496560524622,CALLAO,7,2024-07-01
34.22,36.4189812273029,33.943346613545835,35.02100000000001,35.508503,36.51515386940829,CALLAO,8,2024-08-01
35.51,35.846672051924706,34.942941176470576,35.73850000000003,36.416386,36.87587664412604,CALLAO,9,2024-09-01
28.71,38.8885713166914,34.942941176470576,37.28175000000002,37.2178,40.251415383979705,CALLAO,10,2024-10-01
31.77,34.020437140852756,33.943346613545835,31.8288,32.29514,35.15206281376922,CALLAO,11,2024-11-01
27.9,31.103348733013142,33.943346613545835,32.92820000000002,32.963234,32.12334341172929,CALLAO,12,2024-12-01
25.92,31.23276546922598,28.815632183908047,31.312200000000004,30.453438,25.95239984133321,CALLAO,1,2025-01-01
35.48,31.32796812780287,28.815632183908047,31.117600000000028,31.680046,19.475780426633374,CALLAO,2,2025-02-01
34.29,33.06858388358805,34.942941176470576,32.10940000000001,34.12066,27.69824385436288,CALLAO,3,2025-03-01
31.96,35.34599963889424,34.942941176470576,35.02885000000003,35.42348,34.170971171865354,CALLAO,4,2025-04-01
35.03,35.72981865248814,33.943346613545835,33.84020000000001,33.632046,33.59924228308939,CALLAO,5,2025-05-01
37.32,35.46446322221895,36.155,35.19295000000001,34.08506,32.001454120973506,CALLAO,6,2025-06-01
91.49,81.40355716760688,99.41,83.93785000000004,79.218346,83.65138449379208,CALLAO,1,2024-01-01
98.19,87.46343611894885,96.05,92.59344999999993,90.57644,98.41590633291038,CALLAO,2,2024-02-01
93.16,87.75510744119853,74.49,80.59840000000003,85.067055,99.88707461575753,CALLAO,3,2024-03-01
94.94,89.14618888203121,74.49,83.52335,85.80969,98.17628951373064,CALLAO,4,2024-04-01
92.36,91.98406301257351,74.49,84.08095000000003,85.94318,99.77895612611923,CALLAO,5,2024-05-01
95.94,89.42768754734723,88.82384615384616,87.33094999999999,87.48172,96.15358861257198,CALLAO,6,2024-06-01
90.55,94.9674369166194,94.1,84.1456,88.10696,90.64268532254971,CALLAO,7,2024-07-01
93.83,89.45800328346833,88.82384615384616,88.42560000000003,89.59202,93.26392582196044,CALLAO,8,2024-08-01
95.7,90.277633033287,88.82384615384616,88.51435000000005,87.72577,91.06542597562627,CALLAO,9,2024-09-01
98.35,93.16734938612093,74.49,86.84690000000008,88.834656,95.49076694506333,CALLAO,10,2024-10-01
95.02,94.2813041503349,88.82384615384616,87.52525000000003,89.39901,95.78717717413305,CALLAO,11,2024-11-01
95.7,88.39123165803038,74.49,83.55469999999995,84.28726,88.44501716746619,CALLAO,12,2024-12-01
90.1,91.99039734832822,94.98,91.82774999999994,88.23064,90.7704662832212,CALLAO,1,2025-01-01
92.24,90.31059708662423,95.5,92.03924999999992,93.06573,96.14119643419691,CALLAO,2,2025-02-01
98.43,87.44819895760116,88.82384615384616,85.15815000000008,83.37576,90.70773713207767,CALLAO,3,2025-03-01
99.21,93.94668056354804,88.82384615384616,87.41699999999999,86.25293,100.95318900427239,CALLAO,6,2025-06-01
39.52,32.461162518199856,31.799252873563212,32.0977,30.562834,31.177374870588256,CALLAO,1,2024-01-01
42.48,38.62386792444393,35.446141732283465,37.82079999999999,37.69244,36.77428859553223,CALLAO,2,2024-02-01
38.55,37.372496823566365,41.3675,35.165399999999984,32.697914,35.72230764506708,CALLAO,3,2024-03-01
39.19,38.060821976567404,35.446141732283465,37.49384999999999,37.505276,38.780583664189145,CALLAO,4,2024-04-01
40.78,39.68245932330159,37.52732673267327,37.61064999999999,37.46407,36.19817547286528,CALLAO,5,2024-05-01
40.0,39.42738615797517,40.4123484848485,38.07169999999997,38.088196,37.07086140367879,CALLAO,6,2024-06-01
44.98,42.45031559143296,37.52732673267327,37.96954999999997,38.578995,39.45933930541991,CALLAO,7,2024-07-01
40.59,43.29844561943881,44.80119402985073,41.3546,43.71907,44.52919560670837,CALLAO,8,2024-08-01
42.79,39.91411345703285,40.94352941176472,38.89619999999999,40.611794,40.80551879213571,CALLAO,9,2024-09-01
39.92,42.98254510361902,40.94352941176472,40.10559999999999,40.6555,45.346633532297616,CALLAO,10,2024-10-01
44.95,40.3882554551265,40.94352941176472,39.01625000000001,38.612625,40.6508504353537,CALLAO,11,2024-11-01
45.21,39.752487480298,41.90842592592594,37.64919999999998,36.68536,41.98904062566178,CALLAO,12,2024-12-01
46.71,43.51136279712668,41.90842592592594,43.35965000000001,39.053673,39.77904559672148,CALLAO,1,2025-01-01
51.05,46.09477539318438,41.90842592592594,45.46820000000002,47.423626,42.714481429302374,CALLAO,2,2025-02-01
46.79,45.241084928330785,41.90842592592594,44.154250000000005,42.75183,43.319715761887075,CALLAO,3,2025-03-01
40.88,45.741104422116464,46.88786324786325,43.69905000000003,44.789963,45.30111337449104,CALLAO,4,2025-04-01
40.26,43.71081116353802,0.97,37.07874999999999,40.67671,34.844953307800935,CALLAO,5,2025-05-01
40.27,41.47766472321155,44.35875,38.79279999999998,40.41711,34.027029107402754,CALLAO,6,2025-06-01
10.17,31.788256501503177,31.799252873563212,30.001200000000008,19.101166,27.176683118070084,CUSCO,1,2024-01-01
10.6,18.19920016010441,25.86,15.592949999999998,10.636975,16.579883790925027,CUSCO,2,2024-02-01
19.31,14.084793660401129,19.404102564102566,17.14369999999999,15.824761,21.86639002851,CUSCO,3,2024-03-01
31.19,20.50662051744296,28.69266666666667,25.622399999999992,22.355566,34.62757013474544,CUSCO,4,2024-04-01
44.86,30.36066362977432,33.38,34.048349999999985,27.885817,36.84054363623272,CUSCO,5,2024-05-01
41.22,37.97983691759054,31.193076923076923,36.09845000000003,29.495262,50.14983899488182,CUSCO,6,2024-06-01
42.95,40.715518461380704,40.4123484848485,41.6246,38.821644,55.8249406832287,CUSCO,7,2024-07-01
39.01,40.09073051056949,40.94352941176472,41.35615000000003,41.76409,49.61727937692344,CUSCO,8,2024-08-01
42.93,36.685339277577334,40.94352941176472,40.86075000000004,39.25972,42.92710659845559,CUSCO,9,2024-09-01
32.9,40.782039057635416,40.94352941176472,42.54365,41.445908,45.226945487707304,CUSCO,10,2024-10-01
35.62,34.31308299626182,33.943346613545835,33.321200000000005,34.91473,35.32931900943738,CUSCO,11,2024-11-01
29.27,29.939894413489945,29.625692307692297,27.9012,26.52033,31.761095547573465,CUSCO,12,2024-12-01
9.85,27.602885268726435,18.77,28.495000000000015,16.57332,24.335344857116905,CUSCO,1,2025-01-01
10.3,17.143042713045915,7.435000000000001,13.154349999999999,9.952877,14.781116185288314,CUSCO,2,2025-02-01
19.57,13.177813488674978,34.19,17.34194999999999,16.581392,23.70119752059836,CUSCO,3,2025-03-01
40.17,21.308714859559444,28.69266666666667,25.985849999999992,21.80961,33.87071735777751,CUSCO,4,2025-04-01
44.08,36.356710088828756,47.702999999999996,35.650250000000014,32.07455,42.57500930011353,CUSCO,5,2025-05-01
36.8,38.7191272806552,43.66523076923077,39.333600000000025,33.785793,49.40324422233183,CUSCO,6,2025-06-01
23.64,25.027636194155363,26.209496124031,23.967499999999987,18.493547,16.842519723453474,CUSCO,1,2024-01-01
25.8,24.680366896372572,23.117770897832802,22.581900000000005,23.410479,22.626006405146402,CUSCO,2,2024-02-01
27.08,22.46521674811592,23.645666666666667,22.619250000000015,26.98911,21.124851699405358,CUSCO,3,2024-03-01
21.43,26.367167211117795,26.209496124031,25.691299999999984,27.119898,26.060636706966537,CUSCO,4,2024-04-01
23.42,24.585207153818963,23.117770897832802,25.143399999999996,24.22152,24.290496118694538,CUSCO,5,2024-05-01
24.45,24.102292858561725,23.117770897832802,24.287699999999994,24.461622,24.334904361785934,CUSCO,6,2024-06-01
26.22,28.17478154341393,25.867209302325588,27.134399999999985,27.674803,26.461992175986342,CUSCO,7,2024-07-01
22.46,27.21920806609766,25.187843551797034,26.63225000000001,26.910992,25.27872178216957,CUSCO,8,2024-08-01
20.96,23.810593921303088,23.671782945736442,24.995399999999997,24.430294,23.05826111103653,CUSCO,9,2024-09-01
23.8,24.332434158241078,21.4454794520548,24.113149999999987,23.775707,24.010104037269638,CUSCO,10,2024-10-01
21.79,24.775490264568777,23.671782945736442,24.079449999999994,24.617853,23.513997600649418,CUSCO,11,2024-11-01
29.09,20.224147210094447,23.671782945736442,23.063399999999987,23.918276,20.58745427392064,CUSCO,12,2024-12-01
25.17,26.918535543480896,27.162777777777777,24.878399999999978,20.854544,21.42762243087462,CUSCO,1,2025-01-01
21.12,26.497132627625227,25.187843551797034,25.372250000000005,23.924438,24.744954232016877,CUSCO,2,2025-02-01
22.88,20.60075754584785,21.4454794520548,25.000050000000005,24.287766,17.352622855511452,CUSCO,3,2025-03-01
23.22,23.466497006903204,23.117770897832802,22.77899999999998,24.137228,22.978664465894827,CUSCO,4,2025-04-01
21.3,25.311800779335893,23.117770897832802,22.824499999999986,24.038029,24.828926138026496,CUSCO,5,2025-05-01
22.18,22.98295984002576,21.50167701863354,24.629099999999998,23.549541,23.397750488354156,CUSCO,6,2025-06-01
25.11,28.333277917436355,27.7918947368421,26.173250000000003,21.020096,20.50869499935188,CUSCO,1,2024-01-01
25.1,26.309739768795485,24.923516483516487,24.7715,25.35838,20.087419911326595,CUSCO,2,2024-02-01
26.14,23.151151955021597,27.089795918367347,22.79679999999999,26.879404,20.348063333795526,CUSCO,3,2024-03-01
30.14,26.454828543081437,27.089795918367347,26.23575000000002,27.414284,23.750156703022395,CUSCO,4,2024-04-01
31.51,30.327819660180477,30.96362244897958,29.489349999999998,29.085024,25.883283318849276,CUSCO,5,2024-05-01
31.43,30.393599446042764,30.96362244897958,30.921649999999985,30.412233,28.053728644031544,CUSCO,6,2024-06-01
35.01,33.936183904565006,30.96362244897958,31.48279999999998,33.733677,30.301254838582093,CUSCO,7,2024-07-01
36.85,33.946392414921895,34.31822857142859,33.87955,34.395325,33.309304766198835,CUSCO,8,2024-08-01
36.58,34.18144828517474,35.446141732283465,35.21660000000003,37.079414,32.171007291772376,CUSCO,9,2024-09-01
34.49,36.0278206233443,34.31822857142859,34.90365000000003,34.519993,32.5234055076582,CUSCO,10,2024-10-01
39.33,33.736422760098996,34.31822857142859,33.39195000000002,33.548042,29.667171317197415,CUSCO,11,2024-11-01
30.14,33.10679534259373,34.58139534883721,30.418100000000003,32.1229,27.8992501865485,CUSCO,12,2024-12-01
24.44,30.35284249870523,30.96362244897958,28.33720000000001,24.647047,19.516107810895857,CUSCO,1,2025-01-01
30.66,27.83412262794525,24.58302631578947,23.577800000000003,26.455334,17.15789149559737,CUSCO,2,2025-02-01
28.53,27.58164693889568,27.907500000000002,28.890849999999983,31.122177,21.799684270967127,CUSCO,3,2025-03-01
30.42,29.373088471112577,29.511394230769238,28.64440000000003,29.43806,24.660705755591756,CUSCO,4,2025-04-01
36.0,32.08033481584909,30.96362244897958,29.547400000000007,31.606646,25.19465105908489,CUSCO,5,2025-05-01
37.86,34.157619616737165,34.942941176470576,33.66594999999999,34.630264,28.44596941991612,CUSCO,6,2025-06-01
24.42,22.268649594052818,34.835,23.47439999999999,16.431993,18.63519821464373,CUSCO,1,2024-01-01
16.12,24.360730572402264,23.117770897832802,24.55359999999998,24.113379,20.22603765611088,CUSCO,2,2024-02-01
21.47,15.961467186058563,15.240185185185183,18.11899999999999,20.628607,17.194961060036317,CUSCO,3,2024-03-01
23.68,21.545531135452368,22.401666666666667,22.821550000000002,24.700703,22.805853681637092,CUSCO,4,2024-04-01
27.42,24.60610832642828,28.160333333333334,25.158100000000008,25.200745,23.52712640250707,CUSCO,5,2024-05-01
28.28,25.989065895941447,26.209496124031,25.434399999999982,26.539236,25.486896126597752,CUSCO,6,2024-06-01
32.65,30.661029491901665,29.26815789473683,29.95934999999999,32.954117,28.352571995074623,CUSCO,7,2024-07-01
28.22,31.199934982499727,34.31822857142859,32.70990000000002,32.860233,30.81589275974273,CUSCO,8,2024-08-01
25.15,27.841298240468063,26.209496124031,27.32845000000001,30.951612,26.6477542073692,CUSCO,9,2024-09-01
22.66,27.862830596145233,25.187843551797034,23.59625,28.838314,25.323145525754892,CUSCO,10,2024-10-01
21.28,24.718648255995742,23.117770897832802,23.751749999999994,25.997707,23.758552866465184,CUSCO,11,2024-11-01
19.12,20.100739209516533,21.50167701863354,23.458999999999993,22.495756,16.329275916127028,CUSCO,12,2024-12-01
24.86,21.307327726933778,21.50167701863354,24.70349999999998,18.195845,9.582142351593689,CUSCO,1,2025-01-01
15.91,25.313868025119667,25.187843551797034,25.103299999999994,25.284569,19.295537945739607,CUSCO,2,2025-02-01
20.7,17.32441558501357,15.240185185185183,20.852900000000005,22.950123,14.954389891716836,CUSCO,3,2025-03-01
25.61,22.333924155866743,21.50167701863354,24.269449999999978,26.600655,20.872496012185096,CUSCO,4,2025-04-01
27.84,27.030425555604882,23.38199095022626,25.063550000000014,27.724201,21.489608503138772,CUSCO,5,2025-05-01
30.69,27.50982087997704,26.209496124031,26.202549999999995,29.263195,22.112712578024478,CUSCO,6,2025-06-01
13.91,11.003485104263476,12.17377622377623,11.118200000000009,7.353896,4.66239035284389,CUSCO,1,2024-01-01
13.62,14.263827871334257,15.329062500000004,14.658699999999996,12.193777,10.556343823745006,CUSCO,2,2024-02-01
9.54,11.049776155088736,15.329062500000004,13.801199999999993,12.564641,9.916745668502664,CUSCO,3,2024-03-01
11.05,11.373206368797767,10.59220833333333,12.045049999999996,12.1489935,12.034863591672725,CUSCO,4,2024-04-01
14.87,13.325639572357552,13.079692307692317,12.002499999999992,12.379051,9.226454107683606,CUSCO,5,2024-05-01
11.92,14.368044259701207,15.329062500000004,14.377150000000007,13.85174,9.869582402340507,CUSCO,6,2024-06-01
29.17,16.232001253445617,13.079692307692317,12.920149999999985,14.447162,21.557267970753323,CUSCO,7,2024-07-01
18.34,24.142783626445183,10.09,21.108499999999996,21.091084,20.914284608532384,CUSCO,8,2024-08-01
14.86,17.5401218240594,16.683442622950825,16.28805000000001,15.746272,16.52213880543672,CUSCO,9,2024-09-01
18.48,17.60802917329883,16.501396648044697,16.002099999999995,16.758667,19.999242603763783,CUSCO,10,2024-10-01
14.24,18.224959093443076,19.61492248062016,18.29605,18.195044,16.38497976346992,CUSCO,11,2024-11-01
9.68,11.978540330035408,15.99648148148148,14.562400000000004,14.252974,9.782628615151728,CUSCO,12,2024-12-01
12.03,12.00060086534046,10.59220833333333,12.123499999999995,7.7513695,4.451827648289825,CUSCO,1,2025-01-01
12.89,14.23664460328841,13.079692307692317,12.363049999999994,12.360566,9.37912708079868,CUSCO,2,2025-02-01
10.55,11.142514088371819,12.17377622377623,12.5822,11.978183,9.314295983480411,CUSCO,3,2025-03-01
13.33,12.503950457375225,13.079692307692317,12.735349999999993,12.768321,12.144966766780865,CUSCO,4,2025-04-01
13.27,15.83221881835844,15.329062500000004,14.730949999999986,15.3745575,11.477148369243807,CUSCO,5,2025-05-01
10.63,14.42220765120132,13.079692307692317,14.752899999999986,14.9661255,10.366406548172291,CUSCO,6,2025-06-01
19.3,22.168071021097262,34.835,23.170949999999994,15.124039,15.3917076069279,CUSCO,1,2024-01-01
16.93,20.96277566283981,20.2056156156156,21.2979,20.8765,11.169482575989127,CUSCO,2,2024-02-01
20.21,16.266479994775302,15.240185185185183,18.980549999999994,20.409222,22.266339720712196,CUSCO,3,2024-03-01
22.34,20.979973610983333,20.476912751677855,23.510799999999996,23.95266,26.77559242652216,CUSCO,4,2024-04-01
35.05,23.925800031479913,23.38199095022626,24.09639999999999,24.020468,24.871380874226375,CUSCO,5,2024-05-01
29.49,30.611433369002068,28.690999999999995,34.04500000000001,28.980316,30.10449462241709,CUSCO,6,2024-06-01
28.95,31.61290890122914,28.20612612612612,29.77080000000001,30.668863,30.46026243274154,CUSCO,7,2024-07-01
30.01,29.144762038452978,28.20612612612612,28.795150000000007,29.86674,30.650594517988853,CUSCO,8,2024-08-01
30.01,28.499578364076182,27.7918947368421,28.6076,28.94427,29.85720972681086,CUSCO,9,2024-09-01
30.73,30.512074156363248,27.7918947368421,29.374400000000005,29.676897,29.870286492476463,CUSCO,10,2024-10-01
25.79,29.765756324832516,27.7918947368421,30.4939,29.228472,26.91216301202167,CUSCO,11,2024-11-01
21.28,23.28504269737884,23.507153284671535,23.612399999999994,25.150488,18.012456078122074,CUSCO,12,2024-12-01
19.55,22.805626792526805,20.476912751677855,25.587349999999972,19.107433,12.514800164833316,CUSCO,1,2025-01-01
17.67,22.537311785759936,20.476912751677855,22.679800000000018,21.861061,10.628870635160842,CUSCO,2,2025-02-01
22.8,17.991844577992275,15.240185185185183,20.786899999999992,23.450737,21.602539055562076,CUSCO,3,2025-03-01
34.23,23.518944322037616,23.38199095022626,26.42715,26.819094,28.067093330046998,CUSCO,4,2025-04-01
30.95,32.84096219346038,28.690999999999995,33.50830000000002,33.967762,30.364424597665558,CUSCO,5,2025-05-01
30.57,30.134229923621866,31.30887640449439,30.463,29.582829,29.55810489547907,CUSCO,6,2025-06-01
30.55,28.784338471069965,27.7918947368421,26.324,21.022366,18.01468260455639,CUSCO,1,2024-01-01
26.38,30.300130211560344,30.96362244897958,30.795850000000005,31.227886,25.126399103636732,CUSCO,2,2024-02-01
40.03,24.972050178814477,27.089795918367347,24.63595000000001,32.160873,27.09404062504619,CUSCO,3,2024-03-01
48.19,36.17116723465338,35.70864583333333,36.47235,42.18301,39.28673385072964,CUSCO,4,2024-04-01
55.84,43.82876650905956,43.66523076923077,42.950350000000014,47.2775,46.93669143478267,CUSCO,5,2024-05-01
53.43,48.152567768919425,35.43391304347826,46.56830000000001,47.89463,52.31319223441759,CUSCO,6,2024-06-01
57.37,51.261052641038674,51.171935483870975,51.81925000000002,53.806187,54.01042487169267,CUSCO,7,2024-07-01
54.85,51.67760969857651,51.171935483870975,53.07694999999997,54.633694,54.20724132406158,CUSCO,8,2024-08-01
59.25,49.62028842843456,51.171935483870975,50.15665000000003,51.108772,50.72623570096889,CUSCO,9,2024-09-01
58.85,54.40755631469069,61.57541666666666,53.67569999999998,53.741493,54.44991562803643,CUSCO,10,2024-10-01
46.52,53.604903096469506,61.57541666666666,51.88444999999999,50.711636,52.28823711378871,CUSCO,11,2024-11-01
33.9,42.63698077195369,17.78,31.170400000000022,31.445713,31.360459716838175,CUSCO,12,2024-12-01
33.15,37.220061074764914,32.33095238095238,30.253400000000042,26.759928,14.626995664314652,CUSCO,1,2025-01-01
27.83,36.76193081612528,32.33095238095238,30.279700000000044,32.052185,26.819260416781606,CUSCO,2,2025-02-01
37.65,30.600783555949377,28.815632183908047,30.19065000000001,36.451916,33.89029264400277,CUSCO,3,2025-03-01
49.52,38.90914397974968,32.87363636363636,43.39635000000001,46.91029,39.22276437559319,CUSCO,4,2025-04-01
51.52,48.30446001423504,53.266,51.52045000000002,52.88637,42.22601361944781,CUSCO,5,2025-05-01
51.3,49.003671113768974,52.94833333333332,52.044099999999986,53.217278,43.72253594155724,CUSCO,6,2025-06-01
48.33,48.30885950586169,23.38,35.46960000000003,30.894232,34.23260855993708,CUSCO,1,2024-01-01
43.32,47.86815007857879,46.88786324786325,45.33944999999997,48.949917,46.87167626820685,CUSCO,2,2024-02-01
63.02,42.358275098737046,46.88786324786325,39.11915000000001,49.064,52.87805240878799,CUSCO,3,2024-03-01
74.11,57.42661063988565,52.30933333333333,56.460899999999995,69.03043,67.40239228239042,CUSCO,4,2024-04-01
81.56,67.40856406365316,63.502799999999986,59.480250000000005,69.310585,70.04833939681092,CUSCO,5,2024-05-01
75.88,72.39073171292479,73.21,71.20585000000004,73.85493,74.75470579868897,CUSCO,6,2024-06-01
77.72,73.66106953330284,33.62,68.91050000000004,73.918884,83.64358788357615,CUSCO,7,2024-07-01
78.29,72.54985571801409,81.77593750000003,71.97595000000001,74.71916,77.46937892652348,CUSCO,8,2024-08-01
81.05,72.28339743353709,81.77593750000003,72.4893500000001,74.240234,70.78360334100361,CUSCO,9,2024-09-01
81.45,76.27011627157921,81.77593750000003,74.24755000000006,72.492905,71.541115466821,CUSCO,10,2024-10-01
69.81,75.44061785321183,57.5975,65.81805,67.99671,71.58266014731797,CUSCO,11,2024-11-01
53.46,64.69465708130917,57.5975,56.31205000000006,58.43048,51.4009307543641,CUSCO,12,2024-12-01
51.01,57.01486529593066,43.325,49.26695000000001,41.671886,28.868930563376118,CUSCO,1,2025-01-01
44.54,55.286676394759965,54.16695121951219,51.928150000000024,50.661964,48.426582206388346,CUSCO,2,2025-02-01
66.1,48.583453009148926,46.88236842105263,50.34030000000003,56.05801,54.44617275513796,CUSCO,3,2025-03-01
77.48,63.90047711344209,100.0,70.80670000000003,74.46047,65.37886014759246,CUSCO,4,2025-04-01
80.66,73.77656289690556,80.13374999999999,75.26579999999989,81.00731,69.2913006869344,CUSCO,5,2025-05-01
73.87,75.29872041086561,67.61666666666667,73.58075000000004,76.46908,75.23370666552758,CUSCO,6,2025-06-01
36.43,45.445141801083054,50.724666666666664,42.23765000000002,34.20631,39.103185364994275,CUSCO,1,2024-01-01
33.78,38.56394290609012,68.77,42.16935000000002,36.79885,36.74760273994647,CUSCO,2,2024-02-01
58.32,33.62805227017671,31.799252873563212,34.07150000000001,42.430393,40.41820351925795,CUSCO,3,2024-03-01
67.64,51.271808420538065,67.122,48.96675000000001,55.90592,63.5103297441923,CUSCO,4,2024-04-01
74.37,60.54804303585152,63.502799999999986,56.27730000000009,61.977825,65.56770736046285,CUSCO,5,2024-05-01
66.55,65.12221309951312,69.32388888888889,64.58544999999995,68.76661,69.2322645915034,CUSCO,6,2024-06-01
69.81,65.15495543785644,61.57541666666666,67.33174999999991,67.54222,70.00208630895821,CUSCO,7,2024-07-01
69.78,64.8743571944081,61.57541666666666,66.42679999999991,71.47849,68.90118096442687,CUSCO,8,2024-08-01
71.68,64.18973391020587,61.57541666666666,66.05359999999992,67.914406,63.176504909453044,CUSCO,9,2024-09-01
73.53,67.90833718006976,61.57541666666666,66.58604999999994,69.238106,60.60200296928482,CUSCO,10,2024-10-01
57.91,68.12797376409429,61.57541666666666,64.00710000000005,67.08262,58.97137711991186,CUSCO,11,2024-11-01
56.95,55.83908987913114,54.62,50.10790000000004,49.051815,37.13870063683092,CUSCO,12,2024-12-01
41.43,56.31075773192134,54.16695121951219,44.32880000000004,39.16384,34.29791366774478,CUSCO,1,2025-01-01
39.52,48.004025674681316,41.662857142857135,35.16955000000003,42.50388,36.99306657656083,CUSCO,2,2025-02-01
58.73,43.78480000838914,32.87363636363636,44.131950000000046,48.122524,41.375261807596914,CUSCO,3,2025-03-01
73.59,57.55040642457894,62.14971014492751,68.09154999999998,68.77427,59.90489865106103,CUSCO,4,2025-04-01
78.68,69.41777040409625,73.265,76.51104999999995,77.09185,68.55383658417261,CUSCO,5,2025-05-01
69.17,72.19545833634376,60.098,69.77114999999995,69.810905,69.35328491576317,CUSCO,6,2025-06-01
18.28,22.742061342163108,23.117770897832802,22.257549999999984,15.287077,13.4205674083461,CUSCO,1,2024-01-01
21.92,20.48334576861031,22.838387096774195,21.249849999999988,19.527252,16.84431893755715,CUSCO,2,2024-02-01
23.8,19.185960228208298,20.58934426229508,21.445349999999998,21.473167,21.979159178658765,CUSCO,3,2024-03-01
26.3,23.139416948071545,23.117770897832802,23.276049999999987,24.209455,24.782986667885336,CUSCO,4,2024-04-01
32.08,26.49649331972537,25.187843551797034,25.371849999999977,25.027355,24.950412670539,CUSCO,5,2024-05-01
36.09,29.06849290888568,28.690999999999995,30.65280000000001,27.529226,27.763156498880804,CUSCO,6,2024-06-01
31.86,35.4518157860932,34.31822857142859,33.98969999999999,32.756756,35.40045960120903,CUSCO,7,2024-07-01
27.63,31.26880414966636,34.31822857142859,31.66569999999997,33.129543,31.290472518074704,CUSCO,8,2024-08-01
33.32,27.481173994047058,28.197034482758596,28.429650000000006,29.341854,27.57480055199684,CUSCO,9,2024-09-01
24.6,32.435869831377985,34.31822857142859,31.557250000000003,30.47448,26.44544900192211,CUSCO,10,2024-10-01
24.59,26.421661104267617,24.923516483516487,23.99875000000001,27.07609,24.5146253029282,CUSCO,11,2024-11-01
20.41,22.293862748205093,24.923516483516487,23.73625,26.622498,18.330064876428622,CUSCO,12,2024-12-01
23.58,21.938995398218346,20.476912751677855,23.130300000000005,16.654943,11.092747117991903,CUSCO,1,2025-01-01
21.33,25.090094270804556,6.07,24.33475,22.473232,18.709655567091275,CUSCO,2,2025-02-01
23.18,20.552612083540563,21.50167701863354,26.196649999999998,22.491539,22.17519083716734,CUSCO,3,2025-03-01
30.16,24.21207949703695,24.02314049586778,26.22795000000001,25.102283,24.217939844049024,CUSCO,4,2025-04-01
31.9,30.22711143882016,31.30887640449439,29.426399999999987,28.450178,27.02709005546495,CUSCO,5,2025-05-01
31.44,30.6414110973754,28.690999999999995,32.14210000000002,29.807106,28.742259651275635,CUSCO,6,2025-06-01
15.4,24.636114894161448,50.46,25.942999999999984,24.815168,20.613926799716353,HUANCAVELICA,1,2024-01-01
16.77,22.423480988610294,19.699283950617307,21.430300000000003,22.908876,19.34546555065133,HUANCAVELICA,2,2024-02-01
17.16,19.414831642110386,19.699283950617307,22.66859999999999,21.398504,19.98582941654607,HUANCAVELICA,3,2024-03-01
16.72,21.44305989023247,19.699283950617307,23.05854999999999,22.527763,21.457107184800446,HUANCAVELICA,4,2024-04-01
17.64,22.70148474662924,19.699283950617307,22.877099999999995,21.72701,18.42210078737747,HUANCAVELICA,5,2024-05-01
18.89,21.7758188387687,19.699283950617307,23.94205,20.732893,17.96974627548701,HUANCAVELICA,6,2024-06-01
21.11,25.597079251539917,53.94,25.899549999999966,22.740206,22.00703330696633,HUANCAVELICA,7,2024-07-01
24.73,24.31245485089536,21.50167701863354,25.30114999999999,24.103426,22.77226727478472,HUANCAVELICA,8,2024-08-01
26.41,23.37135108462779,23.117770897832802,22.921599999999998,22.068527,26.00464946935013,HUANCAVELICA,9,2024-09-01
28.25,26.745880933836972,25.187843551797034,25.39739999999997,24.746174,28.144403186036293,HUANCAVELICA,10,2024-10-01
19.34,26.83204056591558,26.209496124031,25.373550000000005,25.343134,27.665913457237327,HUANCAVELICA,11,2024-11-01
19.31,17.922974110146374,18.98418604651162,18.026800000000012,18.365255,26.699763859251778,HUANCAVELICA,12,2024-12-01
19.06,19.796152266809298,20.2056156156156,17.62935,18.645247,23.984758466287328,HUANCAVELICA,1,2025-01-01
22.19,20.856019260806413,20.2056156156156,18.538050000000005,21.514435,28.854866844519915,HUANCAVELICA,2,2025-02-01
11.29,19.35314867626264,18.363599999999995,19.09915000000001,17.78389,28.821325381426185,HUANCAVELICA,3,2025-03-01
8.13,15.584994156951797,11.614084507042252,14.101249999999995,13.814219,23.359503415217592,HUANCAVELICA,4,2025-04-01
6.84,14.518617813226534,12.385780590717289,17.098799999999997,14.390002,19.67462584436664,HUANCAVELICA,5,2025-05-01
9.6,11.873585883015345,12.385780590717289,17.53755,28.861557,17.38651232455781,HUANCAVELICA,6,2025-06-01
12.02,18.421238072060433,20.2056156156156,17.346100000000007,15.587463,16.786685110304642,HUANCAVELICA,1,2024-01-01
11.53,15.683718641106063,11.614084507042252,14.169849999999995,15.476361,8.647944309004265,HUANCAVELICA,2,2024-02-01
14.37,11.345932855030888,11.614084507042252,14.999449999999998,12.669559,11.584357684202311,HUANCAVELICA,3,2024-03-01
14.24,15.28853742260157,15.66720279720279,16.960950000000004,15.078889,11.877255913302724,HUANCAVELICA,4,2024-04-01
12.54,17.010558460713177,15.66720279720279,16.507949999999997,14.912107,17.56514746713681,HUANCAVELICA,5,2024-05-01
13.94,14.751789970758535,13.079692307692317,14.844949999999997,13.687215,16.101252569534566,HUANCAVELICA,6,2024-06-01
19.72,18.695322653326272,15.329062500000004,16.4345,16.790195,16.98814622097545,HUANCAVELICA,7,2024-07-01
13.86,19.813621680832668,20.2056156156156,17.65555,16.22618,19.15622520558772,HUANCAVELICA,8,2024-08-01
17.5,15.477441667057024,16.501396648044697,15.40714999999999,14.917782,15.596330458644216,HUANCAVELICA,9,2024-09-01
15.54,19.207388210772905,18.1275,17.503450000000015,17.11009,17.519044051510427,HUANCAVELICA,10,2024-10-01
13.8,16.243600990762403,15.99648148148148,15.446700000000005,13.457305,17.01023145158351,HUANCAVELICA,1,2025-01-01
15.16,16.470396966974306,16.501396648044697,15.274499999999996,14.312319,9.576397091317318,HUANCAVELICA,2,2025-02-01
13.75,13.249699444570515,15.329062500000004,15.061500000000015,12.431022,16.912259762173605,HUANCAVELICA,3,2025-03-01
15.28,14.992312416048138,15.329062500000004,15.467049999999999,13.318276,16.88383331753116,HUANCAVELICA,4,2025-04-01
13.35,17.53174987768606,15.329062500000004,15.8594,14.065375,17.8669453034763,HUANCAVELICA,5,2025-05-01
19.08,15.122172225466999,15.329062500000004,15.164550000000006,12.952863,16.837263574542586,HUANCAVELICA,6,2025-06-01
37.26,27.232794379677753,28.606138613861408,31.235649999999996,23.63611,20.020838635404612,HUANCAVELICA,1,2024-01-01
55.71,34.96137799153998,35.446141732283465,36.78020000000001,37.879665,35.42711679392481,HUANCAVELICA,2,2024-02-01
38.39,42.798829078162655,39.21,36.38805,26.7792,38.95899868720657,HUANCAVELICA,3,2024-03-01
46.33,36.96677077710887,37.65875,41.98865000000001,36.51657,33.92118445966183,HUANCAVELICA,4,2024-04-01
55.73,43.122340205007674,41.90842592592594,42.13235,40.963566,39.64510678341379,HUANCAVELICA,5,2024-05-01
49.08,47.50031776089522,41.90842592592594,42.11110000000001,38.645477,45.3898313526623,HUANCAVELICA,6,2024-06-01
41.61,47.715352291946374,43.52,45.69215000000004,46.656723,40.20817940346469,HUANCAVELICA,7,2024-07-01
40.32,40.881079351552565,45.3602857142857,38.88685000000001,34.587013,40.24269644503838,HUANCAVELICA,8,2024-08-01
41.67,38.64979539063697,45.3602857142857,42.91095000000002,38.077133,41.47282379809117,HUANCAVELICA,9,2024-09-01
56.77,41.30000219266186,45.3602857142857,42.54859999999998,38.409817,43.68069044917232,HUANCAVELICA,10,2024-10-01
58.67,49.89991762721939,45.09375,44.472800000000035,43.25178,48.6105689767686,HUANCAVELICA,11,2024-11-01
37.26,47.596038480543186,47.58481481481483,42.32830000000002,35.52665,44.58405037250079,HUANCAVELICA,12,2024-12-01
6.85,10.95486595804704,10.59220833333333,9.503299999999996,8.048023,10.291584395767783,HUANCAVELICA,1,2024-01-01
12.36,11.204052343710604,10.59220833333333,11.10075,10.338687,11.044633751808322,HUANCAVELICA,2,2024-02-01
9.88,10.670797686451554,12.17377622377623,10.415400000000009,9.5884495,12.683286477037655,HUANCAVELICA,3,2024-03-01
13.23,12.383658227231756,10.59220833333333,12.105599999999995,10.66035,14.14426623433065,HUANCAVELICA,4,2024-04-01
18.01,16.164649197844184,13.079692307692317,14.1658,12.945439,13.610224546537227,HUANCAVELICA,5,2024-05-01
9.59,17.92226104817953,19.429499999999997,18.083599999999993,14.603953,13.98394661960786,HUANCAVELICA,6,2024-06-01
10.67,15.779597878730835,10.59220833333333,12.115999999999996,11.903833,12.080275668673297,HUANCAVELICA,7,2024-07-01
10.67,13.97561604467311,13.079692307692317,11.309349999999993,12.091687,15.166224117298805,HUANCAVELICA,8,2024-08-01
8.51,12.502422794811835,13.079692307692317,12.68655,12.282981,13.067395529763644,HUANCAVELICA,9,2024-09-01
14.94,13.18031989607628,10.59220833333333,12.256700000000013,10.199296,14.427601241487453,HUANCAVELICA,10,2024-10-01
7.9,15.629502790413072,15.329062500000004,13.990450000000012,12.810147,15.169569617764294,HUANCAVELICA,11,2024-11-01
6.25,8.02653207175015,10.59220833333333,11.647750000000007,6.975208,5.243137499299988,HUANCAVELICA,12,2024-12-01
5.06,9.341166083757404,10.59220833333333,10.818750000000007,6.8630705,12.35153517656968,HUANCAVELICA,1,2025-01-01
7.2,9.931253635434341,15.64,11.317450000000003,6.9549446,8.096567976321584,HUANCAVELICA,2,2025-02-01
9.63,7.447964183187711,8.63,11.858450000000003,6.898278,9.164911432653328,HUANCAVELICA,3,2025-03-01
13.54,11.681070363252285,10.59220833333333,12.854399999999996,9.874681,14.178307853405125,HUANCAVELICA,4,2025-04-01
10.12,15.943732963222647,9.282592592592595,13.932850000000013,12.389603,14.754531044103908,HUANCAVELICA,5,2025-05-01
18.21,12.383570560263912,10.59220833333333,11.48385,10.720367,13.897335261269141,HUANCAVELICA,6,2025-06-01
15.77,16.227659278775114,15.99648148148148,16.189950000000014,14.33035,8.59766964759966,HUANCAVELICA,1,2024-01-01
16.37,17.31858996521015,16.501396648044697,16.531400000000005,16.436163,14.033467174785875,HUANCAVELICA,2,2024-02-01
17.49,14.298184038489072,16.501396648044697,15.95270000000001,15.015775,16.91104037015135,HUANCAVELICA,3,2024-03-01
15.27,17.514021151207455,18.1275,17.321600000000018,17.730465,19.51394741951001,HUANCAVELICA,4,2024-04-01
16.51,17.881234125151778,16.501396648044697,15.999700000000008,16.682627,18.193450804943215,HUANCAVELICA,5,2024-05-01
15.16,17.20632461162611,16.501396648044697,16.99225000000001,17.237452,18.263772696517428,HUANCAVELICA,6,2024-06-01
17.33,19.68393320729092,16.501396648044697,16.069399999999995,17.437555,18.168842951728337,HUANCAVELICA,7,2024-07-01
16.42,18.96809171873083,18.1275,16.68340000000001,17.69719,19.891594756187377,HUANCAVELICA,8,2024-08-01
17.61,17.16895613444401,16.501396648044697,16.214750000000013,16.591728,18.98221648015534,HUANCAVELICA,9,2024-09-01
15.95,19.8320116239517,18.1275,17.221500000000013,18.189192,17.4152384632204,HUANCAVELICA,10,2024-10-01
15.84,17.75337454607972,15.99648148148148,16.79005000000002,16.933504,17.03522124789063,HUANCAVELICA,11,2024-11-01
15.53,14.090682095613275,15.99648148148148,15.565000000000019,15.941865,14.943816049088557,HUANCAVELICA,12,2024-12-01
13.63,16.55775755842665,15.99648148148148,15.947450000000005,14.892621,8.255143662850644,HUANCAVELICA,1,2025-01-01
14.59,16.73052111265597,15.329062500000004,15.400299999999998,15.12123,10.806840411026313,HUANCAVELICA,2,2025-02-01
13.32,13.77835670979044,15.329062500000004,15.514199999999999,14.795193,14.901816383522311,HUANCAVELICA,3,2025-03-01
15.55,15.401943219635244,15.329062500000004,15.250499999999997,15.027106,18.958126020605306,HUANCAVELICA,4,2025-04-01
17.31,18.219275778908752,15.329062500000004,16.0115,16.288124,18.406216889170942,HUANCAVELICA,5,2025-05-01
16.53,17.984692918208438,18.1275,17.10025000000001,17.527376,19.087792502917658,HUANCAVELICA,6,2025-06-01
47.64,55.16462488693715,12.44,54.901750000000064,56.8311,63.783009272032324,HUÁNUCO,1,2024-01-01
52.2,50.36924756895344,54.015373134328364,55.72684999999999,56.479176,56.322508132368235,HUÁNUCO,2,2024-02-01
46.06,47.68406204918129,62.663333333333334,48.790650000000035,46.200138,53.38913754708849,HUÁNUCO,3,2024-03-01
47.44,46.9834658959724,46.88786324786325,45.321550000000016,47.601154,54.613350966747454,HUÁNUCO,4,2024-04-01
44.46,48.994537565514044,46.88786324786325,48.926500000000004,49.49567,53.614749115333744,HUÁNUCO,5,2024-05-01
34.27,46.00413071997505,45.103311688311685,48.49845000000004,51.512447,53.274534311875776,HUÁNUCO,6,2024-06-01
49.82,43.822280059608545,37.15,35.68399999999999,47.35103,43.10140324024676,HUÁNUCO,7,2024-07-01
52.82,50.1140897064255,54.015373134328364,55.49914999999999,56.963467,58.00522440262801,HUÁNUCO,8,2024-08-01
44.67,51.03677952809021,64.04,56.00020000000001,59.061405,58.74604786489381,HUÁNUCO,9,2024-09-01
49.38,48.5583094380694,45.103311688311685,44.68074999999999,48.473804,56.4339110469699,HUÁNUCO,10,2024-10-01
42.08,48.749430006622404,46.723181818181814,50.3971,45.831867,55.0459268148221,HUÁNUCO,11,2024-11-01
55.79,40.702698691648585,45.103311688311685,43.64065000000001,46.02618,45.54131754536532,HUÁNUCO,12,2024-12-01
43.4,50.64777584587202,62.663333333333334,46.54135000000001,42.195145,61.278826993215596,HUÁNUCO,1,2025-01-01
39.46,45.600766808438195,45.103311688311685,46.754850000000026,45.097157,53.19004905247957,HUÁNUCO,2,2025-02-01
36.63,38.897050876038655,42.54600000000001,41.58610000000002,39.84736,45.27921927294603,HUÁNUCO,3,2025-03-01
31.75,39.1340040948873,37.15,39.172000000000004,38.404198,47.418848230219744,HUÁNUCO,4,2025-04-01
38.59,37.11366687945856,39.54423076923076,32.94195,35.1284,37.95572686641734,HUÁNUCO,5,2025-05-01
42.4,38.78858809471191,36.57454545454545,38.87474999999999,37.231895,48.69006659869885,HUÁNUCO,6,2025-06-01
18.04,22.702244490757934,25.18049180327869,26.20354999999997,21.218565,30.603854821135624,HUÁNUCO,1,2024-01-01
41.89,22.837541033669158,21.50167701863354,23.727349999999987,22.378927,20.878878421443023,HUÁNUCO,2,2024-02-01
37.23,33.014346244101475,24.12,30.46995000000002,30.05364,35.9670201750555,HUÁNUCO,3,2024-03-01
34.63,34.5658844663063,32.50506666666668,33.58074999999998,32.711697,37.57437014646607,HUÁNUCO,4,2024-04-01
40.96,34.746104398660975,32.91813559322035,33.048899999999996,30.88339,36.09829649727469,HUÁNUCO,5,2024-05-01
44.9,37.24439751064417,38.77277108433734,35.029300000000006,34.014217,42.81926921133704,HUÁNUCO,6,2024-06-01
42.92,43.25626743206832,38.77277108433734,39.14530000000003,36.781246,41.63705648624838,HUÁNUCO,7,2024-07-01
50.66,40.78265802962071,40.94352941176472,38.13259999999999,36.05463,46.82845545858726,HUÁNUCO,8,2024-08-01
41.81,44.46055543261954,47.97142857142857,44.23805000000002,41.389824,48.592683651978675,HUÁNUCO,9,2024-09-01
41.73,41.8363628775728,40.94352941176472,39.492399999999996,38.72523,41.40516486707879,HUÁNUCO,10,2024-10-01
42.3,40.06079097201358,14.934999999999999,36.60740000000001,33.01432,42.62434041564268,HUÁNUCO,11,2024-11-01
28.81,36.48052161189533,27.646666666666665,33.82369999999997,26.61701,42.80312036268247,HUÁNUCO,12,2024-12-01
28.05,31.397844440981544,31.799252873563212,30.734799999999986,30.246746,40.41427734695137,HUÁNUCO,1,2025-01-01
29.48,32.800157978105204,28.815632183908047,30.2581,31.65816,27.9942360573156,HUÁNUCO,2,2025-02-01
27.86,29.4141326564432,33.943346613545835,28.855699999999988,29.937284,25.003990778765104,HUÁNUCO,3,2025-03-01
29.19,30.799548165331316,28.815632183908047,30.26645000000001,29.984764,29.741708727115306,HUÁNUCO,4,2025-04-01
29.81,33.27081703579968,33.943346613545835,29.714649999999992,31.132946,25.25488357829627,HUÁNUCO,5,2025-05-01
31.41,32.44671600388531,33.943346613545835,30.39399999999999,31.98531,27.559793215964564,HUÁNUCO,6,2025-06-01
21.68,33.70327281439609,31.53384615384616,31.87799999999999,30.10437,35.927887557984214,HUÁNUCO,1,2024-01-01
23.28,25.923745228308174,24.02314049586778,27.558400000000002,24.972887,25.761559492203794,HUÁNUCO,2,2024-02-01
29.17,22.60828077363785,24.02314049586778,25.313299999999998,23.986956,25.091764710326974,HUÁNUCO,3,2024-03-01
20.65,28.137782524421155,29.511394230769238,27.384799999999995,27.39341,31.512518479541217,HUÁNUCO,4,2024-04-01
25.61,25.151110198483128,21.50167701863354,28.98039999999998,23.806381,25.07414618952893,HUÁNUCO,5,2024-05-01
31.42,26.21607653642349,24.923516483516487,25.930349999999994,25.960657,28.742235087181044,HUÁNUCO,6,2024-06-01
40.42,33.18982067276802,30.96362244897958,29.577549999999977,30.922674,31.385908737231603,HUÁNUCO,7,2024-07-01
37.69,37.30432080913874,35.70864583333333,35.975400000000015,34.824856,38.77121919507719,HUÁNUCO,8,2024-08-01
50.0,34.88861092265786,35.446141732283465,32.98565000000005,32.91008,37.3441041134341,HUÁNUCO,9,2024-09-01
37.38,44.53642419921943,47.97142857142857,39.71170000000002,34.741745,51.669638894335414,HUÁNUCO,10,2024-10-01
38.67,37.174481655718495,55.79999999999999,37.55489999999999,37.227226,37.77350772764982,HUÁNUCO,11,2024-11-01
55.11,33.81943617274184,41.08,35.61659999999998,36.81579,34.51588071491718,HUÁNUCO,12,2024-12-01
34.72,45.55453620933209,41.90842592592594,37.94075000000002,28.866156,47.25638612175932,HUÁNUCO,1,2025-01-01
33.22,36.297563130592096,37.25666666666667,33.586850000000005,39.195232,37.27205380126393,HUÁNUCO,2,2025-02-01
27.3,31.508241704606093,31.799252873563212,31.09795,32.661217,37.716366661261375,HUÁNUCO,3,2025-03-01
31.03,29.480952594726357,28.606138613861408,29.67105,30.842749,37.82642533699374,HUÁNUCO,4,2025-04-01
26.75,33.142937968867756,31.799252873563212,30.703699999999994,33.296288,37.26450267507219,HUÁNUCO,5,2025-05-01
35.71,29.731264007458414,28.606138613861408,29.02119999999999,29.34143,34.07653376750128,HUÁNUCO,6,2025-06-01
31.18,33.58830502057421,34.942941176470576,31.86824999999999,32.220818,31.349636960177985,HUÁNUCO,1,2024-01-01
29.96,32.915698251095385,31.799252873563212,31.506649999999986,31.810211,30.274562424250046,HUÁNUCO,2,2024-02-01
27.9,28.55622976885654,31.799252873563212,29.354550000000003,29.003778,26.79404104950289,HUÁNUCO,3,2024-03-01
26.5,29.826434582107755,28.815632183908047,30.05680000000002,28.488537,31.012849755261318,HUÁNUCO,4,2024-04-01
26.4,30.02958340159197,28.606138613861408,27.615650000000002,27.360485,29.505677429694874,HUÁNUCO,5,2024-05-01
33.49,28.68677740485257,28.815632183908047,28.316599999999994,27.68285,29.15148025951011,HUÁNUCO,6,2024-06-01
36.3,36.32740528238011,33.943346613545835,35.07829999999997,34.162876,33.4880359149444,HUÁNUCO,7,2024-07-01
36.8,36.262301491737034,34.942941176470576,34.837949999999985,35.237648,37.58001171114629,HUÁNUCO,8,2024-08-01
30.49,35.58849407172245,35.446141732283465,37.11215000000003,35.173164,38.90874560665814,HUÁNUCO,9,2024-09-01
37.86,33.779629875861374,30.96362244897958,30.3321,31.423738,35.29095548327514,HUÁNUCO,10,2024-10-01
32.73,36.25945408976638,38.84619047619048,34.457,33.91353,37.47139845766089,HUÁNUCO,11,2024-11-01
29.39,30.28375493131815,25.807666666666663,30.734599999999986,30.146488,27.558986455346297,HUÁNUCO,12,2024-12-01
33.61,30.60336030189328,29.511394230769238,30.01395000000002,27.38434,29.283321448652103,HUÁNUCO,1,2025-01-01
33.69,34.00505397537297,35.60454545454546,31.996149999999997,32.0351,30.795472871631215,HUÁNUCO,2,2025-02-01
27.24,30.76952673996666,25.807666666666663,29.66599999999999,30.257494,31.227258573162814,HUÁNUCO,3,2025-03-01
30.12,29.54169313013539,28.606138613861408,29.029550000000008,29.110216,32.65374389509898,HUÁNUCO,4,2025-04-01
31.89,32.352564314550975,30.96362244897958,30.335050000000006,31.080883,34.27486766115226,HUÁNUCO,5,2025-05-01
33.66,32.55065305976931,31.799252873563212,32.194700000000005,31.309986,33.713218338650044,HUÁNUCO,6,2025-06-01
25.85,28.685302614803753,28.606138613861408,27.886400000000023,28.94158,32.10478436567557,HUÁNUCO,1,2024-01-01
25.18,28.634259982729542,28.606138613861408,27.03335000000001,30.620554,28.771771763968164,HUÁNUCO,2,2024-02-01
24.39,24.946408183959594,28.606138613861408,25.928700000000006,28.87937,27.85970463805023,HUÁNUCO,3,2024-03-01
20.99,26.916466516821487,28.606138613861408,27.724300000000003,26.23205,31.282878033204153,HUÁNUCO,4,2024-04-01
30.35,26.17447922504438,50.46,27.94169999999999,24.383718,28.19844545283808,HUÁNUCO,5,2024-05-01
33.37,30.21008327042004,30.96362244897958,30.64394999999999,29.876553,34.120240591606354,HUÁNUCO,6,2024-06-01
37.52,36.03401817681144,36.733999999999995,34.4653,34.93062,36.58067393795688,HUÁNUCO,7,2024-07-01
34.37,36.753161125135605,35.446141732283465,35.93105000000001,35.322227,39.51373450792384,HUÁNUCO,8,2024-08-01
29.42,33.88758136716542,34.31822857142859,33.75149999999999,32.417927,34.668249721815265,HUÁNUCO,9,2024-09-01
31.04,32.866834487080794,29.511394230769238,30.120900000000006,29.272066,33.05730925331118,HUÁNUCO,10,2024-10-01
28.72,31.70019388637553,30.96362244897958,30.00095000000005,30.651758,28.581077500845605,HUÁNUCO,11,2024-11-01
25.18,26.68616875943912,23.492173913043477,27.056799999999996,26.765348,24.9595504804997,HUÁNUCO,12,2024-12-01
24.78,27.016626046382452,24.923516483516487,26.426099999999998,24.675863,31.366894355399065,HUÁNUCO,1,2025-01-01
24.13,27.718813132475827,24.923516483516487,26.116950000000006,25.610285,27.760476452696278,HUÁNUCO,2,2025-02-01
17.9,23.72354022500506,27.089795918367347,23.766299999999998,23.657837,28.218117150361746,HUÁNUCO,3,2025-03-01
24.47,22.288287677535966,20.476912751677855,21.583549999999995,20.486362,26.661262993323017,HUÁNUCO,4,2025-04-01
22.56,27.741655117356732,26.875373134328353,27.1112,25.49608,31.56575319755152,HUÁNUCO,5,2025-05-01
23.73,25.64811790156537,26.004687499999996,26.107149999999994,23.529852,31.255267288409183,HUÁNUCO,6,2025-06-01
32.9,40.43351868180553,43.70444444444445,37.81445000000002,37.80757,37.25435395144567,HUÁNUCO,1,2024-01-01
39.35,37.86941625095103,39.54423076923076,37.21810000000002,36.673813,34.82728146984324,HUÁNUCO,2,2024-02-01
36.77,38.47595789175582,42.21093750000001,40.357250000000015,39.437157,39.509928070493125,HUÁNUCO,3,2024-03-01
54.44,39.380668240367235,44.35875,38.394499999999994,39.200943,44.43285385863992,HUÁNUCO,4,2024-04-01
51.67,51.44373484146962,57.3984,51.17935000000001,48.175007,57.51190871308512,HUÁNUCO,5,2024-05-01
38.83,49.958557817992215,57.3984,52.92380000000002,47.339195,53.1128489317271,HUÁNUCO,6,2024-06-01
50.54,46.159309472018016,35.77444444444445,45.38885000000002,46.227592,43.042604957273134,HUÁNUCO,7,2024-07-01
56.83,50.484840433528035,25.38,53.37175000000001,52.52609,47.10005849613397,HUÁNUCO,8,2024-08-01
46.61,52.36760056647131,45.09375,50.48884999999999,46.423134,56.18889170900123,HUÁNUCO,9,2024-09-01
45.86,49.858427647840685,49.605714285714285,51.090150000000015,46.760113,48.41644685473743,HUÁNUCO,10,2024-10-01
48.28,46.7826325585369,46.88786324786325,45.8143,43.52777,46.67799474734746,HUÁNUCO,11,2024-11-01
34.09,44.15772109549871,37.05782608695652,34.666600000000045,36.7413,33.99086288947054,HUÁNUCO,12,2024-12-01
38.71,38.377105167363034,39.54423076923076,36.57595000000006,35.222134,39.251194491494196,HUÁNUCO,1,2025-01-01
35.89,41.93216652745374,38.31363636363636,40.607850000000035,39.94758,38.972121158907115,HUÁNUCO,2,2025-02-01
33.44,36.632293987521656,35.884848484848476,38.13750000000005,38.017853,42.071353749018506,HUÁNUCO,3,2025-03-01
42.83,38.5307271487539,42.09314285714285,40.450000000000024,40.107025,42.432448578307906,HUÁNUCO,4,2025-04-01
52.1,44.996458654966325,49.605714285714285,47.61,44.56304,47.27365417718736,HUÁNUCO,5,2025-05-01
42.5,48.99913914747124,57.3984,49.390450000000016,45.456024,58.726302979468535,HUÁNUCO,6,2025-06-01
18.82,18.57683351374719,17.63838235294118,18.062599999999993,17.724432,21.39150063160128,HUÁNUCO,1,2024-01-01
19.02,20.257735544126316,20.2056156156156,19.06710000000001,19.39655,20.57426855533321,HUÁNUCO,2,2024-02-01
15.13,16.936517175939922,20.2056156156156,17.83584999999999,18.340696,17.63452978786776,HUÁNUCO,3,2024-03-01
17.09,17.341192761280084,18.216666666666665,17.626749999999983,17.439125,17.631405038795865,HUÁNUCO,4,2024-04-01
15.07,19.684434987914845,18.216666666666665,17.68879999999998,18.690363,20.165016433898046,HUÁNUCO,5,2024-05-01
16.71,17.299613950353844,18.216666666666665,16.723599999999998,16.734863,18.07493054449556,HUÁNUCO,6,2024-06-01
16.96,21.328011959302998,18.216666666666665,17.99769999999999,18.597355,16.1817558604267,HUÁNUCO,7,2024-07-01
19.84,19.423452399794833,18.216666666666665,17.27795,17.06633,16.299745765385467,HUÁNUCO,8,2024-08-01
16.26,19.882551714132923,20.2056156156156,18.614499999999996,17.377731,17.141714018784853,HUÁNUCO,9,2024-09-01
19.07,19.915229888208856,18.216666666666665,17.474750000000007,17.294672,17.421184010585925,HUÁNUCO,10,2024-10-01
16.99,20.164289718158805,20.2056156156156,18.826899999999988,18.476942,17.99319120402396,HUÁNUCO,11,2024-11-01
15.8,15.558225318121353,18.216666666666665,17.02455,16.231045,12.536664732962496,HUÁNUCO,12,2024-12-01
19.6,17.525064421584865,15.99648148148148,17.71995000000001,15.866913,21.524840419573795,HUÁNUCO,1,2025-01-01
17.4,20.950402212195314,20.2056156156156,19.24649999999999,18.153557,21.337652272355864,HUÁNUCO,2,2025-02-01
16.91,16.239092488586603,18.1275,16.811700000000002,17.464827,16.13631243603829,HUÁNUCO,3,2025-03-01
18.78,18.55133350167482,18.216666666666665,17.409100000000002,17.740084,19.979953442110627,HUÁNUCO,4,2025-04-01
18.78,20.977024911368506,17.63838235294118,18.78760000000001,19.184761,23.117694264743644,HUÁNUCO,5,2025-05-01
19.56,19.90269019857505,17.63838235294118,18.92435,19.181324,22.997419158492228,HUÁNUCO,6,2025-06-01
22.99,40.99859554552174,60.9025,39.592850000000006,38.056835,46.08167717948021,ICA,1,2024-01-01
36.7,29.118816002232567,4.83,33.77044999999999,42.615906,29.483888527214983,ICA,2,2024-02-01
35.62,32.01321559611658,34.942941176470576,33.25669999999998,42.321693,30.703426910116843,ICA,3,2024-03-01
31.13,34.72783574377492,37.853928571428575,35.77935000000001,43.403503,31.98860279176539,ICA,4,2024-04-01
16.82,33.86737147141643,30.96362244897958,29.13104999999999,36.95574,29.413238695530723,ICA,5,2024-05-01
30.0,21.146994329016174,17.776666666666667,22.82470000000002,28.144917,13.444021641315883,ICA,6,2024-06-01
75.57,30.192447675547996,31.30887640449439,31.03075,31.47204,22.26622045615886,ICA,7,2024-07-01
30.06,55.51966924240163,11.706666666666669,34.66730000000001,44.479115,42.54947314101284,ICA,8,2024-08-01
46.99,31.534862785609015,56.73,30.857150000000015,33.12174,14.521811677258592,ICA,9,2024-09-01
22.93,41.71187876986342,47.97142857142857,45.53334999999997,46.368458,43.45711187263395,ICA,10,2024-10-01
17.97,26.867959381250206,96.13,33.69875000000001,29.988071,24.282300424822115,ICA,11,2024-11-01
20.63,20.606717985389373,50.46,27.236649999999976,27.615517,32.91673343663044,ICA,12,2024-12-01
32.06,22.893251160179474,50.46,29.73920000000003,30.079527,35.07506421115792,ICA,1,2025-01-01
32.92,31.79934763328341,34.54,34.26530000000001,39.912468,35.06749378322437,ICA,2,2025-02-01
45.51,29.602417236774702,33.943346613545835,30.420250000000024,38.19834,28.97149410316046,ICA,3,2025-03-01
37.86,39.74932077371973,38.77277108433734,40.35075000000004,44.568462,36.67811625444255,ICA,4,2025-04-01
27.97,36.96377488141969,35.446141732283465,37.17630000000001,39.834164,31.16252863537304,ICA,5,2025-05-01
45.99,30.49706423915551,64.52,29.92940000000002,32.45662,18.99327287931554,ICA,6,2025-06-01
11.56,35.89811268261515,29.59235294117647,35.27984999999997,30.953112,14.058500705519322,ICA,1,2024-01-01
17.06,16.549848270333648,23.715,24.68360000000001,22.40521,24.33999378733611,ICA,2,2024-02-01
12.01,14.162144872963825,64.19,24.510749999999994,27.659182,32.09838737514482,ICA,3,2024-03-01
8.43,13.20165274262537,12.17377622377623,19.09445,20.056725,21.82081949787896,ICA,4,2024-04-01
6.81,12.682803513951342,10.59220833333333,11.1436,13.755685,17.512785688506195,ICA,5,2024-05-01
2.78,9.99302169143209,10.59220833333333,11.136599999999996,11.486709,17.418367955418116,ICA,6,2024-06-01
6.0,10.743382150418203,5.0139999999999985,7.672850000000002,9.97029,14.577066762655132,ICA,7,2024-07-01
11.2,10.014069569571213,6.534705882352943,11.145450000000006,9.447159,20.718220930221026,ICA,8,2024-08-01
8.7,12.155161478294694,3.23,12.120950000000002,10.865877,22.353038318935706,ICA,9,2024-09-01
10.13,14.617259653844625,12.385780590717289,15.069149999999995,12.840083,17.976950876889212,ICA,10,2024-10-01
10.37,14.383212980168834,12.385780590717289,15.646949999999999,14.730139,15.913661834292336,ICA,11,2024-11-01
11.38,10.951526155834213,44.53,21.405800000000017,14.240816,9.56586694169968,ICA,12,2024-12-01
8.15,11.82094195017563,13.079692307692317,12.085849999999994,14.000113,12.307724092795228,ICA,1,2025-01-01
11.9,11.550161422329158,11.540107526881721,16.771999999999988,15.406012,9.756217880536484,ICA,2,2025-02-01
9.05,9.806672877999677,13.079692307692317,12.079149999999997,15.153352,16.927517758781324,ICA,3,2025-03-01
10.37,10.599150831089517,10.59220833333333,12.157199999999994,11.348642,21.308340386762495,ICA,4,2025-04-01
8.33,12.720262159790138,12.17377622377623,12.155049999999994,14.002982,20.418311108324833,ICA,5,2025-05-01
11.11,10.026709160867597,10.59220833333333,12.07229999999999,11.117004,20.81628725467144,ICA,6,2025-06-01
31.33,26.476286855124577,28.197034482758596,27.6411,27.046965,27.690090734652596,ICA,1,2024-01-01
32.03,30.811288246532737,30.96362244897958,30.486500000000007,32.352432,37.0407946673405,ICA,2,2024-02-01
35.59,27.933814344646475,29.625692307692297,28.99655000000001,29.983625,37.12256394283246,ICA,3,2024-03-01
24.1,33.44484572577498,18.14,34.66359999999999,33.74946,37.82995927882961,ICA,4,2024-04-01
39.41,27.843755526646383,26.875373134328353,28.49930000000001,26.270931,29.9759563293529,ICA,5,2024-05-01
38.71,34.59439754426652,42.512499999999996,33.86805,33.060654,39.51545022058355,ICA,6,2024-06-01
35.75,38.54833436641894,35.446141732283465,34.673449999999995,37.365734,41.76549357521543,ICA,7,2024-07-01
29.82,35.408646178783165,34.31822857142859,34.5199,34.502823,37.941533145659925,ICA,8,2024-08-01
35.96,30.555120718581165,30.96362244897958,31.410150000000012,30.642185,32.9423698620761,ICA,9,2024-09-01
36.84,35.62601570128059,34.31822857142859,34.07264999999998,34.726322,33.991049821314064,ICA,10,2024-10-01
42.14,34.77453818541599,38.84619047619048,33.92129999999998,35.921757,36.5671445463235,ICA,11,2024-11-01
36.29,35.01539296418943,17.62,35.62319999999999,32.975758,38.347557862441654,ICA,12,2024-12-01
32.32,34.97706823054511,34.942941176470576,34.680150000000005,32.704586,33.28066562096159,ICA,1,2025-01-01
34.54,33.75286490891593,31.799252873563212,32.95954999999999,34.914886,39.65204593715715,ICA,2,2025-02-01
37.17,31.451095187816577,34.942941176470576,32.41400000000001,34.066124,36.45464232319437,ICA,3,2025-03-01
28.3,34.983177559152445,37.52732673267327,33.92560000000001,35.824005,43.47735696522874,ICA,4,2025-04-01
22.82,32.402671310132895,33.943346613545835,31.227949999999996,30.836742,33.64408365687178,ICA,5,2025-05-01
38.68,27.083429219843534,28.815632183908047,28.982699999999994,25.704477,29.01110453576463,ICA,6,2025-06-01
26.16,26.426953401914336,26.209496124031,26.15419999999998,25.897274,27.409964323225346,ICA,1,2024-01-01
30.52,27.218447590570396,25.187843551797034,26.840299999999992,27.176817,25.67713287075112,ICA,2,2024-02-01
28.26,26.46577031342569,27.7918947368421,27.882000000000016,26.881203,24.474310444064248,ICA,3,2024-03-01
31.7,28.342132887765853,24.23083333333333,28.266599999999993,27.404715,22.568810115905396,ICA,4,2024-04-01
26.2,31.49353573256284,28.069677419354843,28.956699999999987,28.414747,24.007180988475195,ICA,5,2024-05-01
27.79,26.838820308707803,24.923516483516487,26.31645,25.616306,21.914779058723123,ICA,6,2024-06-01
24.4,30.867666085338936,28.197034482758596,28.910749999999975,27.963089,27.045799896091356,ICA,7,2024-07-01
27.31,26.81697478678508,24.923516483516487,25.928900000000002,25.48233,22.406142745380293,ICA,8,2024-08-01
32.5,27.137448151863918,28.197034482758596,27.207099999999983,26.714703,22.286148209774826,ICA,9,2024-09-01
24.77,32.28210333148667,34.31822857142859,29.928750000000004,30.131046,27.412093745117577,ICA,10,2024-10-01
28.82,26.99110047212852,24.923516483516487,26.06065000000001,26.707588,24.487776201389092,ICA,11,2024-11-01
30.28,25.61567245015749,28.345000000000006,27.31414999999999,27.241156,26.588095983965978,ICA,12,2024-12-01
23.95,29.253273827680758,30.96362244897958,29.100950000000008,29.008793,31.1317298548416,ICA,1,2025-01-01
28.26,27.234943063949856,26.875373134328353,27.91829999999998,27.275515,23.31343884645045,ICA,2,2025-02-01
22.27,25.81221443888412,24.23083333333333,25.53670000000001,25.716507,23.088750410750173,ICA,3,2025-03-01
25.88,25.05360407628111,26.004687499999996,26.74334999999998,23.973385,21.81969294736353,ICA,4,2025-04-01
23.35,28.00586329506259,24.923516483516487,25.533899999999996,25.408371,19.96055052295673,ICA,5,2025-05-01
24.39,25.340678952398918,24.02314049586778,27.01885000000001,24.32127,19.16802900444684,ICA,6,2025-06-01
40.54,30.514501724725342,30.96362244897958,29.625550000000022,30.288265,34.684098150554085,ICA,1,2024-01-01
44.41,37.92356814336245,38.77277108433734,35.2755,38.55793,46.34527177412546,ICA,2,2024-02-01
39.82,37.22108726277725,30.948823529411772,33.772299999999966,34.009766,37.776930598370924,ICA,3,2024-03-01
35.76,37.65117460518474,40.94352941176472,37.67894999999999,38.641068,40.932207612407645,ICA,4,2024-04-01
33.53,36.351023558151695,34.942941176470576,34.16020000000001,35.36864,36.31126427792187,ICA,5,2024-05-01
30.22,33.404182008702136,31.799252873563212,32.90039999999998,33.26942,34.1766128391148,ICA,6,2024-06-01
33.44,34.753059266973004,31.799252873563212,31.392650000000014,35.412434,40.73304165826902,ICA,7,2024-07-01
46.47,34.48337702025716,31.799252873563212,32.63590000000001,33.541706,34.87167091372659,ICA,8,2024-08-01
27.37,41.11302414971224,40.4123484848485,37.92665000000004,36.044037,38.57731886421444,ICA,9,2024-09-01
32.44,32.82040998278844,31.044999999999998,31.584750000000007,31.874174,37.36807109328178,ICA,10,2024-10-01
36.99,33.81662271374191,31.799252873563212,33.0017,34.466614,39.964788874862535,ICA,11,2024-11-01
36.95,32.69031682853316,26.63875,34.78654999999999,33.587845,34.01416541522671,ICA,12,2024-12-01
41.22,36.34829988268532,26.63875,37.06704999999999,36.09069,35.22443609217708,ICA,1,2025-01-01
39.93,40.50390592995473,45.230000000000004,41.0567,40.057186,47.42971481451719,ICA,2,2025-02-01
35.57,36.31896677337441,27.502,34.86979999999999,36.81583,36.156500047859105,ICA,3,2025-03-01
43.01,36.036237825972,34.942941176470576,35.85815,35.403217,39.04666990804614,ICA,4,2025-04-01
43.25,41.564613650341094,40.4123484848485,40.206700000000026,38.3335,39.713134393917876,ICA,5,2025-05-01
48.48,40.72848900673993,43.721666666666664,40.14705000000003,37.703747,40.68022213875871,ICA,6,2025-06-01
9.37,20.703246507647044,14.39368421052632,21.880350000000004,18.072489,7.721379650796722,ICA,1,2024-01-01
12.67,12.916491309069292,7.435000000000001,12.1656,13.39572,16.879197705715736,ICA,2,2024-02-01
23.22,10.416013821409084,12.17377622377623,11.71034999999999,13.153231,24.70793082352685,ICA,3,2024-03-01
16.35,19.205704963356336,28.160333333333334,15.89469999999999,13.87705,29.29810966349038,ICA,4,2024-04-01
18.02,17.601361611881,16.501396648044697,16.244450000000008,15.692751,24.039071335935393,ICA,5,2024-05-01
20.11,17.249518620685272,16.683442622950825,18.18660000000001,15.756483,23.85287381620006,ICA,6,2024-06-01
16.72,21.800189127969844,22.168795180722903,21.456649999999986,20.555765,25.721463367227525,ICA,7,2024-07-01
8.75,18.32483409787044,16.501396648044697,16.20810000000001,17.518187,25.521727113298137,ICA,8,2024-08-01
7.78,11.835765102815916,10.59220833333333,11.615499999999992,11.173955,23.234227336606,ICA,9,2024-09-01
10.35,12.68225578900162,10.59220833333333,11.55945,11.935702,24.333061789144786,ICA,10,2024-10-01
9.3,13.996854583053683,13.079692307692317,16.357550000000007,15.986027,23.479298730974282,ICA,11,2024-11-01
12.79,9.487848104698205,12.385780590717289,16.275600000000015,14.025054,16.2332223648708,ICA,12,2024-12-01
23.43,13.319472536401738,12.17377622377623,14.766699999999998,13.40368,17.22797351573934,ICA,1,2025-01-01
19.98,21.437329479669437,18.363599999999995,18.62385,21.01263,26.61067290743027,ICA,2,2025-02-01
18.98,17.447146574537562,20.2056156156156,17.392699999999998,17.755564,24.101489164062695,ICA,3,2025-03-01
16.68,19.002065427758183,20.2056156156156,20.3765,17.641047,29.98903887971167,ICA,4,2025-04-01
13.19,19.09492299827052,16.501396648044697,16.451950000000007,16.166924,24.614667552503036,ICA,5,2025-05-01
8.18,15.591135921476582,13.079692307692317,15.494050000000001,14.267011,23.82132419929278,ICA,6,2025-06-01
21.15,19.373843530945884,20.2056156156156,18.3844,19.15682,17.35652120034567,ICA,1,2024-01-01
22.14,22.09850712786161,20.2056156156156,20.9313,22.190575,27.1514834562665,ICA,2,2024-02-01
18.61,19.247832284286254,21.74028571428572,20.644000000000016,19.947872,18.520117628292862,ICA,3,2024-03-01
17.02,19.84299280678472,19.61492248062016,19.75910000000002,20.378448,18.328855410470414,ICA,4,2024-04-01
17.46,20.096848683719912,18.216666666666665,19.181499999999996,18.668505,21.37016906955888,ICA,5,2024-05-01
17.28,18.879821574861403,18.216666666666665,19.54755,19.30131,21.959847955348145,ICA,6,2024-06-01
19.45,21.998975901614667,18.216666666666665,19.755700000000004,19.919243,23.82718876630731,ICA,7,2024-07-01
19.61,21.22392623222502,20.2056156156156,19.91655,19.970535,21.531973153292984,ICA,8,2024-08-01
16.52,20.07036314168557,20.2056156156156,19.9624,18.858778,19.415285874140135,ICA,9,2024-09-01
20.98,20.02132446504251,18.216666666666665,18.500600000000006,18.407637,20.283187393002695,ICA,10,2024-10-01
23.65,21.69701367138456,20.2056156156156,20.68579999999999,21.152311,20.288617310965638,ICA,11,2024-11-01
21.59,19.743972147025048,21.74028571428572,18.973549999999996,20.27955,20.516683635795527,ICA,12,2024-12-01
21.98,21.704277958576334,23.117770897832802,21.721099999999996,21.659771,17.842664122423294,ICA,1,2025-01-01
23.46,23.234608558615488,23.117770897832802,21.525049999999982,23.708809,27.541718892382875,ICA,2,2025-02-01
21.37,20.482756564225355,20.58934426229508,21.976800000000004,21.65165,20.426890438631425,ICA,3,2025-03-01
19.73,21.853469616727466,23.117770897832802,22.618049999999986,22.11581,21.248880192517092,ICA,4,2025-04-01
18.39,22.351885094759773,20.2056156156156,20.18370000000001,20.120077,21.739843119146958,ICA,5,2025-05-01
16.33,20.085102768722976,19.61492248062016,19.49845000000002,20.082113,22.33187855464922,ICA,6,2025-06-01
37.73,26.25197601546543,23.507153284671535,26.410299999999978,28.17391,34.89984838078362,ICA,1,2024-01-01
39.64,34.93847184106898,35.70864583333333,35.74279999999999,38.088924,45.268170923813884,ICA,2,2024-02-01
35.92,33.349727534646625,30.948823529411772,32.23514999999997,34.025913,34.061706290861515,ICA,3,2024-03-01
36.04,34.32357908860196,32.91813559322035,35.164149999999985,33.918114,38.3878868523886,ICA,4,2024-04-01
32.87,35.4418844408383,32.91813559322035,34.87104999999997,32.063305,38.695849698116795,ICA,5,2024-05-01
35.0,32.37706967470793,32.91813559322035,33.689249999999994,33.361805,36.65311414061992,ICA,6,2024-06-01
41.37,37.23900152159954,34.942941176470576,35.82529999999999,37.07223,39.01673779419719,ICA,7,2024-07-01
43.77,39.18378598718889,38.77277108433734,37.83085,39.765297,42.01590683995218,ICA,8,2024-08-01
39.62,39.90264222788443,38.77277108433734,39.29880000000002,40.227158,41.20405159468276,ICA,9,2024-09-01
46.81,40.15217728242838,40.94352941176472,39.578,42.028812,46.14369476787398,ICA,10,2024-10-01
37.38,42.96834413531215,39.30756097560977,41.2061,42.97698,48.5594923066159,ICA,11,2024-11-01
31.47,34.2342076090912,15.7,30.960449999999994,33.66815,34.56769750959921,ICA,12,2024-12-01
36.39,33.708471052589104,33.943346613545835,32.48934999999999,32.956432,32.14322940442228,ICA,1,2025-01-01
40.72,37.36033082577849,34.942941176470576,37.578250000000004,40.381668,43.1787324873409,ICA,2,2025-02-01
31.46,36.471590443401965,36.61818181818182,35.14834999999997,37.9875,32.941352486393285,ICA,3,2025-03-01
33.62,33.92969241482938,33.943346613545835,32.66565,35.535645,36.7951369283283,ICA,4,2025-04-01
29.81,35.990606497929534,31.799252873563212,34.1918,36.482533,37.298163753193634,ICA,5,2025-05-01
27.41,32.416761435378476,31.799252873563212,30.342399999999994,32.596226,33.920492177035264,ICA,6,2025-06-01
50.73,33.76171468589846,28.690999999999995,31.40414999999999,35.52785,39.903272860631155,ICA,1,2024-01-01
55.24,45.32644900328211,38.77277108433734,42.175399999999996,45.098186,60.22607301626901,ICA,2,2024-02-01
42.57,45.53453215275804,30.24285714285714,42.99619999999996,44.24573,44.71829773566166,ICA,3,2024-03-01
28.71,41.94747483164888,36.10705882352941,40.635099999999994,41.421535,40.574339633504884,ICA,4,2024-04-01
30.4,34.287233217504365,31.799252873563212,27.659950000000023,33.321865,28.748903598011243,ICA,5,2024-05-01
25.86,32.69173233498487,31.799252873563212,32.197500000000005,30.952066,25.811382319736023,ICA,6,2024-06-01
36.63,33.33391766759644,42.44,32.89865000000002,35.962677,37.71665643175651,ICA,7,2024-07-01
42.61,37.272836971399826,34.942941176470576,33.871499999999976,38.431236,32.57954096040914,ICA,8,2024-08-01
29.06,40.559301256945766,40.4123484848485,37.76045000000001,39.158047,33.756448809592214,ICA,9,2024-09-01
45.45,35.851405951635826,33.943346613545835,31.45895,37.066555,38.44942411087441,ICA,10,2024-10-01
37.68,43.191411025463275,40.4123484848485,41.41105000000004,40.799927,43.03408558800696,ICA,11,2024-11-01
40.37,36.022755361236065,26.63875,35.06835,39.550224,35.01918717239655,ICA,12,2024-12-01
55.35,41.17758873266863,36.10705882352941,43.706550000000014,48.896397,41.19555216589376,ICA,1,2025-01-01
59.96,51.551419791013856,41.90842592592594,50.56840000000001,56.88669,61.01620948768555,ICA,2,2025-02-01
39.58,51.296386959197925,47.58481481481483,47.330450000000035,49.40998,46.19245758832498,ICA,3,2025-03-01
42.07,41.78438798013584,36.10705882352941,37.560700000000026,39.965088,43.224679608770295,ICA,4,2025-04-01
39.02,43.78417354379662,36.10705882352941,39.87450000000003,43.18322,42.91929979172219,ICA,5,2025-05-01
25.29,40.20826999065534,36.57454545454545,39.018950000000025,37.462624,37.20592104400264,ICA,6,2025-06-01
55.4,47.05039979088177,43.70444444444445,41.186600000000006,46.273125,57.008706847409414,ICA,1,2024-01-01
66.25,53.07985864382269,45.09375,48.72715000000003,57.091953,70.72183976649121,ICA,2,2024-02-01
55.76,56.28522498556288,47.58481481481483,51.13430000000001,47.008675,55.886076718858625,ICA,3,2024-03-01
36.23,54.18267695001444,38.93,48.68545000000001,49.250748,52.19882829592978,ICA,4,2024-04-01
39.52,42.851877338765824,39.54423076923076,37.048450000000024,36.206104,44.87178940073007,ICA,5,2024-05-01
29.99,41.80216957624792,19.55,39.21419999999999,33.37347,38.550890098458375,ICA,6,2024-06-01
43.05,39.70567460860635,42.09314285714285,38.24950000000004,40.916805,53.034857739297735,ICA,7,2024-07-01
48.14,44.42898710405302,44.35875,43.10050000000001,44.93497,40.81565125133132,ICA,8,2024-08-01
31.93,46.39785595519252,38.31363636363636,39.85945000000002,38.634315,42.325664181733345,ICA,9,2024-09-01
56.57,40.207618017098575,42.09314285714285,39.76165000000003,42.392998,49.21097777726578,ICA,10,2024-10-01
49.08,52.062122601761416,54.16695121951219,46.30955000000003,48.73257,46.42078494068722,ICA,11,2024-11-01
48.8,45.95618814437505,50.086764705882345,42.454900000000016,48.70654,45.34488375996723,ICA,12,2024-12-01
60.66,48.93548707456789,46.723181818181814,46.1388,52.60515,55.70800100462774,ICA,1,2025-01-01
65.29,57.63260752052926,49.37833333333333,54.88785000000004,64.46979,72.25880871828682,ICA,2,2025-02-01
49.68,57.14538014576625,16.94,51.49830000000003,44.51394,58.79471764284921,ICA,3,2025-03-01
45.16,50.012115340863886,46.88786324786325,44.32305000000004,45.819405,57.20375702771014,ICA,4,2025-04-01
41.55,48.24821871278193,46.88786324786325,40.04905000000002,42.002846,52.603783038682685,ICA,5,2025-05-01
28.66,43.64727425623229,41.662857142857135,39.15954999999999,35.520218,46.53671917644518,ICA,6,2025-06-01
22.04,24.251141675980776,23.507153284671535,24.1234,23.910881,23.286721028876126,ICA,1,2024-01-01
22.95,23.42558301040305,23.117770897832802,22.583549999999995,23.943388,23.87946262843709,ICA,2,2024-02-01
23.54,20.53181340130392,20.58934426229508,21.971399999999985,22.373901,23.896941408183856,ICA,3,2024-03-01
18.53,23.563598838306216,23.117770897832802,23.882400000000008,23.174654,26.045367435455276,ICA,4,2024-04-01
18.73,21.89015439795943,20.476912751677855,23.137850000000007,20.22047,21.433556646287027,ICA,5,2024-05-01
19.64,20.354336117941017,20.476912751677855,22.684600000000003,20.221235,21.714264276569025,ICA,6,2024-06-01
23.64,24.379387273654665,21.061538461538458,23.14265,21.609953,25.340399770076658,ICA,7,2024-07-01
21.32,24.622796073845933,23.38199095022626,23.695550000000008,23.224958,26.56757731572335,ICA,8,2024-08-01
21.52,22.163811418531555,21.50167701863354,24.30200000000001,21.34531,25.404183552727094,ICA,9,2024-09-01
26.54,24.389776533853563,23.671782945736442,24.842799999999976,23.240822,23.879697548789597,ICA,10,2024-10-01
23.23,25.39829471727871,25.187843551797034,25.317800000000016,24.499435,25.90307814040942,ICA,11,2024-11-01
20.85,20.413718657963337,23.671782945736442,22.943250000000013,22.149693,26.549657428289553,ICA,12,2024-12-01
19.26,21.3959305719586,20.476912751677855,21.55165000000001,20.062954,21.453124303556503,ICA,1,2025-01-01
19.63,21.54087503497854,20.2056156156156,21.12495,21.533007,21.637187650927963,ICA,2,2025-02-01
16.7,18.167165300693455,20.2056156156156,20.140849999999997,19.682913,23.051248462923407,ICA,3,2025-03-01
20.09,18.599205363144762,18.216666666666665,18.650399999999994,17.988312,26.197828306990516,ICA,4,2025-04-01
19.21,21.936341468935275,20.2056156156156,20.102000000000004,19.819187,24.557993154922134,ICA,5,2025-05-01
18.75,20.296511140294044,20.2056156156156,19.81190000000001,19.117575,25.219392008913776,ICA,6,2025-06-01
32.31,41.28959101503395,60.9025,37.73090000000001,40.19672,57.55097437264748,ICA,1,2024-01-01
73.29,38.49320677191791,42.09314285714285,39.08504999999998,47.941566,54.67272657123091,ICA,2,2024-02-01
50.41,57.844177148406345,41.90875,47.39155000000002,55.30649,63.34472746307484,ICA,3,2024-03-01
59.46,50.8068872227452,50.724666666666664,46.8212,49.7227,56.498993298002745,ICA,4,2024-04-01
49.24,55.72951477390597,59.30400000000001,54.068099999999994,52.25235,56.06044854740484,ICA,5,2024-05-01
41.36,47.92553179769951,50.724666666666664,45.6579,36.524734,45.72610448863138,ICA,6,2024-06-01
54.77,46.22027783272357,45.3602857142857,43.0281,42.56875,63.29281386179428,ICA,7,2024-07-01
65.17,51.432334411370476,35.59,51.04715,47.169353,50.22869289283314,ICA,8,2024-08-01
42.52,56.877319512098474,47.58481481481483,49.69384999999999,49.479706,57.12830598462596,ICA,9,2024-09-01
43.55,47.85983741052419,46.88786324786325,45.10265000000003,50.471977,58.38170176319697,ICA,10,2024-10-01
44.75,45.56965664783017,46.88786324786325,43.07850000000004,45.973373,61.83190219447643,ICA,11,2024-11-01
36.77,42.833519074452354,37.05782608695652,39.47065000000002,40.628616,51.035325814774076,ICA,12,2024-12-01
60.73,40.557894386861,43.70444444444445,38.518400000000014,42.408886,62.1061015910856,ICA,1,2025-01-01
85.47,57.95759014452265,100.0,67.08500000000005,72.89245,67.6222369769484,ICA,2,2025-02-01
52.06,69.39898377408524,41.90875,63.99975000000005,52.53441,79.2530686573911,ICA,3,2025-03-01
37.54,55.075556189554725,35.59,54.10114999999999,53.882545,62.319006507822024,ICA,4,2025-04-01
38.35,45.62746509844838,32.87363636363636,46.21009999999999,38.90655,41.94366413091395,ICA,5,2025-05-01
21.07,42.41817109682176,52.73875,42.006100000000025,35.429726,37.79590686615536,ICA,6,2025-06-01
17.54,16.92077742324233,18.216666666666665,22.295450000000006,16.238028,18.96945002749619,JUNÍN,1,2024-01-01
21.99,18.706164594598857,18.216666666666665,18.312750000000005,16.911077,19.652621487716317,JUNÍN,2,2024-02-01
16.73,17.64404695159329,10.04,16.195399999999985,10.407746,9.604135063638761,JUNÍN,3,2024-03-01
13.02,18.066567430014864,18.216666666666665,20.46495000000002,19.29632,15.688582840836913,JUNÍN,4,2024-04-01
29.13,17.321674618422602,11.614084507042252,20.230300000000025,16.519337,20.785333584769667,JUNÍN,5,2024-05-01
26.35,24.889973373679638,28.20612612612612,28.685100000000013,18.344799,22.185553284091593,JUNÍN,6,2024-06-01
55.85,28.949984190809246,29.26815789473683,27.92230000000001,36.902554,39.501819880878394,JUNÍN,7,2024-07-01
46.67,44.08675888999154,53.55,48.04519999999999,39.57581,39.79674551247244,JUNÍN,8,2024-08-01
19.58,38.59419193721831,43.52,42.912800000000026,30.029829,33.49773351296864,JUNÍN,9,2024-09-01
49.7,25.93460047735224,25.18049180327869,30.681349999999956,28.91553,28.091523614714472,JUNÍN,10,2024-10-01
26.15,39.19403173678424,29.59235294117647,40.354249999999986,26.395605,39.76229124208438,JUNÍN,11,2024-11-01
15.12,23.47750452859867,24.923516483516487,26.187099999999997,22.466885,25.833810047638828,JUNÍN,12,2024-12-01
25.1,18.983766611274554,18.216666666666665,20.301800000000025,18.442343,21.731545042441066,JUNÍN,1,2025-01-01
22.77,25.161590634785867,24.923516483516487,25.575750000000003,25.034569,25.347646060293492,JUNÍN,2,2025-02-01
14.72,20.50098319461093,6.07,23.591050000000006,18.03084,12.010482255960495,JUNÍN,3,2025-03-01
25.0,18.178275279528833,18.216666666666665,19.859600000000007,18.02908,16.288968952889718,JUNÍN,4,2025-04-01
40.83,26.125562107024614,26.875373134328353,26.78475000000001,26.220642,22.541479620147136,JUNÍN,5,2025-05-01
28.44,34.57741071435574,31.193076923076923,26.38765000000002,26.045769,26.86174804101008,JUNÍN,6,2025-06-01
21.31,24.684346287454183,23.507153284671535,24.302599999999998,23.786264,22.756767445386824,JUNÍN,1,2024-01-01
27.1,23.60431698536514,21.50167701863354,25.770299999999985,22.178625,24.517188833416913,JUNÍN,2,2024-02-01
18.96,23.188098773622666,25.096666666666664,24.69110000000001,21.846825,27.4736243080545,JUNÍN,3,2024-03-01
23.71,21.35972982707448,21.50167701863354,25.107749999999974,20.307226,24.462640750509504,JUNÍN,4,2024-04-01
22.81,25.046311529208353,23.117770897832802,23.498449999999995,22.559944,22.317771540614654,JUNÍN,5,2024-05-01
22.55,23.047020569121678,23.117770897832802,22.51539999999999,21.307062,22.58208455660785,JUNÍN,6,2024-06-01
30.4,26.574932667004497,32.17,27.230800000000013,25.236767,28.01384926314986,JUNÍN,7,2024-07-01
23.47,28.950910838412923,31.30887640449439,26.05625000000001,26.483274,27.626174740791235,JUNÍN,8,2024-08-01
23.73,24.05150237042585,23.117770897832802,23.53545,21.562572,23.192891812449123,JUNÍN,9,2024-09-01
23.78,25.92363978090212,23.117770897832802,24.167700000000004,23.23282,22.897062062539327,JUNÍN,10,2024-10-01
27.98,24.466071712074104,23.117770897832802,23.03974999999998,22.61821,21.80159081714749,JUNÍN,11,2024-11-01
29.11,23.849692833016615,26.209496124031,25.765399999999996,24.271343,22.186576693052878,JUNÍN,12,2024-12-01
22.41,27.329501586225252,27.7918947368421,25.482599999999994,25.151825,26.935403485664505,JUNÍN,1,2025-01-01
24.31,25.209255506149628,25.981125000000013,25.066699999999983,24.24684,27.956892336842525,JUNÍN,2,2025-02-01
22.37,22.02491992899588,20.58934426229508,22.10470000000001,21.564762,28.75957692118956,JUNÍN,3,2025-03-01
21.94,23.667544573544625,23.117770897832802,22.246550000000006,21.737717,28.609366405846576,JUNÍN,4,2025-04-01
22.14,24.763480181817393,23.117770897832802,22.005300000000002,22.043093,23.182576733548533,JUNÍN,5,2025-05-01
22.04,23.457285842716058,23.117770897832802,21.350749999999998,21.814487,23.165279597781858,JUNÍN,6,2025-06-01
26.56,26.038387740946586,26.209496124031,25.19485000000001,26.203985,23.89467638723999,JUNÍN,1,2024-01-01
30.19,27.209914604370525,28.197034482758596,25.956450000000007,28.06814,25.930544277964554,JUNÍN,2,2024-02-01
23.42,26.070509051477558,27.7918947368421,27.589199999999988,27.28038,26.06038452029931,JUNÍN,3,2024-03-01
25.09,24.885575610231683,24.02314049586778,24.58790000000001,25.405132,26.143512212970673,JUNÍN,4,2024-04-01
24.33,27.15954499525307,26.875373134328353,25.44795000000001,26.909502,28.203704964365595,JUNÍN,5,2024-05-01
26.22,25.210350614106638,24.923516483516487,24.59764999999999,25.833237,28.4647064973215,JUNÍN,6,2024-06-01
30.68,29.78192230530752,26.875373134328353,27.995649999999973,29.891443,33.10419102278979,JUNÍN,7,2024-07-01
27.68,30.320253221191024,31.30887640449439,28.958500000000026,30.12094,32.487927451092325,JUNÍN,8,2024-08-01
28.09,27.718796742665283,28.197034482758596,27.078999999999997,27.676064,27.95135792753094,JUNÍN,9,2024-09-01
28.04,29.736233747256385,28.197034482758596,27.94935000000001,28.533192,26.949380886736385,JUNÍN,10,2024-10-01
27.61,28.38059676533381,28.197034482758596,27.675000000000015,28.54347,24.54449492657113,JUNÍN,11,2024-11-01
18.82,24.58486032042851,25.541249999999998,25.852000000000018,26.768034,20.975942433844196,JUNÍN,12,2024-12-01
26.96,22.0035736238368,25.18049180327869,26.55289999999999,23.023558,22.17666241314065,JUNÍN,1,2025-01-01
29.59,27.67483633283856,28.197034482758596,27.335650000000008,28.235558,25.34463697362405,JUNÍN,2,2025-02-01
22.93,25.756953922920406,23.38163636363637,24.65509999999998,25.63084,26.093760181673094,JUNÍN,3,2025-03-01
23.74,24.860100184860304,23.671782945736442,25.270049999999983,25.025,27.312800641405953,JUNÍN,4,2025-04-01
27.95,26.354902378715593,23.117770897832802,25.67729999999999,24.858925,27.606625169429165,JUNÍN,5,2025-05-01
25.71,27.59064154276322,28.197034482758596,26.709549999999986,28.178883,30.660334988291986,JUNÍN,6,2025-06-01
30.65,26.56912096505689,28.606138613861408,32.33185,27.592453,28.77173487554722,JUNÍN,1,2024-01-01
29.58,30.504882235586294,31.799252873563212,31.303150000000013,35.185772,35.39660102148934,JUNÍN,2,2024-02-01
29.94,26.82311255083728,31.799252873563212,30.242350000000002,27.456388,24.222058079507395,JUNÍN,3,2024-03-01
29.65,29.974346784933903,31.799252873563212,32.25205000000001,32.221603,33.697577208371364,JUNÍN,4,2024-04-01
37.07,30.998894754297876,31.799252873563212,31.74470000000001,31.875055,29.63086986643057,JUNÍN,5,2024-05-01
39.18,34.467043573083316,31.193076923076923,33.69765000000003,32.300262,31.984549626569393,JUNÍN,6,2024-06-01
44.93,39.940528931893624,35.446141732283465,34.89885000000002,42.240253,47.10512830360519,JUNÍN,7,2024-07-01
39.5,41.3703096503065,38.77277108433734,40.74185000000002,38.321873,42.9963121941061,JUNÍN,8,2024-08-01
36.84,36.89142304947716,37.65875,36.869800000000005,37.950977,37.40085222035953,JUNÍN,9,2024-09-01
41.14,37.328873655742626,35.446141732283465,35.58304999999998,37.536606,42.26323815718599,JUNÍN,10,2024-10-01
38.25,38.382503560254904,29.59235294117647,34.24475000000001,37.053448,41.087033434741734,JUNÍN,11,2024-11-01
16.36,32.89524100665676,35.356842105263155,28.91905000000002,30.351713,26.545855178101526,JUNÍN,12,2024-12-01
23.43,22.857192399560933,19.699283950617307,22.979500000000012,22.984951,25.720946910586857,JUNÍN,1,2025-01-01
28.45,26.62985137765523,28.606138613861408,29.329700000000006,27.642447,30.616550078207965,JUNÍN,2,2025-02-01
24.84,26.08247676767915,42.98,27.395699999999998,27.493057,23.47608044844308,JUNÍN,3,2025-03-01
22.81,26.91368355125996,28.606138613861408,28.24224999999999,28.314222,32.21640803625009,JUNÍN,4,2025-04-01
31.98,27.405699192059178,28.815632183908047,28.365900000000007,30.71093,27.68290114112683,JUNÍN,5,2025-05-01
22.16,31.272764157583556,32.91813559322035,30.500749999999996,31.45309,29.634326485828424,JUNÍN,6,2025-06-01
19.26,18.547259335958106,20.2056156156156,18.011600000000005,18.490295,18.01501003806714,JUNÍN,1,2024-01-01
19.92,20.19106066995125,20.2056156156156,19.95970000000001,20.343851,21.64081568698528,JUNÍN,2,2024-02-01
17.44,17.180889049075247,20.2056156156156,18.775750000000013,18.835293,13.839010861575783,JUNÍN,3,2024-03-01
16.97,18.453045002661955,18.216666666666665,18.004500000000018,20.072435,18.101288574933125,JUNÍN,4,2024-04-01
14.77,19.23956875193884,18.216666666666665,18.151100000000003,19.088177,17.930492577408526,JUNÍN,5,2024-05-01
14.98,16.569917459547067,18.216666666666665,18.073799999999988,18.082664,17.179540529464784,JUNÍN,6,2024-06-01
18.11,19.915222496827322,19.699283950617307,19.01179999999999,20.008215,19.438964582551836,JUNÍN,7,2024-07-01
16.51,19.257393735889707,17.63838235294118,18.888050000000025,18.973774,19.156587029512902,JUNÍN,8,2024-08-01
14.24,17.206971276519205,18.216666666666665,17.57095,16.11846,14.683834035958608,JUNÍN,9,2024-09-01
17.31,17.922200694683447,16.501396648044697,17.118599999999997,17.48709,17.23933772341844,JUNÍN,10,2024-10-01
14.84,18.303433685171704,15.99648148148148,18.385750000000005,17.315056,14.259155877288826,JUNÍN,11,2024-11-01
13.15,13.461535115241357,15.99648148148148,16.318949999999987,16.721205,14.768372766416116,JUNÍN,12,2024-12-01
16.41,15.034890679755474,13.079692307692317,15.525200000000002,15.42867,18.273391190977318,JUNÍN,1,2025-01-01
16.31,18.075152626648713,15.329062500000004,17.12944999999999,18.596054,19.02089839116996,JUNÍN,2,2025-02-01
16.35,14.594338833828285,16.501396648044697,16.877849999999995,15.189992,9.642714271352467,JUNÍN,3,2025-03-01
19.06,17.176735930690686,16.501396648044697,17.577849999999994,17.48764,16.812972612240355,JUNÍN,4,2025-04-01
20.86,20.17974382396473,20.2056156156156,19.948150000000012,18.932217,18.45467987819686,JUNÍN,5,2025-05-01
17.86,20.18727882493207,20.2056156156156,19.878349999999998,19.75975,20.054543049328508,JUNÍN,6,2025-06-01
17.78,16.87003183270152,15.66720279720279,16.13665000000001,15.923443,15.418596449102777,JUNÍN,1,2024-01-01
20.05,19.893591576896718,17.63838235294118,19.167000000000012,19.656483,17.88663661478387,JUNÍN,2,2024-02-01
20.57,17.873290793274954,20.2056156156156,19.200149999999965,17.666622,17.2520540939843,JUNÍN,3,2024-03-01
22.13,20.955735052439678,20.2056156156156,20.333799999999982,20.432198,22.041061555111895,JUNÍN,4,2024-04-01
24.55,23.676499282274126,23.38199095022626,22.819950000000016,21.49704,23.90922629312941,JUNÍN,5,2024-05-01
22.76,23.912904813509996,23.117770897832802,23.01330000000002,22.62022,25.63336367098235,JUNÍN,6,2024-06-01
23.85,26.463402893890116,23.91,26.966900000000006,24.994797,28.241377819682004,JUNÍN,7,2024-07-01
25.63,24.983435213996934,23.671782945736442,24.4589,22.875416,27.713028863147823,JUNÍN,8,2024-08-01
21.75,24.567272924951375,25.187843551797034,24.5244,22.636866,26.305516947324037,JUNÍN,9,2024-09-01
24.51,24.363493501990295,23.117770897832802,22.25179999999999,22.493698,23.85458066096321,JUNÍN,10,2024-10-01
20.27,24.483239357919953,23.117770897832802,23.28595000000002,22.450583,23.742721517980844,JUNÍN,11,2024-11-01
14.51,18.128076143389066,17.433103448275855,17.197349999999993,18.15857,16.39586738714527,JUNÍN,12,2024-12-01
19.54,17.43995020383621,18.216666666666665,16.144050000000007,16.818487,15.564087351567052,JUNÍN,1,2025-01-01
15.97,21.358520995690355,20.2056156156156,19.929499999999997,19.7881,18.559533607406454,JUNÍN,2,2025-02-01
19.6,16.004441887585443,15.240185185185183,17.84115,17.074848,16.24152098740389,JUNÍN,3,2025-03-01
21.15,20.619800493768597,20.2056156156156,20.188850000000006,19.341644,22.029126836608878,JUNÍN,4,2025-04-01
23.77,23.293432428526362,20.2056156156156,21.769849999999987,20.3485,23.91548774403236,JUNÍN,5,2025-05-01
23.89,23.595465103617258,23.117770897832802,22.71775000000001,21.80245,26.585014259729824,JUNÍN,6,2025-06-01
20.29,18.227965917630392,18.216666666666665,17.537150000000004,16.407927,16.312832647198736,JUNÍN,1,2024-01-01
17.05,21.506185128064597,20.2056156156156,19.61454999999999,20.632755,16.22356797884103,JUNÍN,2,2024-02-01
19.11,16.41313826111913,15.240185185185183,17.57089999999999,16.98578,12.58579289830599,JUNÍN,3,2024-03-01
18.27,20.311716152508232,20.2056156156156,20.137350000000005,19.866688,24.22136459974692,JUNÍN,4,2024-04-01
18.81,21.247464366316155,17.63838235294118,19.743550000000006,19.839197,20.176238367132196,JUNÍN,5,2024-05-01
16.85,20.41849384027575,17.63838235294118,20.139400000000006,20.241838,20.85195055723166,JUNÍN,6,2024-06-01
22.14,22.668954537849615,19.699283950617307,21.97080000000002,21.978813,24.34656511744487,JUNÍN,7,2024-07-01
19.53,23.508634749096874,23.38199095022626,21.636100000000003,23.490057,25.468679622484558,JUNÍN,8,2024-08-01
17.68,20.84768175211111,20.2056156156156,21.259099999999986,21.520061,19.844376613982977,JUNÍN,9,2024-09-01
21.96,21.734274753133878,19.699283950617307,20.114099999999993,22.01807,22.17316712918542,JUNÍN,10,2024-10-01
18.35,22.712320674926485,23.38199095022626,21.544649999999997,22.73686,20.110165101388294,JUNÍN,11,2024-11-01
14.42,16.8285894504875,17.433103448275855,17.601100000000017,18.030577,9.661173947395687,JUNÍN,12,2024-12-01
19.59,17.23668874007305,15.66720279720279,16.216450000000005,17.283693,13.597294568901605,JUNÍN,1,2025-01-01
17.56,21.079717899327154,20.2056156156156,18.92435,20.61558,14.077157495752362,JUNÍN,2,2025-02-01
17.5,16.833997029695254,15.240185185185183,16.77884999999999,19.13699,10.98622728739852,JUNÍN,3,2025-03-01
22.33,19.248962827164675,18.216666666666665,17.984850000000005,19.340628,21.860859922435488,JUNÍN,4,2025-04-01
19.72,23.6110918765071,18.76571428571429,21.139649999999996,21.218943,20.03343831237017,JUNÍN,5,2025-05-01
18.71,20.9656720215241,20.2056156156156,20.099549999999994,19.432335,20.953663885689522,JUNÍN,6,2025-06-01
18.87,37.40981739857469,42.71454545454546,35.77365,29.756218,41.45686057035372,JUNÍN,1,2024-01-01
20.18,26.886173849706974,50.46,27.48059999999997,27.753073,32.293950638755035,JUNÍN,2,2024-02-01
18.71,22.536232992938253,50.46,27.680149999999998,27.95293,22.670713764293065,JUNÍN,3,2024-03-01
25.75,23.54177460479444,50.46,26.3273,26.443424,30.674265396009407,JUNÍN,4,2024-04-01
39.11,29.331548560820472,28.606138613861408,29.455499999999986,31.384974,32.814743655623296,JUNÍN,5,2024-05-01
50.75,36.36855976445413,31.193076923076923,30.79915000000001,29.255203,36.867160930507275,JUNÍN,6,2024-06-01
39.11,48.39600594451401,40.4123484848485,44.43895000000004,51.850296,58.797280770876526,JUNÍN,7,2024-07-01
34.19,41.51863060682721,37.65875,41.082800000000006,43.820328,37.19280262636027,JUNÍN,8,2024-08-01
34.42,36.246284088310446,35.06,36.14780000000001,34.645275,29.305024981620182,JUNÍN,9,2024-09-01
24.03,37.93028682932568,42.19499999999999,38.10130000000001,40.038742,37.69194656622606,JUNÍN,10,2024-10-01
29.08,29.983601744968993,24.64333333333333,33.115550000000006,33.928703,29.552654931870247,JUNÍN,11,2024-11-01
17.9,28.434242293725294,25.709999999999997,27.473500000000005,34.981026,20.227724827622605,JUNÍN,12,2024-12-01
18.63,23.117134464540136,50.46,24.69114999999998,21.488356,28.332130407882463,JUNÍN,1,2025-01-01
23.84,24.30329423352775,50.46,25.805649999999993,22.60166,34.6042729536773,JUNÍN,2,2025-02-01
21.53,23.684403051166484,6.07,23.125150000000012,23.108175,31.15550814223796,JUNÍN,3,2025-03-01
27.17,25.626950292751847,24.02314049586778,25.830400000000008,24.084003,38.09140259013592,JUNÍN,4,2025-04-01
20.65,31.132152286289823,28.197034482758596,28.1037,28.768036,35.191232110748814,JUNÍN,5,2025-05-01
12.83,26.658705780386782,27.86,27.579600000000006,23.415316,31.477734400388602,JUNÍN,6,2025-06-01
17.7,17.085718086227253,18.216666666666665,17.065749999999994,16.234642,16.083603872661584,JUNÍN,1,2024-01-01
19.05,19.519395102164964,18.216666666666665,18.969099999999997,18.476978,20.494370161608476,JUNÍN,2,2024-02-01
19.02,16.876265452230392,20.2056156156156,17.847850000000008,17.962906,19.4716540501947,JUNÍN,3,2024-03-01
19.18,19.64501902087453,20.2056156156156,19.478350000000013,18.842451,21.51080459448435,JUNÍN,4,2024-04-01
18.65,21.23292813630176,20.2056156156156,19.349900000000012,19.49798,20.214913529728232,JUNÍN,5,2024-05-01
22.23,19.640636645650297,17.63838235294118,19.193500000000007,19.0297,20.57141695657616,JUNÍN,6,2024-06-01
26.81,25.1873296735621,23.38199095022626,24.202449999999995,23.0174,25.720029175179622,JUNÍN,7,2024-07-01
26.0,26.11074338125679,25.187843551797034,24.63725000000001,23.71934,21.946623465539815,JUNÍN,8,2024-08-01
22.29,24.74881524025153,25.187843551797034,23.116249999999976,22.456856,21.113859333043067,JUNÍN,9,2024-09-01
21.61,24.579006057192988,23.117770897832802,22.366999999999994,21.946074,20.962153477489718,JUNÍN,10,2024-10-01
25.64,22.780024350037863,23.117770897832802,21.8229,21.23272,20.73673672272709,JUNÍN,11,2024-11-01
27.89,21.057758480836597,23.507153284671535,21.881850000000007,20.338387,19.712684309121837,JUNÍN,12,2024-12-01
24.1,25.66208892279996,26.209496124031,24.474950000000003,23.817291,24.34599076881442,JUNÍN,1,2025-01-01
25.18,25.159347025168238,23.117770897832802,23.563950000000006,23.082157,28.40856277500208,JUNÍN,2,2025-02-01
22.05,22.264349115145464,25.096666666666664,22.313199999999988,21.965885,27.283763203248288,JUNÍN,3,2025-03-01
25.27,22.97886742438693,23.117770897832802,21.955800000000018,21.570482,26.89278539023492,JUNÍN,4,2025-04-01
24.8,26.246628288274863,25.187843551797034,23.4643,23.293741,24.338229643015495,JUNÍN,5,2025-05-01
25.13,25.055563012599126,23.117770897832802,23.348550000000003,22.59375,24.002059620137576,JUNÍN,6,2025-06-01
54.0,41.4266741303599,45.3602857142857,42.92425000000001,38.624794,34.293969275976025,LA LIBERTAD,4,2024-04-01
47.53,47.79959295824608,56.51,49.19255000000002,38.76383,37.637283803555434,LA LIBERTAD,5,2024-05-01
49.56,43.24494380422531,46.88786324786325,47.26635,43.017864,30.9414900788154,LA LIBERTAD,6,2024-06-01
55.48,47.058632251157476,71.93,53.09350000000002,45.6974,40.13275614026029,LA LIBERTAD,7,2024-07-01
56.34,48.848199127594796,58.576666666666675,51.25790000000003,42.11762,41.077348681129266,LA LIBERTAD,8,2024-08-01
45.33,49.3578059713023,62.663333333333334,48.470499999999994,38.50378,39.67785662869262,LA LIBERTAD,9,2024-09-01
51.61,45.53851067958374,45.103311688311685,44.171000000000014,36.80507,36.0922425162817,LA LIBERTAD,10,2024-10-01
47.56,47.26814305131931,62.663333333333334,47.50760000000002,46.488617,36.41211983411065,LA LIBERTAD,11,2024-11-01
74.84,43.20907278727464,33.6,41.122,33.81016,47.81407324276479,LA LIBERTAD,1,2025-01-01
79.29,62.91217123006783,69.31166666666665,64.33194999999999,62.21912,52.1231698234514,LA LIBERTAD,2,2025-02-01
51.61,64.62470660570675,44.47,67.75905000000004,53.982838,46.66683726000112,LA LIBERTAD,3,2025-03-01
58.67,49.99831069860707,56.51,50.68600000000002,44.67308,43.35595014007537,LA LIBERTAD,4,2025-04-01
49.46,54.736774164099174,61.57541666666666,60.08115,47.077713,39.08380954583922,LA LIBERTAD,5,2025-05-01
56.44,47.389642986931904,54.015373134328364,52.29309999999999,46.94974,31.928983364369135,LA LIBERTAD,6,2025-06-01
35.46,29.340741225549305,30.96362244897958,30.550399999999996,30.016539,28.95714940229148,LA LIBERTAD,1,2024-01-01
28.15,34.09685686162038,35.60454545454546,33.126450000000034,34.225174,33.713929563151545,LA LIBERTAD,2,2024-02-01
28.4,26.643793573093486,27.089795918367347,26.98445000000001,26.970394,29.365743079460373,LA LIBERTAD,3,2024-03-01
28.19,28.583735506741696,29.511394230769238,28.51005,28.102253,30.242181199834487,LA LIBERTAD,4,2024-04-01
20.66,29.603383996587695,28.197034482758596,28.276199999999964,27.813082,27.37618575781059,LA LIBERTAD,5,2024-05-01
24.95,23.741373957690218,21.4454794520548,27.54309999999998,23.199413,23.723060850835903,LA LIBERTAD,6,2024-06-01
33.83,28.86477483117206,24.923516483516487,27.09435,27.503155,28.064590655021835,LA LIBERTAD,7,2024-07-01
36.98,32.38332390580764,27.628103448275866,31.90094999999997,31.99017,32.01876153302624,LA LIBERTAD,8,2024-08-01
38.42,34.01888939459838,32.50506666666668,34.24250000000001,32.985134,32.27176860838163,LA LIBERTAD,9,2024-09-01
26.77,36.94623940378908,35.446141732283465,34.33760000000001,36.72301,35.470876963846116,LA LIBERTAD,10,2024-10-01
31.23,29.158107884107274,28.197034482758596,28.504799999999992,27.89066,28.450554410437935,LA LIBERTAD,11,2024-11-01
41.27,27.694825316718678,30.45740740740741,28.37015000000002,29.345764,32.44646552040125,LA LIBERTAD,12,2024-12-01
31.06,36.70563859704076,32.50506666666668,34.852100000000036,34.838905,31.052961782051266,LA LIBERTAD,1,2025-01-01
31.42,32.35725588395583,30.96362244897958,32.43404999999998,31.501719,35.80158112871607,LA LIBERTAD,2,2025-02-01
29.93,28.781213928574964,26.30923076923077,28.864099999999986,28.563927,32.351106226240724,LA LIBERTAD,3,2025-03-01
31.26,30.211374372319188,30.96362244897958,29.907599999999988,28.842937,32.976633261601805,LA LIBERTAD,4,2025-04-01
28.63,32.049143969522646,30.96362244897958,30.74109999999999,28.22621,31.39210488473709,LA LIBERTAD,5,2025-05-01
29.81,29.5708328190138,29.511394230769238,29.866349999999997,28.737911,30.603805316054228,LA LIBERTAD,6,2025-06-01
19.31,17.263376330913893,15.66720279720279,17.367550000000016,17.556988,26.3881819324307,LA LIBERTAD,1,2024-01-01
19.78,21.192107315945076,20.2056156156156,19.988599999999998,21.297792,24.977391763643165,LA LIBERTAD,2,2024-02-01
17.6,18.07323501774514,20.2056156156156,18.680450000000004,18.672192,19.791132999649616,LA LIBERTAD,3,2024-03-01
18.17,19.54351756546489,18.216666666666665,19.466299999999997,19.041971,20.17455450640396,LA LIBERTAD,4,2024-04-01
20.17,21.201393433918955,19.61492248062016,19.23764999999999,19.606964,20.086021393164373,LA LIBERTAD,5,2024-05-01
18.49,20.989855287648457,20.2056156156156,20.082349999999995,20.58469,20.74271858156532,LA LIBERTAD,6,2024-06-01
16.84,23.46039103730184,19.61492248062016,20.052900000000008,20.96688,22.261178323560937,LA LIBERTAD,7,2024-07-01
20.03,20.340567539974128,18.216666666666665,19.09020000000001,18.734316,20.991369614948653,LA LIBERTAD,8,2024-08-01
18.54,20.80501839072962,20.2056156156156,19.69399999999999,19.744514,21.91731235796019,LA LIBERTAD,9,2024-09-01
19.99,21.955914489993827,19.61492248062016,19.283099999999994,19.602587,21.555560271517503,LA LIBERTAD,10,2024-10-01
19.37,21.476734219227204,20.2056156156156,19.78944999999999,20.021658,21.994378018526213,LA LIBERTAD,11,2024-11-01
21.33,17.346409887475076,17.433103448275855,17.3616,18.497644,23.152029587752832,LA LIBERTAD,12,2024-12-01
20.74,21.572092544115154,20.2056156156156,20.0182,20.204187,29.406824530358545,LA LIBERTAD,1,2025-01-01
21.28,22.693105079115067,20.2056156156156,20.564749999999993,21.770048,26.925607503530212,LA LIBERTAD,2,2025-02-01
20.25,19.510938293791213,20.2056156156156,20.144150000000003,19.171616,22.605089410276477,LA LIBERTAD,3,2025-03-01
19.88,21.51412010447261,20.2056156156156,20.042199999999998,21.287184,23.642873762148685,LA LIBERTAD,4,2025-04-01
18.95,22.87221363460803,20.2056156156156,19.766599999999993,20.164095,21.497513116215316,LA LIBERTAD,5,2025-05-01
20.84,20.84812320744738,20.2056156156156,19.82949999999999,20.22348,21.86307397042803,LA LIBERTAD,6,2025-06-01
36.48,38.09218115217161,35.356842105263155,38.88004999999997,38.38572,36.96589045491343,LA LIBERTAD,1,2024-01-01
38.34,37.83992947637055,34.942941176470576,37.67364999999995,41.146084,42.79595963624668,LA LIBERTAD,2,2024-02-01
36.14,35.01196570659561,36.61818181818182,36.98754999999997,39.724705,31.201543017792662,LA LIBERTAD,3,2024-03-01
32.84,36.38976797324479,34.942941176470576,37.24784999999996,39.54661,34.98243432542809,LA LIBERTAD,4,2024-04-01
32.85,35.567421078511416,33.943346613545835,34.55845000000001,37.930958,35.01498374701238,LA LIBERTAD,5,2024-05-01
31.76,33.67462504196554,31.799252873563212,34.32030000000001,36.398216,35.25187303547097,LA LIBERTAD,6,2024-06-01
32.14,36.09417323872782,31.799252873563212,35.41365,37.142166,39.7021395874961,LA LIBERTAD,7,2024-07-01
32.01,34.1886682968109,33.943346613545835,33.222449999999995,35.95066,36.75338410474943,LA LIBERTAD,8,2024-08-01
31.18,32.705169410442906,31.799252873563212,32.565050000000014,35.196323,35.17237351250828,LA LIBERTAD,9,2024-09-01
28.28,34.24932401456633,33.943346613545835,32.3751,35.178192,34.174471573922716,LA LIBERTAD,10,2024-10-01
30.47,31.19923637309049,31.044999999999998,31.962299999999995,34.293392,33.86258287741787,LA LIBERTAD,11,2024-11-01
34.49,28.75067093955825,33.943346613545835,29.91809999999998,33.24505,31.923978277251226,LA LIBERTAD,12,2024-12-01
31.74,33.64749187905898,34.942941176470576,33.66015,34.94728,35.311658884562625,LA LIBERTAD,1,2025-01-01
32.27,33.694443673410944,33.943346613545835,32.493649999999995,36.37564,38.88510509419216,LA LIBERTAD,2,2025-02-01
31.7,30.31005703714365,29.625692307692297,29.819950000000002,33.42833,30.1491885291959,LA LIBERTAD,3,2025-03-01
27.99,32.21898490403085,30.96362244897958,29.951549999999987,33.473858,34.50078585106762,LA LIBERTAD,4,2025-04-01
25.85,31.43282699392641,28.815632183908047,29.8297,32.05249,34.69528283167596,LA LIBERTAD,5,2025-05-01
26.45,28.435647998902308,26.875373134328353,27.034549999999996,29.301147,34.28682876871474,LA LIBERTAD,6,2025-06-01
33.06,31.2140036783531,31.53384615384616,30.815950000000008,30.1857,31.813802757970524,LA LIBERTAD,1,2024-01-01
45.38,32.358115665754795,35.60454545454546,33.317850000000014,34.01122,28.103827279887682,LA LIBERTAD,2,2024-02-01
32.26,35.25903784612456,30.948823529411772,34.491200000000006,33.028454,34.5251993460433,LA LIBERTAD,3,2024-03-01
19.66,31.38281186892634,31.799252873563212,33.575800000000015,32.853485,30.486766992167492,LA LIBERTAD,4,2024-04-01
26.28,24.960538247688852,50.46,26.568549999999988,23.437311,27.352288357834308,LA LIBERTAD,5,2024-05-01
28.36,27.024351687926814,28.815632183908047,27.948350000000005,27.838625,26.3316852630743,LA LIBERTAD,6,2024-06-01
21.71,31.9534572045707,33.943346613545835,32.50560000000001,30.873632,29.93180883499085,LA LIBERTAD,7,2024-07-01
14.99,25.50009793077553,31.044999999999998,27.138550000000006,27.58174,22.97341965240404,LA LIBERTAD,8,2024-08-01
16.74,19.619021206618047,19.699283950617307,19.325350000000004,20.469524,18.837493544172997,LA LIBERTAD,9,2024-09-01
14.35,21.933806654032775,19.699283950617307,21.2654,21.071646,21.541469703533092,LA LIBERTAD,10,2024-10-01
15.32,18.517251921822346,15.66720279720279,17.32885,18.355125,15.311723458429089,LA LIBERTAD,11,2024-11-01
33.71,15.487051883912978,19.699283950617307,17.38655000000001,20.32789,22.173616589053637,LA LIBERTAD,12,2024-12-01
15.18,28.891597805377007,28.690999999999995,27.511299999999977,27.538494,30.324486388918135,LA LIBERTAD,1,2025-01-01
15.79,20.980664721359698,19.699283950617307,18.3138,21.683014,20.967230479087362,LA LIBERTAD,2,2025-02-01
11.57,16.053385180326586,19.699283950617307,21.533399999999983,20.936161,12.252914482497625,LA LIBERTAD,3,2025-03-01
12.6,14.733555983082313,15.031849315068493,16.376400000000018,14.450016,13.824713028445274,LA LIBERTAD,4,2025-04-01
13.35,16.823694822687145,15.031849315068493,16.698350000000005,15.492015,12.00609285964397,LA LIBERTAD,5,2025-05-01
12.97,15.832772836828092,15.66720279720279,17.3179,15.375397,12.49151266831968,LA LIBERTAD,6,2025-06-01
29.03,23.64991690567815,25.981125000000013,25.68035000000001,25.85799,26.6616173956518,LA LIBERTAD,1,2024-01-01
31.47,27.866122271521924,23.38163636363637,27.486749999999997,29.882374,27.649313852554595,LA LIBERTAD,2,2024-02-01
27.93,26.161161571591013,27.7918947368421,28.256150000000027,27.15094,27.09780838539515,LA LIBERTAD,3,2024-03-01
27.23,26.799445089076272,26.209496124031,27.24310000000001,27.357447,27.983147937761913,LA LIBERTAD,4,2024-04-01
28.73,28.02221203092187,26.209496124031,27.80849999999998,27.30788,28.30806005131471,LA LIBERTAD,5,2024-05-01
29.66,27.395540339428955,28.20612612612612,29.120499999999993,28.12487,29.233313245171626,LA LIBERTAD,6,2024-06-01
27.14,31.05733123906289,28.20612612612612,30.962400000000002,29.849295,29.25300297837175,LA LIBERTAD,7,2024-07-01
29.74,27.846018866970965,28.197034482758596,27.60534999999998,27.978733,28.05441181744683,LA LIBERTAD,8,2024-08-01
29.23,27.986487969204173,27.7918947368421,28.428150000000006,27.728071,24.82782225718147,LA LIBERTAD,9,2024-09-01
16.67,29.885654793354426,27.7918947368421,29.67625000000003,28.740368,24.89918073373025,LA LIBERTAD,10,2024-10-01
26.43,21.07005967254301,18.216666666666665,19.1445,22.744564,20.414060660072842,LA LIBERTAD,11,2024-11-01
23.48,22.51020597183755,25.541249999999998,25.768899999999988,24.577513,21.546489491933603,LA LIBERTAD,12,2024-12-01
22.02,24.132719297384433,24.02314049586778,26.769149999999986,25.985765,27.037973153933724,LA LIBERTAD,1,2025-01-01
29.01,24.663685703754208,26.004687499999996,27.447499999999987,26.798185,24.060082353505443,LA LIBERTAD,2,2025-02-01
32.08,24.95288979470087,23.38163636363637,24.849200000000007,25.748276,25.355252169312973,LA LIBERTAD,3,2025-03-01
33.92,29.724092330452038,28.690999999999995,30.567150000000012,29.599813,28.489286046932815,LA LIBERTAD,4,2025-04-01
30.53,32.85292994435322,28.690999999999995,31.322599999999998,31.295723,32.088055303814436,LA LIBERTAD,5,2025-05-01
20.87,29.76742891155987,31.30887640449439,30.915699999999994,29.525572,31.449989083600055,LA LIBERTAD,6,2025-06-01
28.71,28.51079409122915,28.606138613861408,28.759399999999996,30.380472,33.2740562899649,LA LIBERTAD,1,2024-01-01
33.43,30.8879203924917,29.511394230769238,30.80974999999999,34.038002,34.18072627339981,LA LIBERTAD,2,2024-02-01
29.64,30.04183437972467,25.807666666666663,29.64785000000003,31.732222,28.05375173569762,LA LIBERTAD,3,2024-03-01
29.32,30.648372263571606,30.96362244897958,30.620299999999997,32.07095,31.8548000822142,LA LIBERTAD,4,2024-04-01
29.12,31.912330248582904,29.511394230769238,30.950250000000004,32.230793,28.830900951544905,LA LIBERTAD,5,2024-05-01
28.92,30.20127239313864,29.511394230769238,31.111149999999984,31.889513,28.55421024185566,LA LIBERTAD,6,2024-06-01
31.97,33.394066077785546,29.511394230769238,32.07799999999999,33.844658,35.316231700105924,LA LIBERTAD,7,2024-07-01
34.91,32.819417625117985,34.31822857142859,30.986450000000023,33.54605,31.353628698667524,LA LIBERTAD,8,2024-08-01
30.17,33.392796691618166,34.31822857142859,32.18975000000003,33.345856,32.87612541764914,LA LIBERTAD,9,2024-09-01
33.56,32.63152835893685,30.96362244897958,29.779000000000007,32.363888,29.853012436436742,LA LIBERTAD,10,2024-10-01
32.39,33.464341032126484,34.31822857142859,32.745000000000026,33.78479,32.357483431213794,LA LIBERTAD,11,2024-11-01
33.42,29.08032498755386,25.807666666666663,27.210000000000008,29.837759,25.415103661968075,LA LIBERTAD,12,2024-12-01
33.13,32.593988968781794,31.53384615384616,31.320500000000017,32.67506,34.778219022008656,LA LIBERTAD,1,2025-01-01
37.96,34.07231417273016,35.60454545454546,33.58105000000001,34.537933,35.52466712773677,LA LIBERTAD,2,2025-02-01
34.6,33.35625287444214,30.948823529411772,32.81855,32.281597,29.205219548700686,LA LIBERTAD,3,2025-03-01
34.86,34.27039859817173,32.91813559322035,33.35005,33.67042,33.82209038872393,LA LIBERTAD,4,2025-04-01
34.05,35.888427504631736,34.942941176470576,33.72660000000001,34.01961,33.06578696701989,LA LIBERTAD,5,2025-05-01
34.72,34.081330337446516,31.799252873563212,32.638450000000006,34.329975,31.914005991599463,LA LIBERTAD,6,2025-06-01
47.74,50.49901485580562,54.015373134328364,51.37810000000001,51.56731,54.66607723534206,LA LIBERTAD,1,2024-01-01
54.45,51.96047448598125,54.015373134328364,53.99310000000002,62.027237,57.72076097607685,LA LIBERTAD,2,2024-02-01
46.03,50.61127740041462,54.16695121951219,55.467100000000016,53.460133,49.612745070451695,LA LIBERTAD,3,2024-03-01
47.59,49.41232189052007,49.605714285714285,49.4695,55.554184,48.21066300571363,LA LIBERTAD,4,2024-04-01
46.86,50.88642153950997,54.015373134328364,56.290899999999986,60.169727,54.78369549669896,LA LIBERTAD,5,2024-05-01
46.17,48.50209800667616,49.605714285714285,51.18284999999995,53.70662,48.70464812229104,LA LIBERTAD,6,2024-06-01
46.37,51.07741555692627,49.605714285714285,51.684649999999955,56.115875,60.34434783409214,LA LIBERTAD,7,2024-07-01
55.63,48.65484572942062,49.605714285714285,50.04474999999998,50.28977,44.985904691103904,LA LIBERTAD,8,2024-08-01
48.85,53.48999796288002,62.10352941176469,60.64549999999998,59.330246,45.60732581616677,LA LIBERTAD,9,2024-09-01
48.04,51.421845724278214,40.842222222222226,51.458099999999995,52.61922,46.548141122586706,LA LIBERTAD,10,2024-10-01
46.51,49.44509180823307,46.723181818181814,49.64919999999996,52.77805,43.94581096975241,LA LIBERTAD,11,2024-11-01
36.72,43.8497297645455,49.605714285714285,44.30785,40.7019,29.224829712075252,LA LIBERTAD,12,2024-12-01
48.5,40.60554974951205,35.77444444444445,42.90849999999998,45.264717,48.39414031660501,LA LIBERTAD,1,2025-01-01
56.53,48.487478691540396,50.086764705882345,49.542400000000015,53.43966,58.80008069692767,LA LIBERTAD,2,2025-02-01
61.6,49.90829732785613,40.104,44.753900000000016,42.791775,50.561393881917326,LA LIBERTAD,3,2025-03-01
61.28,56.52792031771557,52.30933333333333,56.26290000000001,58.823895,58.13697022090812,LA LIBERTAD,4,2025-04-01
66.26,58.52906707594998,61.57541666666666,58.28855000000004,55.957222,65.64601587080855,LA LIBERTAD,5,2025-05-01
46.91,60.46236933709032,61.57541666666666,60.88340000000006,57.151604,63.56277756950309,LA LIBERTAD,6,2025-06-01
49.08,40.4134255478868,43.70444444444445,38.8225,41.765694,49.7788796606836,LA LIBERTAD,1,2024-01-01
49.93,47.8013216175556,50.086764705882345,45.606849999999994,49.87468,57.81154993393568,LA LIBERTAD,2,2024-02-01
45.31,44.977171248380394,46.88786324786325,44.050599999999996,44.1992,44.95294259461246,LA LIBERTAD,3,2024-03-01
37.83,45.51038698494758,46.88786324786325,44.40045000000002,47.128883,46.64002393789014,LA LIBERTAD,4,2024-04-01
42.12,42.09647738675891,41.662857142857135,42.8195,43.3244,47.49956043408228,LA LIBERTAD,5,2024-05-01
45.22,42.39664974682783,38.31363636363636,41.20085000000004,44.1557,43.574577293161546,LA LIBERTAD,6,2024-06-01
45.29,48.06468012150371,44.35875,46.647400000000005,49.27088,58.43819346054758,LA LIBERTAD,7,2024-07-01
55.54,46.512222180861144,45.103311688311685,47.56800000000001,47.921566,42.628282932522346,LA LIBERTAD,8,2024-08-01
47.25,51.44166252052878,54.16695121951219,51.23354999999999,50.78958,42.80251443060756,LA LIBERTAD,9,2024-09-01
47.26,48.7135686813198,46.88786324786325,49.29515000000001,49.421047,44.57666300976661,LA LIBERTAD,10,2024-10-01
43.15,47.32249482217395,46.88786324786325,47.490350000000035,49.667393,43.94255256257985,LA LIBERTAD,11,2024-11-01
37.6,40.99886499787863,37.05782608695652,39.820800000000006,38.328804,31.447104868011873,LA LIBERTAD,12,2024-12-01
45.91,40.674523346886275,35.77444444444445,42.055049999999994,45.082745,48.187769836978326,LA LIBERTAD,1,2025-01-01
50.12,46.38362053791029,45.103311688311685,46.262749999999976,49.30265,54.46206618489846,LA LIBERTAD,2,2025-02-01
44.45,45.607809237581826,46.88786324786325,43.103650000000016,42.70784,46.12730711417439,LA LIBERTAD,3,2025-03-01
45.28,44.889850739756305,46.88786324786325,43.25895000000002,46.42588,48.09670504777433,LA LIBERTAD,4,2025-04-01
41.6,46.93516285615364,46.88786324786325,46.28420000000003,47.331715,52.34403646428497,LA LIBERTAD,5,2025-05-01
39.24,43.52381739039377,44.35875,44.256749999999975,45.174896,43.364987042095116,LA LIBERTAD,6,2025-06-01
15.33,11.847589625811775,7.435000000000001,11.5901,11.523075,10.648877771675705,LA LIBERTAD,1,2024-01-01
17.23,16.24911910474593,25.509999999999998,18.41485,18.027624,21.560580525257944,LA LIBERTAD,2,2024-02-01
7.28,14.028817838422182,23.75,18.090899999999998,14.262785,18.4536885067987,LA LIBERTAD,3,2024-03-01
5.0,11.035834767993101,10.59220833333333,12.167150000000001,11.426976,16.3122704599103,LA LIBERTAD,4,2024-04-01
10.48,10.499091450764599,10.59220833333333,10.338650000000005,11.125975,13.723463731517453,LA LIBERTAD,5,2024-05-01
11.44,11.93025633478883,7.07,13.133099999999997,11.670725,11.880897122852025,LA LIBERTAD,6,2024-06-01
11.26,16.07501617907846,13.079692307692317,13.265149999999991,12.86083,11.1875617960899,LA LIBERTAD,7,2024-07-01
10.45,13.974783021246596,12.17377622377623,12.738449999999979,14.487682,11.916435500470739,LA LIBERTAD,8,2024-08-01
12.36,12.469243107310575,13.079692307692317,13.316699999999985,12.766139,9.048434102568471,LA LIBERTAD,9,2024-09-01
11.7,15.998022984546116,13.079692307692317,12.76214999999999,13.312546,15.2085626903998,LA LIBERTAD,10,2024-10-01
10.66,14.279053616060422,13.079692307692317,12.855949999999996,12.732321,13.42047811601076,LA LIBERTAD,11,2024-11-01
10.05,9.21978830955393,12.17377622377623,11.852249999999993,13.850835,14.83865954414484,LA LIBERTAD,12,2024-12-01
12.6,11.894274096862269,10.59220833333333,12.501049999999994,10.769107,9.444122007716734,LA LIBERTAD,1,2025-01-01
12.88,14.69242189199673,13.079692307692317,13.465149999999994,12.052833,16.6040880192753,LA LIBERTAD,2,2025-02-01
11.67,11.01110300508918,12.17377622377623,13.776049999999998,13.761906,17.14095265259345,LA LIBERTAD,3,2025-03-01
13.06,12.84883367204082,12.17377622377623,12.577399999999987,14.276237,20.618551169265704,LA LIBERTAD,4,2025-04-01
12.76,15.490833729451547,12.17377622377623,14.263850000000007,15.24187,14.502164791278409,LA LIBERTAD,5,2025-05-01
16.14,14.135452036866715,13.079692307692317,13.527899999999988,15.18478,11.297006997648435,LA LIBERTAD,6,2025-06-01
15.87,15.27793075177099,15.66720279720279,17.264099999999996,14.435643,18.727347037294987,LAMBAYEQUE,1,2024-01-01
18.26,17.854579580714386,18.216666666666665,17.401600000000002,18.054525,22.136468732315556,LAMBAYEQUE,2,2024-02-01
24.52,15.781089110325876,19.61492248062016,16.99465,16.16615,20.940248615798755,LAMBAYEQUE,3,2024-03-01
21.34,22.344068155283733,18.76571428571429,21.359099999999994,21.828583,20.173581073386107,LAMBAYEQUE,4,2024-04-01
22.99,22.265685706996088,20.2056156156156,20.633799999999994,21.282442,21.93255127820633,LAMBAYEQUE,5,2024-05-01
22.22,22.50526081729636,23.671782945736442,24.8385,23.06723,20.577255371744375,LAMBAYEQUE,6,2024-06-01
22.0,24.78068774000727,23.96484848484848,24.619799999999984,23.01536,21.80573629221723,LAMBAYEQUE,7,2024-07-01
23.24,22.549662321857255,23.117770897832802,21.978249999999985,22.680908,19.686628481356713,LAMBAYEQUE,8,2024-08-01
25.7,21.802284789597383,23.117770897832802,22.944700000000026,22.186314,19.60286591408736,LAMBAYEQUE,9,2024-09-01
24.76,25.601313647244964,25.187843551797034,25.35935000000001,24.53329,19.1718890377011,LAMBAYEQUE,10,2024-10-01
29.2,24.318132130418373,23.117770897832802,24.537600000000026,24.9861,19.795732768054425,LAMBAYEQUE,11,2024-11-01
26.08,23.36903706095979,27.7918947368421,25.011749999999992,25.48477,22.54883973423513,LAMBAYEQUE,12,2024-12-01
26.52,24.840608363644925,23.507153284671535,25.603400000000015,23.048553,20.06746000674956,LAMBAYEQUE,1,2025-01-01
31.57,26.561465389557213,25.187843551797034,26.366050000000005,27.839817,28.29757165071371,LAMBAYEQUE,2,2025-02-01
27.68,26.5704162431202,27.7918947368421,27.06195000000001,26.42394,27.321814240934298,LAMBAYEQUE,3,2025-03-01
28.49,27.036837801763333,26.209496124031,26.352750000000015,26.251102,25.08837831680435,LAMBAYEQUE,4,2025-04-01
28.18,29.066507469539353,28.20612612612612,27.888149999999996,26.253649,26.564971323073518,LAMBAYEQUE,5,2025-05-01
26.75,27.549380868779128,26.209496124031,26.928850000000008,25.51566,25.098463549555053,LAMBAYEQUE,6,2025-06-01
28.78,20.438330809847685,20.2056156156156,19.171449999999997,19.999035,16.246228959781924,LAMBAYEQUE,1,2024-01-01
28.66,27.39661137909038,23.38163636363637,26.274399999999986,27.716095,25.74842610433308,LAMBAYEQUE,2,2024-02-01
26.81,24.405765205591155,27.7918947368421,25.122049999999998,23.622993,25.320045732683315,LAMBAYEQUE,3,2024-03-01
26.6,26.22819946328014,25.187843551797034,25.681150000000002,25.34179,24.17553245800132,LAMBAYEQUE,4,2024-04-01
24.66,27.479903508903455,25.187843551797034,25.44515,25.102604,23.65521324709246,LAMBAYEQUE,5,2024-05-01
26.72,24.992673414153774,23.117770897832802,24.08445,23.85986,22.67844027568373,LAMBAYEQUE,6,2024-06-01
26.93,29.569170401379704,26.9204,26.41075000000001,26.793142,25.088662706824035,LAMBAYEQUE,7,2024-07-01
27.29,27.6644987666154,26.209496124031,25.851950000000006,25.867414,24.00770823534679,LAMBAYEQUE,8,2024-08-01
25.13,26.590364181858902,26.209496124031,25.879150000000013,26.54153,24.552111520596792,LAMBAYEQUE,9,2024-09-01
23.56,27.390908455453044,25.187843551797034,25.833800000000014,25.49785,22.905162547456232,LAMBAYEQUE,10,2024-10-01
27.22,25.229839620886004,23.117770897832802,24.539249999999996,24.244204,23.80142159912356,LAMBAYEQUE,11,2024-11-01
20.65,23.71624956244353,26.209496124031,25.893400000000025,25.668882,23.161747171482823,LAMBAYEQUE,12,2024-12-01
27.11,23.326586931474054,21.50167701863354,26.747999999999998,22.91653,15.910795237884491,LAMBAYEQUE,1,2025-01-01
28.39,28.055825777130774,26.209496124031,27.053499999999975,28.113527,26.361451042111252,LAMBAYEQUE,2,2025-02-01
25.79,25.556929311983748,23.38163636363637,25.239900000000002,24.618296,24.29389767227155,LAMBAYEQUE,3,2025-03-01
24.99,26.776092804769437,25.187843551797034,25.791100000000014,25.304884,23.759526461939867,LAMBAYEQUE,4,2025-04-01
24.03,27.554825820493143,25.187843551797034,25.344549999999995,24.789515,22.5905740407922,LAMBAYEQUE,5,2025-05-01
25.17,25.655544067039592,23.671782945736442,25.564749999999993,24.501085,22.879353213618867,LAMBAYEQUE,6,2025-06-01
40.21,35.29915693753607,35.356842105263155,36.14265,36.31126,35.48429295412083,LAMBAYEQUE,1,2024-01-01
38.03,38.422316329745385,37.52732673267327,37.61749999999999,39.099827,42.396505451371176,LAMBAYEQUE,2,2024-02-01
36.65,33.7188492813184,27.502,35.47614999999998,35.689106,34.51098516299246,LAMBAYEQUE,3,2024-03-01
36.63,35.406546399759435,34.942941176470576,35.21470000000002,35.898956,34.91301220258291,LAMBAYEQUE,4,2024-04-01
32.55,36.59383217590066,34.942941176470576,34.202100000000016,35.473595,34.19485262015188,LAMBAYEQUE,5,2024-05-01
34.04,33.18819431173484,31.799252873563212,31.90875000000001,33.31047,32.422909359561814,LAMBAYEQUE,6,2024-06-01
37.7,37.147295625817215,33.943346613545835,35.031300000000016,36.48568,41.98068518902242,LAMBAYEQUE,7,2024-07-01
38.4,37.30947745445616,37.52732673267327,36.68385,37.670227,37.64888405205979,LAMBAYEQUE,8,2024-08-01
38.78,36.87020009071814,37.52732673267327,36.98180000000001,36.389797,39.765810564643346,LAMBAYEQUE,9,2024-09-01
32.79,39.00384083859878,37.52732673267327,36.87725000000002,38.594376,41.82687390841199,LAMBAYEQUE,10,2024-10-01
34.89,34.40785422334458,33.943346613545835,35.30769999999999,35.401176,39.914620588212685,LAMBAYEQUE,11,2024-11-01
35.06,31.585418473176382,34.942941176470576,34.489,32.060333,31.7541965444918,LAMBAYEQUE,12,2024-12-01
40.21,34.59534020760022,34.942941176470576,34.63894999999998,34.71825,36.3782197908349,LAMBAYEQUE,1,2025-01-01
31.84,38.87329026370096,37.52732673267327,38.03025000000001,38.41781,43.26221272479027,LAMBAYEQUE,2,2025-02-01
32.58,30.738734579706072,33.943346613545835,31.599199999999996,33.21081,34.4301082127527,LAMBAYEQUE,3,2025-03-01
28.86,33.22991857255911,33.943346613545835,32.58595,33.33886,35.841386602218655,LAMBAYEQUE,4,2025-04-01
31.78,32.06873794733649,31.799252873563212,31.539500000000007,29.962076,32.232986994296844,LAMBAYEQUE,5,2025-05-01
31.92,32.279001995269546,31.799252873563212,30.94665000000004,31.50392,33.29177420853959,LAMBAYEQUE,6,2025-06-01
1.38,2.7551364919153976,4.8875,3.0245999999999986,3.3179882,0.99218050986699,LAMBAYEQUE,1,2024-01-01
4.78,3.743649385384849,1.4283333333333335,2.4203999999999977,3.1924531,5.983085689829642,LAMBAYEQUE,2,2024-02-01
1.83,2.3195268885702838,2.748461538461538,4.317599999999993,4.566614,10.065936723903311,LAMBAYEQUE,3,2024-03-01
1.61,3.4071551980129264,4.8875,2.917650000000001,3.1565626,7.8911482197465865,LAMBAYEQUE,4,2024-04-01
1.24,4.691852855311222,1.4283333333333335,2.1632000000000007,4.8997755,4.721801658844548,LAMBAYEQUE,5,2024-05-01
1.61,2.897815597407398,1.4283333333333335,2.2410999999999976,2.6939888,0.5993176583900961,LAMBAYEQUE,6,2024-06-01
1.55,6.263022657739192,1.4283333333333335,2.2796499999999975,4.6481633,0.9369897882586138,LAMBAYEQUE,7,2024-07-01
2.76,4.089865261947512,1.4283333333333335,2.0200499999999972,4.3971877,1.9616703892015377,LAMBAYEQUE,8,2024-08-01
2.37,3.643710063788429,2.4244444444444446,3.1293000000000006,3.9070868,3.573912534144677,LAMBAYEQUE,9,2024-09-01
1.4,5.4624956406986875,2.4244444444444446,3.029749999999999,4.561762,5.403843636221826,LAMBAYEQUE,10,2024-10-01
1.61,3.7002634600174282,1.4283333333333335,2.2739499999999966,2.3595185,5.816096611831501,LAMBAYEQUE,11,2024-11-01
2.14,0.12045300662919445,4.87,2.4251499999999995,3.2540503,2.042889632805921,LAMBAYEQUE,12,2024-12-01
1.67,3.118038713542539,2.4244444444444446,3.1436499999999996,5.0135508,4.524966760722273,LAMBAYEQUE,1,2025-01-01
2.37,4.373424691783086,4.8875,3.2360500000000005,3.9610412,6.910832298959895,LAMBAYEQUE,2,2025-02-01
1.4,1.1616018788977591,2.4244444444444446,2.9076500000000016,3.2040284,10.568397458070748,LAMBAYEQUE,3,2025-03-01
1.73,3.134284842019003,1.4283333333333335,2.0442999999999985,2.286662,9.978443604006342,LAMBAYEQUE,4,2025-04-01
2.29,4.764101260909829,2.4244444444444446,2.3844999999999996,5.240291,7.622047699893198,LAMBAYEQUE,5,2025-05-01
1.73,3.8004208343176415,2.4244444444444446,2.6527499999999997,4.114452,2.8372253641463496,LAMBAYEQUE,6,2025-06-01
17.55,16.344378079959412,15.99648148148148,16.61309999999999,15.935673,13.505564455256794,LAMBAYEQUE,1,2024-01-01
19.31,18.917694063074713,18.1275,17.61930000000001,18.896194,17.33968376745418,LAMBAYEQUE,2,2024-02-01
17.26,16.418175071134627,20.2056156156156,17.041600000000003,17.123253,16.17251091529175,LAMBAYEQUE,3,2024-03-01
17.56,17.932636861788424,18.1275,17.191050000000004,17.512068,15.584457901477903,LAMBAYEQUE,4,2024-04-01
15.89,19.530058616981755,18.1275,17.75965,17.839607,16.412038536062973,LAMBAYEQUE,5,2024-05-01
16.53,17.223363777021568,16.501396648044697,17.499300000000012,17.212902,16.177543462898633,LAMBAYEQUE,6,2024-06-01
17.27,20.804744150044662,16.501396648044697,17.803200000000007,17.986534,20.1086638641202,LAMBAYEQUE,7,2024-07-01
16.17,19.12904882694923,18.1275,17.409500000000023,17.814825,17.61364505067713,LAMBAYEQUE,8,2024-08-01
17.18,17.27789058765145,16.501396648044697,16.862350000000024,16.660141,17.92049002061193,LAMBAYEQUE,9,2024-09-01
18.04,19.71389178864419,18.1275,17.17770000000002,17.991737,17.040104067429322,LAMBAYEQUE,10,2024-10-01
18.2,19.202659236158553,19.61492248062016,17.87015000000002,17.511051,18.394835624437558,LAMBAYEQUE,11,2024-11-01
25.34,15.661067415920426,17.433103448275855,17.918349999999993,16.531147,15.33774053066641,LAMBAYEQUE,12,2024-12-01
15.55,22.85707973225431,21.74028571428572,21.06050000000001,20.972706,13.392390060231078,LAMBAYEQUE,1,2025-01-01
15.46,18.968963198796033,18.216666666666665,16.63565,18.514278,17.50519672282672,LAMBAYEQUE,2,2025-02-01
15.88,14.87058668171933,15.240185185185183,16.783699999999993,16.106602,16.209490826052136,LAMBAYEQUE,3,2025-03-01
16.05,17.387330098737976,18.216666666666665,17.6929,17.31335,14.81110584077175,LAMBAYEQUE,4,2025-04-01
17.81,18.915762292826876,18.216666666666665,17.343250000000015,17.218992,14.609916897414656,LAMBAYEQUE,5,2025-05-01
17.02,18.717056797272626,19.61492248062016,18.170300000000008,18.345598,16.209073594826183,LAMBAYEQUE,6,2025-06-01
26.19,25.54880769850934,24.923516483516487,25.980099999999997,25.96594,30.07834613610432,LAMBAYEQUE,1,2024-01-01
31.44,27.68967658109326,26.875373134328353,27.219599999999986,28.571003,27.865791390085587,LAMBAYEQUE,2,2024-02-01
25.12,26.96044562979929,27.7918947368421,27.57995000000004,26.520212,26.08763487696803,LAMBAYEQUE,3,2024-03-01
24.28,26.01302844046011,24.23083333333333,25.335300000000014,25.953152,24.62715871382557,LAMBAYEQUE,4,2024-04-01
23.6,26.93533743981982,24.923516483516487,25.33000000000002,25.992458,26.261496466611472,LAMBAYEQUE,5,2024-05-01
25.09,24.922867283356034,24.02314049586778,25.079900000000006,24.706926,26.270301345542293,LAMBAYEQUE,6,2024-06-01
29.66,29.261340983425,26.875373134328353,27.96284999999998,28.768757,31.845661908986482,LAMBAYEQUE,7,2024-07-01
32.77,29.771466191137275,28.20612612612612,29.093299999999996,29.116755,30.182952499020864,LAMBAYEQUE,8,2024-08-01
29.21,30.766490014504814,34.31822857142859,30.724249999999987,30.579716,30.89554577068675,LAMBAYEQUE,9,2024-09-01
28.94,31.028850147785935,29.511394230769238,30.27755000000002,29.766672,32.88549148364297,LAMBAYEQUE,10,2024-10-01
33.41,29.845458335056122,29.511394230769238,31.155100000000008,30.031082,33.55533524506749,LAMBAYEQUE,11,2024-11-01
26.2,28.198259759330288,28.690999999999995,26.89284999999998,27.033512,26.422609674691103,LAMBAYEQUE,12,2024-12-01
26.89,27.10215876925853,24.923516483516487,26.93864999999999,26.719017,31.97850969277469,LAMBAYEQUE,1,2025-01-01
32.79,28.73785466383888,28.197034482758596,28.22515,29.420029,26.777627658452964,LAMBAYEQUE,2,2025-02-01
26.74,28.32864668240788,28.690999999999995,29.33130000000002,29.2523,26.698397423447407,LAMBAYEQUE,3,2025-03-01
27.82,27.708837443165887,27.089795918367347,27.521499999999996,27.158829,26.681157355004625,LAMBAYEQUE,4,2025-04-01
28.72,29.605766430923275,28.197034482758596,28.183100000000017,27.757042,26.749050288551132,LAMBAYEQUE,5,2025-05-01
31.77,28.879662689388873,29.511394230769238,28.94180000000003,28.139303,27.91935938489865,LAMBAYEQUE,6,2025-06-01
64.66,52.14757481616356,54.16695121951219,53.82730000000008,54.72516,55.58446184216598,LAMBAYEQUE,1,2024-01-01
75.21,61.404268382252184,69.31166666666665,64.98825,67.53853,68.89467427510588,LAMBAYEQUE,2,2024-02-01
61.87,64.10179125924894,61.57541666666666,51.823499999999996,51.091537,63.879310045170506,LAMBAYEQUE,3,2024-03-01
59.59,60.23241230786833,61.57541666666666,59.49964999999995,61.31934,63.16264550329604,LAMBAYEQUE,4,2024-04-01
58.59,59.78960009561767,61.57541666666666,60.347999999999985,57.64226,63.34764742395731,LAMBAYEQUE,5,2024-05-01
59.92,57.70866277115978,56.18153846153847,60.154299999999964,56.636543,57.64302485412096,LAMBAYEQUE,6,2024-06-01
64.74,62.61928245054588,57.06363636363638,68.78850000000001,72.34452,71.35985623636127,LAMBAYEQUE,7,2024-07-01
62.81,62.17113096907629,62.14971014492751,62.000999999999955,63.08945,66.90700464697524,LAMBAYEQUE,8,2024-08-01
58.54,60.40136960571562,62.14971014492751,62.66574999999998,60.666355,62.974982967688696,LAMBAYEQUE,9,2024-09-01
58.28,59.79183189241691,62.14971014492751,61.95954999999995,63.693264,64.74373988801159,LAMBAYEQUE,10,2024-10-01
69.99,58.44967024765231,62.14971014492751,64.61969999999997,62.893085,63.497779524651826,LAMBAYEQUE,11,2024-11-01
58.77,60.92310353082338,60.06,52.93414999999996,52.544746,54.995444533031396,LAMBAYEQUE,12,2024-12-01
61.4,58.69634870464792,51.02,61.086249999999964,60.035362,61.58215008407403,LAMBAYEQUE,1,2025-01-01
67.83,61.60315970329103,57.06363636363638,69.50629999999997,75.41962,66.44922299004999,LAMBAYEQUE,2,2025-02-01
59.52,61.047690571293145,60.098,55.88894999999995,54.9519,59.86800509966296,LAMBAYEQUE,3,2025-03-01
58.94,59.064175501654425,62.14971014492751,61.74349999999995,61.55179,62.74475772330505,LAMBAYEQUE,4,2025-04-01
73.27,59.67308003314163,62.14971014492751,61.70244999999997,60.943523,58.04351697144573,LAMBAYEQUE,5,2025-05-01
62.31,66.87677036831217,60.098,61.142649999999946,63.110256,64.73182727725876,LAMBAYEQUE,6,2025-06-01
15.52,16.610127097268013,15.99648148148148,16.705899999999996,16.810053,19.584368018569318,LAMBAYEQUE,1,2024-01-01
16.47,17.03346617027431,16.501396648044697,17.381999999999998,17.179268,22.247660189034548,LAMBAYEQUE,2,2024-02-01
16.04,14.023972715463406,16.501396648044697,16.178650000000015,15.283615,18.169549454431557,LAMBAYEQUE,3,2024-03-01
15.32,16.299250716052725,16.501396648044697,16.614200000000015,16.614634,19.737617643981746,LAMBAYEQUE,4,2024-04-01
15.32,17.326718610466436,16.501396648044697,16.18605000000001,16.164894,17.241868165415337,LAMBAYEQUE,5,2024-05-01
15.21,15.93249828877846,16.501396648044697,16.333900000000007,16.113104,17.318275560176854,LAMBAYEQUE,6,2024-06-01
16.15,19.034094283235433,16.501396648044697,16.603199999999994,16.811792,21.64655234682813,LAMBAYEQUE,7,2024-07-01
17.37,17.496669193926106,16.501396648044697,16.374350000000014,16.977356,18.380331929961255,LAMBAYEQUE,8,2024-08-01
17.04,17.03017191370089,18.1275,16.84775000000001,16.762802,18.276009893951812,LAMBAYEQUE,9,2024-09-01
18.02,18.981120221907858,16.501396648044697,16.880700000000015,17.428196,17.936621415223605,LAMBAYEQUE,10,2024-10-01
17.11,18.408012918079137,19.61492248062016,17.814850000000007,17.794752,18.202516793649956,LAMBAYEQUE,11,2024-11-01
16.66,14.278894405119846,15.99648148148148,16.268400000000003,16.36749,16.086447056372304,LAMBAYEQUE,12,2024-12-01
15.65,16.626903823326302,15.99648148148148,16.873100000000004,16.31544,19.989572936005,LAMBAYEQUE,1,2025-01-01
16.67,17.33892810066201,16.501396648044697,16.656750000000002,20.438139,24.95735178862379,LAMBAYEQUE,2,2025-02-01
15.52,14.41875995783374,16.501396648044697,16.134100000000018,15.5974045,19.731657525098264,LAMBAYEQUE,3,2025-03-01
15.25,16.26797219242397,16.501396648044697,16.076550000000008,16.064056,21.659670548830224,LAMBAYEQUE,4,2025-04-01
15.13,17.559352112887815,16.501396648044697,15.930550000000006,16.212173,18.82083771957493,LAMBAYEQUE,5,2025-05-01
15.94,16.104682703361274,16.501396648044697,16.1726,19.602427,18.881635676505073,LAMBAYEQUE,6,2025-06-01
16.13,11.77292069620346,12.385780590717289,13.694849999999999,12.81195,25.31975579431142,LIMA,1,2024-01-01
35.02,16.790448664195093,15.329062500000004,14.02125,16.810919,17.837910165003088,LIMA,2,2024-02-01
10.69,24.610181933727254,25.306538461538455,32.18589999999997,23.865427,22.57169738276608,LIMA,3,2024-03-01
8.41,14.538595718132488,30.31,18.438350000000018,19.10835,18.785955783419418,LIMA,4,2024-04-01
16.23,13.18307176654999,8.611428571428572,10.663200000000003,18.2174,13.174439937344333,LIMA,5,2024-05-01
12.52,15.987272808072827,15.329062500000004,14.661,19.321692,13.459652513896526,LIMA,6,2024-06-01
19.76,17.59168455878168,7.875,17.046800000000005,19.602472,16.26703580965642,LIMA,7,2024-07-01
22.7,19.79165187524265,13.85375,18.675750000000004,22.331686,15.113912200095958,LIMA,8,2024-08-01
7.23,20.814773488849436,10.04,14.625649999999998,19.901943,14.378113890313694,LIMA,9,2024-09-01
11.81,14.050327895774258,9.943913043478261,12.120550000000012,18.474035,16.342880863742554,LIMA,10,2024-10-01
18.33,14.977564161484441,13.079692307692317,19.830700000000014,20.697279,21.04755630568786,LIMA,11,2024-11-01
14.52,14.807585128911626,13.741818181818182,16.95115,20.681496,24.033884312196836,LIMA,12,2024-12-01
19.35,16.074539515528066,15.329062500000004,19.470949999999995,24.163258,27.362410202155157,LIMA,1,2025-01-01
25.77,21.147900090504468,20.2056156156156,20.59379999999999,29.158325,18.436039865555784,LIMA,2,2025-02-01
21.5,20.29575014893347,10.04,18.630099999999977,21.01163,20.81762712775892,LIMA,3,2025-03-01
22.87,20.89304122840531,20.346666666666668,22.240599999999993,24.793179,25.359363014709214,LIMA,4,2025-04-01
21.5,23.685393434519717,23.117770897832802,23.5315,27.586637,19.610626322276367,LIMA,5,2025-05-01
29.09,21.421254884077765,23.117770897832802,21.463700000000006,26.101818,17.826228514831467,LIMA,6,2025-06-01
45.68,41.935063688347114,44.64620689655172,41.371050000000004,43.827652,47.92180861876995,LIMA,1,2024-01-01
48.06,44.74069917910132,46.88786324786325,45.53524999999999,47.479164,52.37483397264731,LIMA,2,2024-02-01
44.04,42.778921189508736,46.88786324786325,45.19325000000003,47.90929,49.52734135140644,LIMA,3,2024-03-01
39.49,43.18622374514487,46.88786324786325,44.35355000000001,48.9688,53.28126020215404,LIMA,4,2024-04-01
41.58,41.989416661186844,45.103311688311685,44.448899999999995,43.09354,48.15512237890976,LIMA,5,2024-05-01
50.36,41.64272292955623,45.103311688311685,44.71295,44.817345,46.71203037317729,LIMA,6,2024-06-01
45.6,50.37907923677758,50.086764705882345,50.23715000000003,52.488705,55.45803959486884,LIMA,7,2024-07-01
48.55,45.727813610206184,45.103311688311685,46.90225000000004,46.18985,50.70079790316362,LIMA,8,2024-08-01
46.51,45.77203054100867,46.723181818181814,49.25575,51.0172,51.24196609204801,LIMA,9,2024-09-01
43.63,46.14341011581822,46.88786324786325,46.47735000000006,49.822052,45.380226448508786,LIMA,10,2024-10-01
47.04,43.89625866326655,45.103311688311685,46.157949999999985,46.682407,41.76685072846829,LIMA,11,2024-11-01
42.04,41.2900795360225,44.64620689655172,41.87655000000001,45.329613,37.30921108767509,LIMA,12,2024-12-01
46.64,41.454301990581826,44.64620689655172,41.485649999999985,43.301277,49.74239880356904,LIMA,1,2025-01-01
52.1,45.35040960273611,45.103311688311685,45.021150000000006,46.217514,51.701358123469376,LIMA,2,2025-02-01
52.28,45.159980940174975,45.09375,46.79505,47.564,53.64307941717822,LIMA,3,2025-03-01
54.88,48.14137465837125,52.94833333333332,53.40855000000001,51.045914,60.97457833126567,LIMA,4,2025-04-01
50.18,51.63757161319759,55.992,52.24625000000001,50.507233,59.86061568592281,LIMA,5,2025-05-01
46.97,48.31637127118742,46.723181818181814,50.076000000000015,49.385967,53.27994725321488,LIMA,6,2025-06-01
35.9,60.23417440196715,73.7,59.90979999999999,62.090137,58.8512252147999,LIMA,1,2024-01-01
65.74,46.14876795668267,42.09314285714285,38.31960000000001,39.840313,43.82866737086159,LIMA,2,2024-02-01
49.1,58.64153867688171,60.098,59.542849999999945,62.224594,62.71666926775807,LIMA,3,2024-03-01
56.12,52.373657259580355,54.015373134328364,54.786150000000006,55.44235,62.50207894529178,LIMA,4,2024-04-01
64.95,57.743442236319524,62.396799999999985,59.993799999999965,60.581936,60.33663564438368,LIMA,5,2024-05-01
62.21,61.4780634536767,56.18153846153847,58.78484999999995,57.936245,59.62968615209443,LIMA,6,2024-06-01
63.61,64.52598093461152,62.14971014492751,67.59499999999997,68.74365,68.57606849158208,LIMA,7,2024-07-01
67.29,63.20341611944505,62.14971014492751,71.43989999999991,69.36703,67.42021841514685,LIMA,8,2024-08-01
63.79,63.80373904485592,60.098,64.31609999999995,64.4654,65.91657969215834,LIMA,9,2024-09-01
71.78,64.90219523833181,100.0,73.41304999999991,74.91037,68.22553437153647,LIMA,10,2024-10-01
71.37,67.9799777112152,68.36944444444443,74.06454999999994,73.76149,70.86645136391773,LIMA,11,2024-11-01
55.68,63.763494451766405,60.098,58.0373,56.070755,57.096251568663625,LIMA,12,2024-12-01
62.32,56.22695745561025,54.16695121951219,45.254700000000014,50.81464,60.539777681430024,LIMA,1,2025-01-01
73.23,62.31049721861626,69.31166666666665,66.24434999999994,69.14686,60.75813518758442,LIMA,2,2025-02-01
65.4,64.56804633421007,61.57541666666666,58.45345,64.80434,64.97508324434128,LIMA,3,2025-03-01
64.66,63.986065549437114,60.098,62.60914999999996,64.19896,74.01898883403716,LIMA,4,2025-04-01
66.13,65.38865285003943,62.14971014492751,65.79569999999993,66.6389,69.5395345406122,LIMA,5,2025-05-01
56.19,64.55479807200221,60.098,63.12609999999998,62.190144,68.40530629112723,LIMA,6,2025-06-01
24.81,35.6976685585214,33.943346613545835,32.624300000000005,35.33928,41.43304563343101,LIMA,1,2024-01-01
37.44,31.52027797995688,28.606138613861408,28.346449999999987,30.296925,35.77687482600224,LIMA,2,2024-02-01
44.76,34.86731681241439,39.33500000000001,34.89549999999999,36.562202,41.3778927156206,LIMA,3,2024-03-01
45.79,42.40650088645843,40.4123484848485,40.850450000000016,44.23504,49.86879662697747,LIMA,4,2024-04-01
60.06,45.98717720260283,53.70375,45.587749999999986,45.821945,47.863814273271025,LIMA,5,2024-05-01
52.49,53.835912676377866,52.30933333333333,52.04980000000004,49.63324,49.147473916611204,LIMA,6,2024-06-01
33.77,53.98764410227088,52.94833333333332,54.45640000000003,55.25178,58.42466328049126,LIMA,7,2024-07-01
46.52,41.325743036072495,42.09314285714285,38.25355000000001,39.29834,49.54641463908299,LIMA,8,2024-08-01
56.05,45.22422803555906,44.80119402985073,47.569799999999994,47.451183,48.62401080045878,LIMA,9,2024-09-01
49.19,53.45769389290663,45.09375,47.82295000000002,50.94616,55.65524048268414,LIMA,10,2024-10-01
55.95,49.17546982925624,46.88786324786325,50.14465000000006,49.41261,53.620543805239556,LIMA,11,2024-11-01
35.32,48.74188053415716,31.2,37.94370000000001,42.130203,47.17123989028742,LIMA,12,2024-12-01
44.75,39.3719707739173,39.54423076923076,36.19244999999997,34.528244,49.30368611703086,LIMA,1,2025-01-01
54.9,45.9482947249895,46.88786324786325,44.587699999999984,46.586872,42.277822227582526,LIMA,2,2025-02-01
50.44,49.21901935590811,40.104,43.141699999999986,42.647392,46.81560834147095,LIMA,3,2025-03-01
61.67,50.16965547145373,46.88786324786325,49.8679,51.70586,51.7555939202997,LIMA,4,2025-04-01
66.34,59.18034448514166,62.14971014492751,59.631899999999995,63.296604,54.44722988036525,LIMA,5,2025-05-01
65.87,60.916537717510806,52.30933333333333,60.31855000000005,60.83227,54.59144015580366,LIMA,6,2025-06-01
33.79,42.04635564456153,41.90842592592594,38.40449999999996,34.94942,35.963962257802486,LIMA,1,2024-01-01
36.94,36.1982159183412,31.799252873563212,35.34655000000001,36.7018,39.85090815881832,LIMA,2,2024-02-01
33.58,33.78738744922066,34.48,34.824999999999974,34.946404,39.93890599779042,LIMA,3,2024-03-01
35.39,34.26331890140464,31.799252873563212,33.85080000000005,34.81884,36.82733924537146,LIMA,4,2024-04-01
36.38,36.92677297973836,34.942941176470576,35.88905000000001,35.618366,35.91237627844254,LIMA,5,2024-05-01
35.55,36.26293549177208,34.942941176470576,35.68670000000001,35.9058,35.36529542952274,LIMA,6,2024-06-01
35.21,39.145667405304344,34.942941176470576,36.81395000000001,36.960197,37.768000120449294,LIMA,7,2024-07-01
31.81,36.80814407210666,34.942941176470576,36.28630000000001,36.124607,36.15526593706946,LIMA,8,2024-08-01
35.38,33.51918120743116,33.943346613545835,32.391,32.88837,34.35008020336868,LIMA,9,2024-09-01
23.15,37.301243333121505,34.942941176470576,36.21409999999999,36.478867,35.638832541214704,LIMA,10,2024-10-01
22.62,29.34036470794833,31.044999999999998,28.536400000000004,29.06689,28.637889597726634,LIMA,11,2024-11-01
27.72,24.64074625235365,28.815632183908047,27.12984999999999,24.093815,25.19044761812606,LIMA,12,2024-12-01
31.77,29.065470585801535,28.815632183908047,27.947,28.584436,29.147207326730268,LIMA,1,2025-01-01
34.51,33.20952867683516,30.96362244897958,30.9932,32.613598,38.512131792650926,LIMA,2,2025-02-01
30.09,31.577716288980646,29.625692307692297,30.161250000000017,30.651163,37.323436964626346,LIMA,3,2025-03-01
30.37,31.850919249793645,30.96362244897958,29.941950000000002,30.831476,35.26363045501761,LIMA,4,2025-04-01
31.76,33.263257740844224,30.96362244897958,30.797949999999993,30.572197,34.60095172801821,LIMA,5,2025-05-01
38.76,32.554252875433924,30.96362244897958,30.782449999999987,31.049114,34.38212753693552,LIMA,6,2025-06-01
32.52,30.666843103212013,30.96362244897958,31.112299999999994,29.684277,30.616406539407865,LIMA,1,2024-01-01
38.18,32.883173319309115,35.60454545454546,32.588450000000016,31.97323,32.780935704023065,LIMA,2,2024-02-01
34.34,32.965458188029054,30.948823529411772,32.32205000000002,32.892403,30.655226230429943,LIMA,3,2024-03-01
36.55,33.749709032234136,32.91813559322035,33.60490000000001,32.329723,32.6999199135475,LIMA,4,2024-04-01
37.21,36.4703924198606,32.91813559322035,35.96399999999997,32.502678,34.34352305592089,LIMA,5,2024-05-01
38.34,35.70509530477001,35.446141732283465,35.86235000000002,35.744118,34.27863709345046,LIMA,6,2024-06-01
40.25,40.061717858833035,35.446141732283465,36.94260000000001,38.524708,39.21358325091943,LIMA,7,2024-07-01
39.17,39.081410363249226,38.77277108433734,37.3417,38.43545,38.029595409856235,LIMA,8,2024-08-01
31.06,37.37865317728149,37.52732673267327,37.846250000000026,38.806377,37.21945292116147,LIMA,9,2024-09-01
30.92,34.84236876640619,31.799252873563212,34.0877,33.304558,35.25903448342833,LIMA,10,2024-10-01
29.97,32.77398989569432,31.799252873563212,32.171250000000015,33.89644,34.21617414524784,LIMA,11,2024-11-01
27.55,28.518138062460576,31.799252873563212,30.315200000000015,31.26521,28.347688586486214,LIMA,12,2024-12-01
31.02,29.761710987675475,28.815632183908047,29.77519999999999,29.13793,31.545607008629023,LIMA,1,2025-01-01
35.72,33.195677879091605,33.943346613545835,31.466850000000004,32.02385,30.085939546191053,LIMA,2,2025-02-01
34.14,32.46857077972953,34.942941176470576,31.684400000000014,31.971453,26.407389321336744,LIMA,3,2025-03-01
34.43,34.57792703381632,34.942941176470576,34.59329999999999,34.077774,30.272262637279187,LIMA,4,2025-04-01
31.75,36.26667255636141,34.942941176470576,35.41315,34.124767,31.863468002117568,LIMA,5,2025-05-01
33.67,33.33420659292321,33.943346613545835,32.24045,31.551762,31.129378720911753,LIMA,6,2025-06-01
19.03,22.47435719819401,20.476912751677855,23.163649999999993,22.523619,24.630116174128016,LIMA,1,2024-01-01
19.93,22.43009033179959,21.4454794520548,23.706550000000007,24.947393,19.61529394283525,LIMA,2,2024-02-01
19.36,19.26033911975273,21.50167701863354,21.923600000000015,22.383307,15.718967977328662,LIMA,3,2024-03-01
18.44,21.47647875676947,21.50167701863354,23.308049999999998,23.3112,19.2061460841928,LIMA,4,2024-04-01
19.39,22.149506453938862,20.476912751677855,21.336799999999993,22.674002,19.773710057893684,LIMA,5,2024-05-01
19.44,21.336775634324034,20.2056156156156,20.86359999999999,22.630241,19.473334183185308,LIMA,6,2024-06-01
21.47,24.660713361989107,22.168795180722903,22.349849999999993,24.334085,18.844827216521427,LIMA,7,2024-07-01
23.8,23.99371556466905,23.38199095022626,23.080450000000013,25.431084,21.483400475123478,LIMA,8,2024-08-01
20.05,23.975906746095653,23.117770897832802,22.989700000000003,23.846373,23.504295780142225,LIMA,9,2024-09-01
24.66,24.15005300907724,20.2056156156156,22.087349999999983,24.129892,22.699172099999608,LIMA,10,2024-10-01
25.66,25.489403125173297,23.671782945736442,24.469099999999997,26.159903,23.345588064536937,LIMA,11,2024-11-01
20.7,22.38375347683281,23.507153284671535,22.151650000000007,23.808025,25.869934699131534,LIMA,12,2024-12-01
20.06,22.27097917340363,20.2056156156156,20.536500000000004,20.992283,25.29698874808359,LIMA,1,2025-01-01
24.37,22.961460849393834,20.2056156156156,20.741499999999988,23.65817,20.81938989685632,LIMA,2,2025-02-01
25.1,21.937434933411595,20.58934426229508,22.518750000000008,21.869438,18.18254030380708,LIMA,3,2025-03-01
22.65,25.19035635073762,25.187843551797034,24.223850000000002,24.712126,22.219545111925708,LIMA,4,2025-04-01
21.94,25.51943110320629,23.117770897832802,23.073799999999984,23.438906,20.71061864655966,LIMA,5,2025-05-01
23.54,23.673460183222232,23.117770897832802,23.42634999999999,23.175514,19.819224153862773,LIMA,6,2025-06-01
38.11,38.03119996703283,40.94352941176472,40.89645000000003,39.238018,35.55473653642939,LIMA,1,2024-01-01
40.11,38.74328103339259,40.94352941176472,41.42934999999998,40.992428,41.377429314453764,LIMA,2,2024-02-01
35.81,35.63956294877795,41.3675,38.42284999999999,37.934658,37.202621493503564,LIMA,3,2024-03-01
34.38,35.559416997362995,34.942941176470576,37.822599999999994,37.332436,35.651236434896866,LIMA,4,2024-04-01
31.84,35.26647228605933,34.942941176470576,35.426850000000016,35.081196,37.637894287895186,LIMA,5,2024-05-01
31.15,32.12954180807614,31.799252873563212,32.87474999999999,33.31802,35.343378389819165,LIMA,6,2024-06-01
36.23,33.988584053492104,31.799252873563212,34.969300000000004,34.538445,26.318379177514043,LIMA,7,2024-07-01
32.7,36.48038248193204,34.942941176470576,38.001099999999994,37.679886,38.543452041768425,LIMA,8,2024-08-01
29.44,33.25299767230406,33.943346613545835,31.057500000000008,34.631252,34.70170738015515,LIMA,9,2024-09-01
29.95,33.085205763832036,33.943346613545835,29.448550000000026,32.543022,35.184757564565565,LIMA,10,2024-10-01
40.54,31.91845632363492,33.943346613545835,30.33255000000002,33.269848,35.003562758870125,LIMA,11,2024-11-01
34.56,34.233867356673194,35.356842105263155,36.34575000000003,36.844574,37.70644556661675,LIMA,12,2024-12-01
28.86,34.01175793711555,34.942941176470576,34.76169999999999,33.795567,31.993292114254107,LIMA,1,2025-01-01
26.13,31.823169267634942,33.943346613545835,30.508050000000022,31.266485,34.98279222096089,LIMA,2,2025-02-01
23.41,25.860572755064382,28.815632183908047,27.887050000000016,28.249933,29.994659876923286,LIMA,3,2025-03-01
23.63,26.220241023458083,28.815632183908047,28.438799999999983,27.3956,28.322423100043775,LIMA,4,2025-04-01
27.65,27.319375781857033,26.004687499999996,27.363400000000006,25.83057,28.123911800507187,LIMA,5,2025-05-01
22.26,28.204502887314284,28.197034482758596,28.172149999999988,27.901567,29.900954338775986,LIMA,6,2025-06-01
40.05,37.14815951880629,39.78538461538461,38.628550000000025,36.141716,38.21690029776709,LIMA,1,2024-01-01
42.97,39.77004102942511,41.24187500000002,40.346250000000026,39.693867,40.884961167268415,LIMA,2,2024-02-01
40.19,38.13416090078331,41.3675,39.42500000000001,40.62133,38.90009297609248,LIMA,3,2024-03-01
40.72,39.367393371754616,40.94352941176472,40.54165000000003,40.259563,39.739277359676514,LIMA,4,2024-04-01
38.11,41.026920589138435,40.94352941176472,40.399550000000005,40.037876,40.344901517629594,LIMA,5,2024-05-01
34.86,38.19882229535387,39.78538461538461,40.06200000000002,39.124805,38.310643421068235,LIMA,6,2024-06-01
36.78,39.33673380127249,34.942941176470576,38.64535,35.422432,38.90936387957073,LIMA,7,2024-07-01
39.28,37.985957338522894,35.434999999999995,39.063849999999995,39.50907,38.7608027831197,LIMA,8,2024-08-01
36.55,38.3088483399172,41.24187500000002,39.831900000000026,39.79114,40.31468050953489,LIMA,9,2024-09-01
31.38,38.77797449698184,34.942941176470576,38.2291,38.558647,38.00961823913237,LIMA,10,2024-10-01
36.01,34.420065755051596,33.943346613545835,32.57624999999999,33.691547,37.29372609810304,LIMA,11,2024-11-01
31.5,32.88783613565323,34.942941176470576,34.38224999999997,35.6959,35.3507831001905,LIMA,12,2024-12-01
31.82,33.174134440658875,33.943346613545835,31.48139999999999,31.262232,35.50340153153235,LIMA,1,2025-01-01
40.42,34.52580177434981,33.943346613545835,32.507750000000016,33.98885,37.579747126015604,LIMA,2,2025-02-01
31.78,35.878193723807094,41.3675,36.168049999999994,36.34627,38.16100615635678,LIMA,3,2025-03-01
32.92,33.82724697604184,33.943346613545835,32.372299999999996,33.22964,35.351658247431594,LIMA,4,2025-04-01
32.05,35.39300276419014,33.943346613545835,34.808900000000015,34.658203,36.38141762463252,LIMA,5,2025-05-01
32.75,33.16751664105967,31.799252873563212,32.592749999999995,32.331017,34.96729420670057,LIMA,6,2025-06-01
38.78,37.41492338416222,39.54423076923076,34.61660000000002,35.544453,37.87879376310633,LIMA,1,2024-01-01
45.03,39.77327937022832,40.94352941176472,40.935050000000004,39.759357,38.06731554372525,LIMA,2,2024-02-01
42.88,40.121463733003466,41.3675,40.01689999999999,40.7046,40.749872018014166,LIMA,3,2024-03-01
44.15,42.03006015878038,40.94352941176472,42.104999999999976,44.901005,43.94941299962916,LIMA,4,2024-04-01
46.01,44.37520886728732,46.128571428571426,44.07574999999998,46.153828,41.864233245107336,LIMA,5,2024-05-01
46.45,44.293892118137336,46.128571428571426,44.938050000000004,47.09382,42.12699070089341,LIMA,6,2024-06-01
46.04,48.035874616431826,44.80119402985073,46.657850000000025,48.300663,45.435897903383285,LIMA,7,2024-07-01
50.99,45.965072796029446,46.88786324786325,46.01245000000003,48.07063,44.89551434243723,LIMA,8,2024-08-01
48.52,47.77174211351391,37.36000000000001,47.67469999999999,50.638824,47.623255347085035,LIMA,9,2024-09-01
48.13,48.70813592673031,46.88786324786325,47.35374999999997,51.397923,46.807116235462765,LIMA,10,2024-10-01
51.31,47.37408931230979,46.88786324786325,47.185849999999974,49.65358,48.094023976423316,LIMA,11,2024-11-01
40.95,45.08612382322137,33.016666666666666,36.819599999999966,40.07132,38.72211151883909,LIMA,12,2024-12-01
41.66,42.14694980217988,43.70444444444445,39.16670000000001,40.250076,39.336596186501794,LIMA,1,2025-01-01
46.96,43.62685821436149,41.662857142857135,42.17859999999999,43.557568,36.572627655246485,LIMA,2,2025-02-01
47.95,43.02605275859379,42.21093750000001,41.74064999999998,44.49628,40.94619567010009,LIMA,3,2025-03-01
49.64,46.630582167198654,46.88786324786325,45.64205000000002,49.58937,45.7251215891065,LIMA,4,2025-04-01
48.74,49.49367187771587,46.88786324786325,46.528150000000004,49.08077,44.20280423677736,LIMA,5,2025-05-01
49.0,47.841322834254484,46.88786324786325,46.39920000000002,47.999405,43.01137468614949,LIMA,6,2025-06-01
36.54,38.59018749292555,25.53571428571429,34.41620000000004,32.794395,38.397664310347295,LIMA,1,2024-01-01
48.98,39.89040498971926,39.54423076923076,36.609600000000036,36.331566,34.60088640633541,LIMA,2,2024-02-01
44.11,43.95055774702436,45.3,39.977550000000015,39.2912,46.37243499703309,LIMA,3,2024-03-01
49.11,44.88628381215694,41.90842592592594,43.850100000000005,45.563328,48.529865475595116,LIMA,4,2024-04-01
54.24,49.364585270798344,41.90842592592594,46.533249999999995,43.509983,44.02763100417188,LIMA,5,2024-05-01
51.7,51.629016394550945,52.94833333333332,49.79084999999999,48.569798,46.099965995867564,LIMA,6,2024-06-01
47.06,53.95670332358445,52.94833333333332,53.67895000000002,51.205513,52.871843626019405,LIMA,7,2024-07-01
56.4,49.223068121988774,46.88786324786325,48.427100000000046,46.87922,46.24135973700978,LIMA,8,2024-08-01
56.07,53.59944643833923,54.16695121951219,50.11095000000004,49.18516,52.821501742716684,LIMA,9,2024-09-01
59.5,56.11172019046113,54.16695121951219,51.78440000000006,53.665318,56.316912505270345,LIMA,10,2024-10-01
64.74,57.40844167606091,61.57541666666666,55.15740000000005,53.596615,58.12680143796184,LIMA,11,2024-11-01
41.12,56.475846792246244,54.40833333333334,47.84275000000005,53.25445,45.53177633424851,LIMA,12,2024-12-01
40.92,45.94129494986997,43.70444444444445,36.0933,37.451725,41.16376743485488,LIMA,1,2025-01-01
50.13,46.411181171172046,49.605714285714285,43.99410000000001,43.61886,32.28942287267008,LIMA,2,2025-02-01
52.72,47.55160347520187,42.21093750000001,43.84720000000005,45.228363,47.947700288449006,LIMA,3,2025-03-01
56.89,52.58138792260664,52.94833333333332,48.96435000000004,51.98603,56.55748993577013,LIMA,4,2025-04-01
55.1,57.309532814446186,62.396799999999985,52.02500000000002,52.798103,51.44027289462114,LIMA,5,2025-05-01
52.69,55.156888288045295,62.396799999999985,51.51825000000002,50.415092,48.98167394623842,LIMA,6,2025-06-01
38.9,43.14845392367853,40.94352941176472,38.88585000000001,35.908245,48.38486515605634,LIMA,1,2024-01-01
48.73,42.55249889133836,40.94352941176472,39.588300000000004,40.673576,40.10647221259857,LIMA,2,2024-02-01
50.16,44.88730605669832,38.31363636363636,41.85275000000001,42.1471,49.547444231230294,LIMA,3,2024-03-01
52.43,49.23953275107524,46.88786324786325,47.084150000000015,46.79845,52.003358185521655,LIMA,4,2024-04-01
57.4,52.54396759846542,52.94833333333332,50.182599999999994,47.093716,49.437263160588294,LIMA,5,2024-05-01
55.46,54.75192196199496,62.396799999999985,52.95219999999998,48.48246,45.839546987540636,LIMA,6,2024-06-01
47.92,57.372796281568114,62.396799999999985,55.23045,51.12306,47.93254423180033,LIMA,7,2024-07-01
61.23,50.8596320972525,46.88786324786325,48.14335000000001,48.838894,50.14394205384962,LIMA,8,2024-08-01
57.66,57.36895483125559,61.57541666666666,55.98235000000002,53.223362,56.46757936906321,LIMA,9,2024-09-01
59.03,58.036533369880054,54.16695121951219,51.31490000000004,52.461407,58.813637390104724,LIMA,10,2024-10-01
62.69,58.2754242831683,62.14971014492751,54.21590000000004,57.983532,57.292987043707335,LIMA,11,2024-11-01
47.9,56.14753781419233,54.40833333333334,47.834950000000035,43.90131,39.509066360048486,LIMA,12,2024-12-01
41.91,50.48119644548983,43.70444444444445,38.536450000000016,43.252995,50.824619483808995,LIMA,1,2025-01-01
51.47,47.9502908018066,45.103311688311685,45.378200000000014,46.280296,39.412221938251285,LIMA,2,2025-02-01
56.88,49.484224620177564,54.16695121951219,47.66315000000002,50.624706,49.92500819741163,LIMA,3,2025-03-01
58.95,55.87630163015477,52.604375000000005,51.02980000000002,55.655697,55.96545633021935,LIMA,4,2025-04-01
56.3,59.54970343199551,62.14971014492751,54.21655,62.863426,50.58991480552776,LIMA,5,2025-05-01
51.47,56.827769104036655,62.396799999999985,52.88250000000004,60.03569,45.97664403024802,LIMA,6,2025-06-01
22.21,21.34417278373002,23.38199095022626,20.652699999999992,19.233585,23.340713392884982,LIMA,1,2024-01-01
25.99,23.27809253968798,25.981125000000013,23.732549999999996,21.74923,24.099321593530988,LIMA,2,2024-02-01
22.94,21.881495441871543,23.645666666666667,21.646949999999993,21.41018,20.71855253078653,LIMA,3,2024-03-01
21.49,22.906792474690427,23.117770897832802,22.450599999999966,20.888376,21.209592827846606,LIMA,4,2024-04-01
18.91,23.403831249572328,23.117770897832802,21.51509999999996,20.907818,22.56532609039557,LIMA,5,2024-05-01
21.28,20.30975612695743,31.543333333333333,20.618750000000006,19.000847,20.553309415053434,LIMA,6,2024-06-01
22.52,24.715458511838474,31.543333333333333,23.10409999999998,21.504215,20.8294570553002,LIMA,7,2024-07-01
22.54,23.58159329500579,23.38199095022626,22.885600000000007,23.935652,23.856864833506222,LIMA,8,2024-08-01
21.53,22.42118922278677,23.117770897832802,22.11355,23.57483,22.391588286636615,LIMA,9,2024-09-01
21.79,23.946516710753205,23.117770897832802,22.09434999999999,24.667404,22.361512122223747,LIMA,10,2024-10-01
21.71,22.841550214802442,23.117770897832802,22.390499999999985,24.425865,22.903372398802606,LIMA,11,2024-11-01
22.78,19.285991432876063,20.796666666666667,20.800050000000002,22.606064,22.038872222918226,LIMA,12,2024-12-01
24.55,22.67909826072846,23.117770897832802,22.242000000000004,23.58952,24.048888712412307,LIMA,1,2025-01-01
25.7,25.326544251776667,25.981125000000013,26.040999999999993,24.271212,25.400654361099786,LIMA,2,2025-02-01
25.07,22.56343620848708,23.645666666666667,22.13499999999998,22.293745,20.88605644272537,LIMA,3,2025-03-01
26.03,24.794935594076843,25.187843551797034,25.127650000000013,24.110767,22.6974231684126,LIMA,4,2025-04-01
25.23,26.773036804412893,25.187843551797034,25.01405,24.606901,26.332725963319536,LIMA,5,2025-05-01
23.18,25.2416754454231,25.187843551797034,25.22225,24.271837,25.42544391721316,LIMA,6,2025-06-01
16.43,17.149976317967543,15.363333333333335,16.54274999999999,15.751905,18.35843073245511,LORETO,1,2024-01-01
17.69,18.25787211235397,16.501396648044697,16.96265,18.819782,14.169420277714933,LORETO,2,2024-02-01
19.62,15.403898072345163,18.1275,16.778050000000007,17.08731,15.548769500900937,LORETO,3,2024-03-01
18.56,19.45964033433922,20.2056156156156,19.62175,20.102283,21.896373026149302,LORETO,4,2024-04-01
20.9,20.486665135405147,19.61492248062016,19.55865,20.24728,19.477865099826044,LORETO,5,2024-05-01
21.25,20.534918383751936,20.2056156156156,20.921049999999994,21.57373,20.470555799094527,LORETO,6,2024-06-01
23.18,24.14220464945985,22.168795180722903,22.563549999999985,24.035412,24.58888768632828,LORETO,7,2024-07-01
19.86,23.547179357936535,23.117770897832802,22.22270000000001,23.533676,21.225918267713023,LORETO,8,2024-08-01
24.22,20.518212930162818,20.2056156156156,20.010149999999992,18.545336,15.25942141171379,LORETO,9,2024-09-01
21.27,25.050667265968315,23.117770897832802,23.062150000000024,23.1038,22.408972907201,LORETO,10,2024-10-01
17.97,22.388218260232822,20.2056156156156,20.960900000000002,21.117907,19.815121797519936,LORETO,11,2024-11-01
20.69,16.708149505575918,17.433103448275855,17.188549999999992,17.938326,15.323693015504046,LORETO,12,2024-12-01
17.29,20.820389232839,20.2056156156156,18.990699999999993,18.528543,21.556847965307544,LORETO,1,2025-01-01
14.85,20.291319525248575,18.216666666666665,17.691499999999998,20.011086,15.525498929895884,LORETO,2,2025-02-01
17.54,15.349881780033908,15.240185185185183,16.261749999999996,15.872265,16.79263780330601,LORETO,3,2025-03-01
18.74,19.12165598640403,18.216666666666665,18.200149999999997,19.17169,24.06299110168167,LORETO,4,2025-04-01
20.08,21.57271550732145,19.61492248062016,19.52490000000001,20.26164,20.939550654205345,LORETO,5,2025-05-01
23.51,21.17961790935925,20.2056156156156,20.139799999999987,20.330467,20.56536705422158,LORETO,6,2025-06-01
3.33,21.249185744198144,18.216666666666665,23.96004999999999,24.139904,43.05458932087328,LORETO,4,2025-04-01
1.18,13.139910503191393,7.435000000000001,13.448849999999995,14.88976,25.630228461738803,LORETO,5,2025-05-01
3.06,9.69043183696095,5.0139999999999985,8.519850000000002,8.758164,11.31073216222733,LORETO,6,2025-06-01
50.12,60.76860310590787,39.24,64.46754999999997,53.296906,58.955925124316146,LORETO,1,2024-01-01
46.7,55.310904231211346,38.43,55.24440000000005,51.538834,64.25542897922067,LORETO,2,2024-02-01
40.2,48.278230885773695,5.71,42.82629999999998,46.963036,73.3680152581147,LORETO,3,2024-03-01
37.95,46.28662659112585,5.71,40.18795000000001,48.987595,67.42971340621148,LORETO,4,2024-04-01
46.65,44.87585144606254,5.71,41.99955,44.81475,49.374663673337665,LORETO,5,2024-05-01
37.95,48.07846261574766,5.71,46.635699999999986,49.286026,51.89168045218775,LORETO,6,2024-06-01
25.06,46.686299142689066,5.71,44.68785,49.956974,36.99361731453757,LORETO,7,2024-07-01
41.44,35.9610037722081,25.044999999999998,29.436850000000003,33.818092,36.34259711201533,LORETO,8,2024-08-01
43.85,43.015566839155824,5.71,44.271899999999995,44.08804,49.78066059308979,LORETO,9,2024-09-01
39.45,47.56885890894645,5.71,42.98465,47.230076,60.26014295743348,LORETO,10,2024-10-01
38.72,44.246581307997324,5.71,40.36275,47.006866,54.02986512644793,LORETO,11,2024-11-01
42.18,38.275769043779526,31.61,37.85699999999999,34.61104,46.367244645268244,LORETO,12,2024-12-01
43.41,42.19248696013731,45.230000000000004,44.93699999999998,38.784943,43.9580997204677,LORETO,1,2025-01-01
47.32,44.15976855434454,45.3602857142857,45.06395,43.65474,62.94301886873816,LORETO,2,2025-02-01
36.42,42.8707228777314,86.81,45.86505000000001,46.413353,85.28997600372251,LORETO,3,2025-03-01
44.17,39.1250606951324,39.54423076923076,38.230200000000025,37.778946,78.53095454488403,LORETO,4,2025-04-01
45.7,45.08698654349088,46.84,46.75855000000001,44.230736,66.38312151254085,LORETO,5,2025-05-01
50.56,44.431845039355004,86.81,45.560100000000006,44.43959,66.92568580858075,LORETO,6,2025-06-01
22.61,20.784381594005993,20.2056156156156,22.710799999999985,20.561455,22.422991850795817,LORETO,1,2024-01-01
25.6,22.564719420339017,23.117770897832802,22.475649999999984,23.351034,22.758200500551478,LORETO,2,2024-02-01
29.07,20.7556903887276,23.645666666666667,21.856750000000012,22.745092,20.149568954667732,LORETO,3,2024-03-01
17.47,25.424988503141027,28.20612612612612,24.535550000000004,24.447111,28.659563552958677,LORETO,4,2024-04-01
14.95,20.54095678887287,18.216666666666665,19.311450000000008,20.42074,19.551784784715295,LORETO,5,2024-05-01
11.51,17.44569657677163,18.216666666666665,18.090900000000005,18.210258,13.415448578907293,LORETO,6,2024-06-01
26.14,17.73879921898922,15.031849315068493,16.70990000000001,18.408758,5.279751088507549,LORETO,7,2024-07-01
32.54,24.381948530602386,28.160333333333334,20.61609999999998,22.205484,22.75716654144727,LORETO,8,2024-08-01
16.15,27.596581870495438,27.628103448275866,24.956649999999996,21.746077,28.81112710392831,LORETO,9,2024-09-01
19.84,21.305457236392858,19.699283950617307,17.603800000000014,20.695786,20.26698111650132,LORETO,10,2024-10-01
17.11,21.457984026225308,25.08,23.90459999999999,23.754374,20.273565953855393,LORETO,11,2024-11-01
11.66,15.798059144734435,18.216666666666665,19.428400000000007,18.04612,19.937135103879942,LORETO,12,2024-12-01
15.06,15.22413254296251,15.031849315068493,15.941800000000006,14.79436,22.901977811548782,LORETO,1,2025-01-01
20.44,18.046967436059788,19.699283950617307,16.547750000000004,18.350723,15.330439870666428,LORETO,2,2025-02-01
16.83,18.085869859671924,20.2056156156156,21.276099999999975,18.80526,14.875574107651227,LORETO,3,2025-03-01
17.48,18.156288529729313,18.216666666666665,18.07595,18.293774,16.612677117187868,LORETO,4,2025-04-01
13.76,19.699884859578205,18.216666666666665,17.411450000000002,18.008165,16.761045530661793,LORETO,5,2025-05-01
15.85,16.052713406227774,15.66720279720279,15.84184999999999,15.982305,11.17131760161744,LORETO,6,2025-06-01
18.29,10.851744820341587,10.59220833333333,13.259449999999994,12.104655,22.174608503409782,LORETO,1,2024-01-01
35.34,17.466114611274797,16.683442622950825,17.347500000000004,19.66314,18.503688394037464,LORETO,2,2024-02-01
15.0,24.637382573544482,25.306538461538455,24.043199999999988,23.770145,24.005350269474565,LORETO,3,2024-03-01
12.46,16.81782403646754,16.501396648044697,16.70925,19.441254,17.808022090275376,LORETO,4,2024-04-01
15.07,15.928249347036607,30.31,16.71265,16.495203,16.417603942110706,LORETO,5,2024-05-01
9.43,15.66407998898706,15.329062500000004,16.4522,17.441982,15.362432895849077,LORETO,6,2024-06-01
17.86,15.374458583523603,10.59220833333333,13.495149999999997,13.726572,8.97460891115845,LORETO,7,2024-07-01
16.18,17.936661070322238,19.61492248062016,17.42450000000001,18.72883,18.264077711929538,LORETO,8,2024-08-01
17.28,16.39088111148778,14.261875,16.442100000000003,16.068928,15.288600263364417,LORETO,9,2024-09-01
22.16,18.87531088206555,18.1275,17.75530000000001,18.273136,18.234893813773915,LORETO,10,2024-10-01
16.26,21.58763043198305,23.38199095022626,20.63729999999998,20.028189,21.3497663787616,LORETO,11,2024-11-01
18.08,13.90056995033117,15.363333333333335,15.864099999999999,15.7186165,18.113780646331687,LORETO,12,2024-12-01
20.14,18.168741736057136,19.61492248062016,18.526799999999998,18.026548,24.932362346441227,LORETO,1,2025-01-01
22.72,21.57892014542551,20.2056156156156,21.74034999999998,22.925884,18.22306838183003,LORETO,2,2025-02-01
19.44,18.682900176883408,18.363599999999995,19.880399999999995,19.661705,16.272246378068576,LORETO,3,2025-03-01
13.03,19.434918544030126,20.2056156156156,19.6459,19.729881,21.876331062103926,LORETO,4,2025-04-01
17.96,17.17067785723912,15.031849315068493,16.833800000000007,16.42742,16.104150884447495,LORETO,5,2025-05-01
16.87,17.973890484558893,19.61492248062016,18.233350000000005,19.576694,19.941522540421456,LORETO,6,2025-06-01
21.67,24.252047282561776,24.923516483516487,24.442699999999988,22.15873,24.00040016046752,LORETO,1,2024-01-01
33.15,24.047297726932772,24.02314049586778,26.866399999999995,25.60368,22.004890646443418,LORETO,2,2024-02-01
27.65,27.044290810166032,28.690999999999995,30.03305000000002,27.437284,27.4293614730969,LORETO,3,2024-03-01
22.35,27.443708495954514,27.089795918367347,26.93495,27.309452,29.543110892082982,LORETO,4,2024-04-01
17.85,25.905039945017023,24.02314049586778,27.09265,24.90533,27.259435003630845,LORETO,5,2024-05-01
18.87,21.500857612569146,25.18049180327869,25.76154999999998,22.743555,21.426874625239652,LORETO,6,2024-06-01
18.46,24.718180309472636,24.63375,24.84909999999999,25.481142,17.953621178184687,LORETO,7,2024-07-01
29.47,22.262157606680876,21.50167701863354,24.371049999999965,23.203405,21.323657950901566,LORETO,8,2024-08-01
25.06,27.377950844540745,23.38163636363637,26.453050000000015,26.438473,27.08251759576427,LORETO,9,2024-09-01
29.25,26.946935640517935,25.187843551797034,24.245149999999995,25.110384,28.832512009817247,LORETO,10,2024-10-01
25.09,28.43953253537371,27.7918947368421,28.335949999999993,27.816381,31.141095311376695,LORETO,11,2024-11-01
20.69,22.434280425752426,23.507153284671535,23.57855,22.446959,20.250975097025528,LORETO,12,2024-12-01
30.22,22.195087576164084,20.476912751677855,23.553599999999996,20.70299,23.779582059842088,LORETO,1,2025-01-01
32.29,29.400311538580425,23.38163636363637,27.169300000000003,28.873798,25.351000749992703,LORETO,2,2025-02-01
28.45,27.418905904921207,28.690999999999995,28.201500000000014,27.305573,28.76269708590416,LORETO,3,2025-03-01
31.71,27.799708380060963,28.20612612612612,28.082450000000023,27.723328,33.12804522769526,LORETO,4,2025-04-01
29.28,30.90198886874079,28.069677419354843,30.605249999999998,27.898046,34.21342836349835,LORETO,5,2025-05-01
34.26,28.486405796546276,28.20612612612612,29.03535000000001,27.882553,32.29451885840454,LORETO,6,2025-06-01
14.15,18.43221161641275,19.61492248062016,18.53665000000001,18.23091,18.67000395456123,LORETO,1,2024-01-01
14.7,17.46120489434861,15.66720279720279,17.6189,18.136972,16.944857290420686,LORETO,2,2024-02-01
13.25,13.39065670835564,15.240185185185183,16.061349999999994,16.268515,9.98032394836473,LORETO,3,2024-03-01
15.58,14.963134229804082,15.031849315068493,14.944650000000003,15.637086,12.401417380641275,LORETO,4,2024-04-01
12.89,17.825326613010482,18.216666666666665,16.429949999999998,17.20503,17.212141503255562,LORETO,5,2024-05-01
14.28,14.886736668221447,13.079692307692317,14.00595,15.31506,18.09019488962873,LORETO,6,2024-06-01
15.37,18.727486580548373,15.329062500000004,16.741099999999996,16.82251,17.553356458651688,LORETO,7,2024-07-01
20.83,17.537127286739207,15.329062500000004,16.916599999999992,17.276007,18.970411883543488,LORETO,8,2024-08-01
14.51,19.09217204472948,20.2056156156156,18.560050000000007,18.832558,20.704727095273544,LORETO,9,2024-09-01
17.89,18.00688196088602,16.501396648044697,17.480349999999987,17.544796,18.529441347207996,LORETO,10,2024-10-01
16.36,18.620068744539893,19.61492248062016,19.579349999999998,18.956192,21.151291312506476,LORETO,11,2024-11-01
12.93,13.907795198745776,15.99648148148148,16.513200000000005,16.347221,12.99041733297336,LORETO,12,2024-12-01
15.15,14.383871388477802,13.079692307692317,14.431400000000007,12.843349,14.876353841225088,LORETO,1,2025-01-01
18.81,16.770244655283314,15.329062500000004,16.403900000000007,16.654528,18.382093927527187,LORETO,2,2025-02-01
14.65,15.542138462396812,19.61492248062016,16.491450000000007,16.965874,12.613047859979956,LORETO,3,2025-03-01
17.69,16.067620416025967,16.501396648044697,16.548199999999998,16.722153,14.889055843290407,LORETO,4,2025-04-01
12.6,19.053973981045907,18.1275,18.108850000000004,18.274925,19.43175277195744,LORETO,5,2025-05-01
12.31,14.913656470784433,13.079692307692317,13.736850000000002,15.013442,18.115000535776662,LORETO,6,2025-06-01
34.7,29.294907593057705,31.799252873563212,30.238000000000007,26.593834,32.60929871164975,LORETO,1,2024-01-01
37.53,34.46400949299408,34.942941176470576,34.30264999999998,33.9514,42.35311273919176,LORETO,2,2024-02-01
33.3,32.574633661418055,25.21,32.36694999999999,33.1101,35.215769816878314,LORETO,3,2024-03-01
31.43,33.31904073229903,31.799252873563212,33.14275000000001,33.578068,35.76217892278594,LORETO,4,2024-04-01
30.5,33.45979878834502,31.799252873563212,31.740800000000018,30.731798,37.55689461268415,LORETO,5,2024-05-01
37.61,31.481512128271895,33.943346613545835,31.38795000000001,31.87851,33.40669470259311,LORETO,6,2024-06-01
34.27,38.82831741828281,35.70864583333333,37.74759999999999,36.997787,37.46689434823838,LORETO,7,2024-07-01
41.29,35.423559141340675,34.942941176470576,34.530150000000006,35.247295,36.42997444905124,LORETO,8,2024-08-01
36.54,37.8440260346658,38.77277108433734,35.996149999999965,35.070217,41.3147574069119,LORETO,9,2024-09-01
33.42,37.349125495036105,34.942941176470576,35.2322,35.00727,42.94710106327518,LORETO,10,2024-10-01
30.51,34.34693398052502,31.799252873563212,33.47615000000002,33.446384,40.46477463731554,LORETO,11,2024-11-01
24.58,28.43224773733766,31.799252873563212,29.61955,29.950375,31.790171208271378,LORETO,12,2024-12-01
27.23,27.645318387214964,28.815632183908047,30.16030000000002,26.574564,29.36814280646099,LORETO,1,2025-01-01
33.57,30.106764385086937,28.815632183908047,30.227000000000025,30.986729,35.611342276422356,LORETO,2,2025-02-01
28.07,30.157774098709858,31.799252873563212,29.91180000000002,29.803286,33.23374703447558,LORETO,3,2025-03-01
30.14,29.79441011523695,24.58302631578947,29.532000000000018,29.352903,34.30213042827876,LORETO,4,2025-04-01
29.77,32.22759126399003,30.96362244897958,30.590149999999998,30.836231,39.19887507120297,LORETO,5,2025-05-01
27.78,31.01841661808464,30.96362244897958,30.934900000000003,31.655987,34.41703490730562,LORETO,6,2025-06-01
15.46,25.293870470255527,24.02314049586778,26.370199999999986,24.38117,18.792258540995018,LORETO,1,2024-01-01
31.81,22.631134613984454,19.699283950617307,21.5063,23.588808,27.045345737642574,LORETO,2,2024-02-01
25.88,28.494449115086287,23.015,29.04119999999999,29.825443,33.99708011442345,LORETO,3,2024-03-01
40.41,28.810067277125242,27.089795918367347,27.20224999999999,26.499702,35.284043789188736,LORETO,4,2024-04-01
39.73,38.59839105101197,35.70864583333333,37.86204999999998,38.271656,42.62331735300872,LORETO,5,2024-05-01
38.53,37.761659090278094,35.446141732283465,38.46475,39.875534,39.08862050818452,LORETO,6,2024-06-01
40.75,41.32519074531826,35.446141732283465,42.444049999999976,43.01488,37.57989653276048,LORETO,7,2024-07-01
47.39,41.03347832143358,38.77277108433734,42.93689999999999,45.671886,39.87851802273736,LORETO,8,2024-08-01
19.71,43.117574498291994,47.97142857142857,40.76540000000001,45.99304,46.56200062555804,LORETO,9,2024-09-01
44.88,28.88347529270151,50.46,27.24804999999998,28.872986,33.60401269402916,LORETO,10,2024-10-01
50.05,40.88338675591746,29.59235294117647,37.40944999999997,37.64872,49.17762842866353,LORETO,11,2024-11-01
36.12,41.29340117599218,29.59235294117647,37.470599999999976,32.943817,30.73177680717363,LORETO,12,2024-12-01
29.97,36.68923086374185,25.53571428571429,38.553350000000016,29.3414,33.724794045275225,LORETO,1,2025-01-01
28.64,34.658004012477925,31.799252873563212,33.627249999999975,34.05237,41.447166088768036,LORETO,2,2025-02-01
30.07,29.244642888551454,31.799252873563212,30.936050000000005,33.26894,41.78725875884081,LORETO,3,2025-03-01
30.16,33.294305637730105,33.943346613545835,32.60079999999999,36.88932,42.85913504795316,LORETO,4,2025-04-01
31.12,34.73186404681468,33.943346613545835,32.308749999999996,35.70064,35.93797118368742,LORETO,5,2025-05-01
47.34,33.83019681047858,33.943346613545835,33.40280000000002,34.55676,31.905743596530268,LORETO,6,2025-06-01
59.84,56.13456252624667,54.16695121951219,58.55815000000007,54.677834,59.73879933242076,LORETO,1,2024-01-01
67.86,60.282931410312045,100.0,69.18914999999994,68.82031,75.15658374713941,LORETO,2,2024-02-01
67.96,61.17328592519735,60.098,58.42490000000004,59.73973,66.34203226183078,LORETO,3,2024-03-01
47.89,64.27324006318173,60.098,63.596400000000045,63.53007,74.12177754847342,LORETO,4,2024-04-01
64.68,54.26365393979897,54.015373134328364,52.925249999999984,55.749043,69.54475924928153,LORETO,5,2024-05-01
69.78,62.25289729692125,100.0,73.82829999999994,69.80964,69.81406781131018,LORETO,6,2024-06-01
64.95,68.81968308557916,100.0,71.10475000000005,73.05907,72.41663912800627,LORETO,7,2024-07-01
75.65,64.37923675935939,100.0,71.5712,71.51264,69.77747743164676,LORETO,8,2024-08-01
66.0,68.99141526043131,60.098,68.88105000000007,69.63817,69.87568536935913,LORETO,9,2024-09-01
60.86,65.3420221437458,60.098,64.02010000000004,68.083565,71.34510488336863,LORETO,10,2024-10-01
70.22,61.377893815850555,100.0,67.22700000000003,61.454674,67.29085484131315,LORETO,11,2024-11-01
42.03,62.03198434606428,59.6,56.23315000000005,53.1348,59.04844457151144,LORETO,12,2024-12-01
55.07,48.79975312864781,45.103311688311685,38.17799999999998,46.352962,47.92059049611408,LORETO,1,2025-01-01
45.37,56.66376291079926,62.10352941176469,61.271799999999985,63.688744,73.01700711194225,LORETO,2,2025-02-01
64.74,47.22450949967572,45.103311688311685,44.93829999999997,51.77874,56.68809321994773,LORETO,3,2025-03-01
47.89,59.67678150632747,61.57541666666666,60.344050000000045,62.24301,74.72733884980325,LORETO,4,2025-04-01
64.68,53.22525521652663,54.015373134328364,52.37954999999999,56.35689,68.68410200067876,LORETO,5,2025-05-01
69.78,61.37714360447109,100.0,69.51189999999995,68.16337,72.4226528380821,LORETO,6,2025-06-01
14.26,14.815109902544716,15.329062500000004,15.5034,13.421029,14.798180826834114,LORETO,1,2024-01-01
10.44,15.922060152218046,15.329062500000004,16.177249999999997,13.730251,13.341025835694937,LORETO,2,2024-02-01
11.92,10.168477242671248,13.079692307692317,13.729999999999997,11.919302,11.1779689728073,LORETO,3,2024-03-01
13.0,13.075410761623683,13.079692307692317,13.478649999999984,12.604644,12.865523824376176,LORETO,4,2024-04-01
12.67,15.15602090780619,13.079692307692317,14.747699999999993,14.793655,11.597491281610267,LORETO,5,2024-05-01
12.54,13.633315646337513,12.17377622377623,14.626049999999985,14.746785,11.305841412965885,LORETO,6,2024-06-01
11.74,16.864185715320673,13.079692307692317,14.651349999999995,15.684596,15.051448176471713,LORETO,7,2024-07-01
12.26,14.436559934303515,13.079692307692317,13.796549999999993,13.008612,14.862341548033728,LORETO,8,2024-08-01
9.52,13.198094082818207,12.17377622377623,13.677899999999983,13.933042,15.707364720530967,LORETO,9,2024-09-01
9.44,13.529036189102024,10.59220833333333,12.977449999999994,13.3223915,15.562813363596737,LORETO,10,2024-10-01
7.73,12.260371656620354,10.59220833333333,12.687649999999996,11.649151,13.325612861405588,LORETO,11,2024-11-01
10.18,7.741471438376429,10.59220833333333,12.975200000000005,10.350632,16.565407215851632,LORETO,12,2024-12-01
14.51,11.670707867063268,10.59220833333333,13.96164999999999,11.340765,14.11246968845488,LORETO,1,2025-01-01
15.39,15.439478664051215,15.329062500000004,15.14575,16.041441,15.879575096802865,LORETO,2,2025-02-01
13.1,13.034226201070982,15.329062500000004,15.534899999999988,16.050539,13.403881099271,LORETO,3,2025-03-01
13.33,14.454792771448663,13.079692307692317,14.944949999999984,14.1919565,14.683753609906084,LORETO,4,2025-04-01
14.12,15.948004521176689,15.329062500000004,15.53304999999998,15.894102,9.59878626129043,LORETO,5,2025-05-01
14.55,15.059647024020059,15.329062500000004,17.030749999999976,16.278666,10.236247670496883,LORETO,6,2025-06-01
17.67,27.49577266024706,27.7918947368421,26.140799999999984,22.75247,13.972368621774896,MADRE DE DIOS,1,2024-01-01
13.74,21.17288278635886,18.216666666666665,22.22300000000001,27.032907,14.768499536220705,MADRE DE DIOS,2,2024-02-01
27.75,14.782263340912008,15.66720279720279,15.809050000000003,18.785486,18.430645884531614,MADRE DE DIOS,3,2024-03-01
31.66,25.65356192854831,28.160333333333334,27.16729999999999,28.06567,31.401910694947578,MADRE DE DIOS,4,2024-04-01
34.55,30.931496914250502,31.30887640449439,31.732050000000008,30.461126,31.534272377533878,MADRE DE DIOS,5,2024-05-01
26.52,31.918546717125395,28.690999999999995,30.727749999999993,32.5836,35.511011468812036,MADRE DE DIOS,6,2024-06-01
24.94,31.057404160731032,28.197034482758596,29.507099999999987,33.73523,28.87541896000709,MADRE DE DIOS,7,2024-07-01
37.29,27.59956266549024,25.187843551797034,26.142850000000003,29.91063,30.679384213350307,MADRE DE DIOS,8,2024-08-01
36.66,32.91433611949349,35.70864583333333,33.07284999999999,34.062397,31.40759672304131,MADRE DE DIOS,9,2024-09-01
44.17,35.731922136629976,34.31822857142859,33.72549999999999,36.936417,33.84336430265966,MADRE DE DIOS,10,2024-10-01
34.37,40.087036001967626,29.59235294117647,37.06780000000003,39.702354,40.375634056009446,MADRE DE DIOS,11,2024-11-01
29.47,30.97874088462723,29.625692307692297,28.01115,30.204765,28.03133678758893,MADRE DE DIOS,12,2024-12-01
16.48,29.700400204239195,30.96362244897958,29.405899999999985,25.787481,23.20351350641985,MADRE DE DIOS,1,2025-01-01
16.63,22.649340713290517,18.216666666666665,18.237000000000013,24.606457,12.47018187917643,MADRE DE DIOS,2,2025-02-01
17.66,19.121445798391342,19.699283950617307,21.012699999999995,22.84655,18.571933761844726,MADRE DE DIOS,3,2025-03-01
28.24,22.071592559831796,19.699283950617307,25.030350000000002,26.35846,24.498789642622047,MADRE DE DIOS,4,2025-04-01
45.75,29.96335059550088,28.197034482758596,27.612549999999963,31.23345,27.379006251128434,MADRE DE DIOS,5,2025-05-01
42.25,39.374601815420995,31.193076923076923,33.67415000000005,34.177475,39.997247126464266,MADRE DE DIOS,6,2025-06-01
21.18,16.333021238646587,15.329062500000004,12.693549999999984,12.7593565,20.393955243141562,MADRE DE DIOS,1,2024-01-01
15.3,20.63047664458859,19.429499999999997,15.104399999999988,20.491865,19.203450387670326,MADRE DE DIOS,2,2024-02-01
18.08,14.11224596039306,16.501396648044697,15.885450000000006,15.279516,15.511557219568319,MADRE DE DIOS,3,2024-03-01
11.51,17.824434144344494,16.683442622950825,16.4125,16.984463,22.493727936609247,MADRE DE DIOS,4,2024-04-01
12.42,16.32208203961901,13.079692307692317,13.048700000000002,14.381642,11.981535303919026,MADRE DE DIOS,5,2024-05-01
12.78,18.019671622640303,13.079692307692317,14.216349999999998,15.029152,14.393508126257542,MADRE DE DIOS,7,2024-07-01
10.77,16.026556703721624,13.079692307692317,13.60355,13.539489,14.716118039152253,MADRE DE DIOS,8,2024-08-01
10.94,13.5542561719703,13.079692307692317,12.491649999999998,12.396191,13.64493330601792,MADRE DE DIOS,9,2024-09-01
13.27,15.39422047174308,12.17377622377623,12.43454999999999,13.739218,17.59289339853953,MADRE DE DIOS,10,2024-10-01
11.82,15.668616059332907,13.079692307692317,13.571049999999993,14.513861,18.507152513827574,MADRE DE DIOS,11,2024-11-01
10.59,11.241241242919298,12.17377622377623,11.543849999999988,14.495079,19.36847418556372,MADRE DE DIOS,12,2024-12-01
12.42,13.662493209983102,13.079692307692317,13.58149999999999,12.551657,12.981005973981434,MADRE DE DIOS,1,2025-01-01
7.14,16.034288644564057,13.079692307692317,13.195750000000002,15.231427,6.030938431411575,MADRE DE DIOS,2,2025-02-01
22.95,9.110736336169627,10.59220833333333,11.632250000000004,11.184788,6.696396232456464,MADRE DE DIOS,3,2025-03-01
12.39,20.849532128582535,11.725,16.851449999999986,18.977724,20.792065550110404,MADRE DE DIOS,4,2025-04-01
16.31,16.62886148985208,13.079692307692317,12.295,12.581945,13.408494424806202,MADRE DE DIOS,5,2025-05-01
21.13,17.41963035600238,16.501396648044697,16.034799999999997,15.355949,14.74263829053316,MADRE DE DIOS,6,2025-06-01
37.46,39.012276939403144,45.335,39.20615,30.631199,38.849864070548456,MADRE DE DIOS,1,2024-01-01
35.25,37.58761376413463,40.94352941176472,39.403950000000016,39.698143,37.90326853666952,MADRE DE DIOS,2,2024-02-01
34.12,32.39541459787901,34.942941176470576,33.564750000000025,36.180668,37.64533876532666,MADRE DE DIOS,3,2024-03-01
36.92,34.92359187182665,35.884848484848476,36.73434999999998,37.80623,37.901385482751934,MADRE DE DIOS,4,2024-04-01
35.57,37.51561310867911,39.78538461538461,36.57670000000001,39.061546,40.87013438580353,MADRE DE DIOS,5,2024-05-01
40.14,36.30694698465952,35.884848484848476,37.141650000000006,41.48707,38.55322672448482,MADRE DE DIOS,6,2024-06-01
40.23,42.03035216027305,41.24187500000002,41.43900000000001,42.421436,43.93745044342091,MADRE DE DIOS,7,2024-07-01
43.57,40.196676187167895,41.24187500000002,41.478599999999986,43.169376,43.357618943066406,MADRE DE DIOS,8,2024-08-01
39.79,40.90058510862091,44.80119402985073,43.110899999999994,45.776684,44.660878949245586,MADRE DE DIOS,9,2024-09-01
30.89,40.60560325752857,40.94352941176472,41.18405000000001,42.520977,41.44257081452034,MADRE DE DIOS,10,2024-10-01
32.21,34.46963940895586,33.943346613545835,32.93125000000001,38.788998,38.97423651719484,MADRE DE DIOS,11,2024-11-01
51.15,30.565879715816507,33.943346613545835,34.04365000000001,36.57472,33.18958779387217,MADRE DE DIOS,12,2024-12-01
32.94,44.140735732142375,41.59666666666667,40.46955000000002,32.443436,40.54001365659264,MADRE DE DIOS,1,2025-01-01
38.77,35.88443744980735,31.799252873563212,33.08710000000002,38.077576,33.114224986665334,MADRE DE DIOS,2,2025-02-01
33.41,35.140613590577956,40.94352941176472,39.43825000000002,38.23021,37.52895718766999,MADRE DE DIOS,3,2025-03-01
35.43,34.592529933361554,33.943346613545835,34.83705,37.051796,37.27587599800592,MADRE DE DIOS,4,2025-04-01
40.42,36.976185834174316,34.942941176470576,35.416399999999996,37.634796,40.943863324418864,MADRE DE DIOS,5,2025-05-01
35.75,38.88195544966934,37.52732673267327,40.42869999999999,40.3098,41.857513168875485,MADRE DE DIOS,6,2025-06-01
46.63,31.902378701003208,33.943346613545835,33.72135,28.402971,25.0915191883272,MADRE DE DIOS,1,2024-01-01
16.23,40.764281255435634,43.66523076923077,39.000650000000014,40.156727,33.48006198757229,MADRE DE DIOS,2,2024-02-01
34.75,21.10313281990763,19.699283950617307,19.336799999999986,20.670725,26.67357411634505,MADRE DE DIOS,3,2024-03-01
32.73,33.23398019984391,34.942941176470576,36.456700000000026,33.30672,33.709451319052455,MADRE DE DIOS,4,2024-04-01
43.11,34.22554104863869,33.943346613545835,35.33760000000001,31.431171,38.67980286226679,MADRE DE DIOS,5,2024-05-01
42.58,40.03963969194104,38.77277108433734,40.68425000000003,29.637835,40.683329437445394,MADRE DE DIOS,6,2024-06-01
46.48,42.27302168815047,38.77277108433734,42.5378,42.641403,47.53658126217994,MADRE DE DIOS,7,2024-07-01
40.62,43.15661557853805,44.80119402985073,43.934450000000005,44.199333,45.27989063676612,MADRE DE DIOS,8,2024-08-01
36.82,38.59608303693629,37.65875,46.19415000000003,41.207787,44.53564983996163,MADRE DE DIOS,9,2024-09-01
47.51,33.07209661927244,15.7,32.9121,34.60802,28.602754776008293,MADRE DE DIOS,12,2024-12-01
45.16,41.74732125282693,35.43391304347826,38.18034999999999,30.056988,36.0427414389778,MADRE DE DIOS,1,2025-01-01
48.54,43.052427382590274,35.43391304347826,45.45465000000003,44.30376,34.27054612058869,MADRE DE DIOS,2,2025-02-01
47.36,42.63814630221793,46.128571428571426,41.77270000000002,32.306107,36.43015034393217,MADRE DE DIOS,3,2025-03-01
32.73,43.04910803154527,35.43391304347826,42.78120000000002,49.840202,43.36660011625781,MADRE DE DIOS,4,2025-04-01
37.39,37.18252921231452,39.54423076923076,34.90690000000003,36.113388,43.623126103080956,MADRE DE DIOS,5,2025-05-01
35.3,37.521724650714596,39.78538461538461,40.83945000000003,37.83517,41.88121508235408,MADRE DE DIOS,6,2025-06-01
22.88,25.690375740791513,26.209496124031,25.663449999999994,19.629847,22.084102757099803,MADRE DE DIOS,1,2024-01-01
25.94,24.712171742050444,23.117770897832802,23.166650000000015,25.269106,18.72792252603418,MADRE DE DIOS,2,2024-02-01
24.36,23.06046694854288,23.645666666666667,23.94019999999999,23.792315,21.842710257283066,MADRE DE DIOS,3,2024-03-01
22.05,24.987563825199082,23.117770897832802,24.68075000000001,26.241375,20.46091102325764,MADRE DE DIOS,4,2024-04-01
28.43,26.036158863812886,23.671782945736442,26.262049999999995,25.31214,21.401343648041543,MADRE DE DIOS,5,2024-05-01
21.82,27.881396044991405,28.20612612612612,28.193199999999987,28.1929,25.747544205177423,MADRE DE DIOS,6,2024-06-01
24.45,27.835341754319405,23.96484848484848,26.175250000000023,26.94187,25.549562152996703,MADRE DE DIOS,7,2024-07-01
35.46,26.263520590495926,23.117770897832802,24.18935,25.348894,24.699561330283405,MADRE DE DIOS,8,2024-08-01
27.52,31.525485044369297,27.628103448275866,32.11589999999999,29.094168,33.048287640707976,MADRE DE DIOS,9,2024-09-01
37.86,30.015279696463324,26.209496124031,28.023699999999998,28.374332,29.02650842522487,MADRE DE DIOS,10,2024-10-01
28.84,34.98391087109586,38.84619047619048,34.14555,36.242104,34.54866165276001,MADRE DE DIOS,11,2024-11-01
36.51,26.66287216467361,27.7918947368421,25.94529999999999,28.179502,26.97830156287354,MADRE DE DIOS,12,2024-12-01
22.13,33.37734893927769,28.690999999999995,30.540549999999975,26.628716,25.622361366946066,MADRE DE DIOS,1,2025-01-01
28.98,26.690259641918065,24.02314049586778,27.831949999999996,26.011992,16.211131792819568,MADRE DE DIOS,2,2025-02-01
25.35,26.48682650170579,30.362000000000002,27.63390000000002,27.501402,21.622845984124393,MADRE DE DIOS,3,2025-03-01
30.03,26.820812513367763,27.089795918367347,24.58920000000002,26.366953,20.24941191546817,MADRE DE DIOS,4,2025-04-01
33.37,31.44097233011277,30.96362244897958,30.502000000000017,31.097746,27.609633342333648,MADRE DE DIOS,5,2025-05-01
27.52,32.016005310170954,32.91813559322035,33.94454999999999,32.886227,30.408895844753037,MADRE DE DIOS,6,2025-06-01
32.24,38.18941091330591,35.70864583333333,35.08714999999999,26.074005,34.630137774640744,MADRE DE DIOS,1,2024-01-01
33.88,32.455434776417505,35.60454545454546,33.02034999999998,34.48375,36.565079466041894,MADRE DE DIOS,2,2024-02-01
32.38,30.011735386397508,25.807666666666663,34.09354999999998,30.930983,34.381895175531064,MADRE DE DIOS,3,2024-03-01
36.79,31.449170888701754,32.91813559322035,32.55119999999999,33.185326,33.86655864705887,MADRE DE DIOS,4,2024-04-01
35.52,35.750510409743484,35.446141732283465,34.14165,38.339077,38.63792337490946,MADRE DE DIOS,5,2024-05-01
31.83,34.44002375309978,32.91813559322035,35.045850000000016,35.766563,35.75232663728088,MADRE DE DIOS,6,2024-06-01
29.96,36.073133935689796,34.31822857142859,33.3315,35.47456,36.63201771527675,MADRE DE DIOS,7,2024-07-01
27.47,31.541281602019303,30.96362244897958,32.43799999999998,32.557514,33.32847742230743,MADRE DE DIOS,8,2024-08-01
28.11,28.76842901100534,31.044999999999998,28.35225000000001,32.93543,31.846111204371187,MADRE DE DIOS,9,2024-09-01
51.45,31.026477592610014,31.044999999999998,28.907549999999997,32.302544,33.48162382301752,MADRE DE DIOS,10,2024-10-01
47.12,43.45681740274353,29.59235294117647,40.56805,41.213017,46.529866698799246,MADRE DE DIOS,11,2024-11-01
45.36,40.68525814528124,41.90842592592594,41.64315000000002,39.724415,35.72375568137011,MADRE DE DIOS,12,2024-12-01
36.04,41.79379872226264,41.90842592592594,38.34300000000001,27.523228,37.46435141669379,MADRE DE DIOS,1,2025-01-01
41.0,37.55300071531645,25.53571428571429,33.16615000000001,35.717587,35.49889074353883,MADRE DE DIOS,2,2025-02-01
37.03,36.40274075341723,40.94352941176472,38.139250000000025,37.571774,37.91028440468727,MADRE DE DIOS,3,2025-03-01
35.09,37.01711950703928,37.52732673267327,37.66905,37.428455,35.45449725344222,MADRE DE DIOS,4,2025-04-01
44.97,37.1363199057073,34.942941176470576,35.23719999999998,35.88052,37.24505038501561,MADRE DE DIOS,5,2025-05-01
41.58,41.33959531874046,40.4123484848485,40.94805000000004,41.740273,44.243962508786204,MADRE DE DIOS,6,2025-06-01
31.26,24.19723299544109,6.07,24.850650000000034,21.265419,20.8810589435866,MADRE DE DIOS,1,2024-01-01
33.75,30.375769288269815,30.96362244897958,33.47644999999998,31.706236,26.436315380084313,MADRE DE DIOS,2,2024-02-01
33.07,29.420241104426548,23.015,31.961650000000017,29.533852,29.54405093551703,MADRE DE DIOS,3,2024-03-01
32.0,32.715253221166634,36.155,34.738950000000024,32.958176,34.874021132213535,MADRE DE DIOS,4,2024-04-01
22.31,33.11179416176815,36.155,34.022000000000006,32.31139,34.319009754218264,MADRE DE DIOS,5,2024-05-01
21.96,26.72464356807012,24.58302631578947,25.980149999999995,26.762196,31.044462456133452,MADRE DE DIOS,6,2024-06-01
32.63,29.19719980062013,31.044999999999998,28.849799999999988,32.192745,35.85885783413682,MADRE DE DIOS,7,2024-07-01
32.18,33.5641379610234,36.733999999999995,35.89495,32.54092,32.351624014242496,MADRE DE DIOS,8,2024-08-01
35.93,32.15907378327072,36.733999999999995,33.23004999999999,32.057045,32.68517070651761,MADRE DE DIOS,9,2024-09-01
36.12,36.22233316224289,34.31822857142859,35.904300000000006,34.939693,36.00286757328979,MADRE DE DIOS,10,2024-10-01
30.26,35.54613856502131,34.31822857142859,36.09665000000003,34.41936,37.402868645081696,MADRE DE DIOS,11,2024-11-01
31.32,27.996137613123956,23.492173913043477,27.524550000000012,27.20317,27.23870549397838,MADRE DE DIOS,12,2024-12-01
27.69,31.55867545047992,30.96362244897958,30.249699999999983,26.106604,21.855162163490764,MADRE DE DIOS,1,2025-01-01
27.55,30.74429112862449,28.197034482758596,28.763600000000007,28.63468,18.157275132563825,MADRE DE DIOS,2,2025-02-01
36.92,27.02089687458342,27.089795918367347,26.43045000000001,28.500355,22.826864705852348,MADRE DE DIOS,3,2025-03-01
43.25,34.934020407854234,35.70864583333333,33.75625,36.682056,35.737758815220616,MADRE DE DIOS,4,2025-04-01
42.1,40.414164325511386,43.66523076923077,37.40075000000003,41.739838,40.56445686992331,MADRE DE DIOS,5,2025-05-01
37.58,39.325665081339025,32.1075,39.6769,41.31273,37.837875159422246,MADRE DE DIOS,6,2025-06-01
21.22,19.576488463773106,20.2056156156156,17.907399999999996,17.686838,21.778837740697735,MADRE DE DIOS,1,2024-01-01
19.61,22.200284578117003,20.2056156156156,21.555099999999975,24.508312,20.867007657416337,MADRE DE DIOS,2,2024-02-01
21.16,18.265758305554748,20.2056156156156,18.72059999999999,20.265146,17.397788371478928,MADRE DE DIOS,3,2024-03-01
19.75,21.679954601266687,20.2056156156156,20.587599999999995,21.90458,17.433380107395628,MADRE DE DIOS,4,2024-04-01
22.88,22.488489264167626,20.2056156156156,19.92965,21.152773,21.28893814629742,MADRE DE DIOS,5,2024-05-01
23.48,23.11995640905916,23.117770897832802,23.012050000000013,22.101141,22.58629407545133,MADRE DE DIOS,6,2024-06-01
27.8,26.95923028255998,25.867209302325588,25.460049999999995,24.703932,26.075388882417368,MADRE DE DIOS,7,2024-07-01
27.21,27.68059761139441,26.209496124031,26.48360000000001,26.353386,28.11432386776779,MADRE DE DIOS,8,2024-08-01
24.55,26.550058295214047,26.209496124031,25.61475000000001,27.370499,27.493500125293373,MADRE DE DIOS,9,2024-09-01
26.21,26.933202436533527,23.117770897832802,24.185049999999983,25.10909,25.170830249648485,MADRE DE DIOS,10,2024-10-01
32.56,26.51601321217024,25.187843551797034,25.302749999999996,26.092873,25.237094956062023,MADRE DE DIOS,11,2024-11-01
23.31,26.803500524661857,25.306538461538455,27.198950000000014,26.904367,25.717910467526405,MADRE DE DIOS,12,2024-12-01
22.12,24.727954597965912,23.117770897832802,22.221549999999997,21.060293,24.062699506838086,MADRE DE DIOS,1,2025-01-01
22.4,24.80238208078637,23.117770897832802,22.827100000000005,23.717436,20.095134492584265,MADRE DE DIOS,2,2025-02-01
22.52,21.35573730903262,20.58934426229508,20.653500000000008,21.558453,18.529222315507166,MADRE DE DIOS,3,2025-03-01
21.83,23.88109194757295,23.117770897832802,22.30485000000001,22.793678,18.300931131129392,MADRE DE DIOS,4,2025-04-01
25.1,25.1862468305567,23.117770897832802,22.190249999999995,22.93303,23.345816454259896,MADRE DE DIOS,5,2025-05-01
21.75,25.802191988525422,25.187843551797034,24.657999999999998,24.778534,25.53127132645856,MADRE DE DIOS,6,2025-06-01
22.26,23.220374824965347,27.63,25.383700000000005,19.723486,24.095697756115968,MOQUEGUA,1,2024-01-01
18.89,20.227851234756063,20.346666666666668,35.09380000000004,25.14728,22.47027769591159,MOQUEGUA,4,2024-04-01
15.56,18.306176911641494,20.2056156156156,23.93705,19.243765,22.969546263739076,MOQUEGUA,6,2024-06-01
28.71,19.265527863553146,54.91,29.110749999999967,28.485756,20.986982791584463,MOQUEGUA,7,2024-07-01
10.32,26.369493203213867,55.33,33.60455000000002,27.984976,24.38819777215918,MOQUEGUA,8,2024-08-01
15.0,13.42589359991727,30.31,20.488300000000002,14.894348,23.831390858782175,MOQUEGUA,9,2024-09-01
18.71,17.934428906079056,12.472999999999999,22.818899999999996,18.228165,22.892033731746803,MOQUEGUA,10,2024-10-01
26.67,18.920746039885913,19.61492248062016,19.855700000000002,17.287432,29.266959970293673,MOQUEGUA,11,2024-11-01
2.58,20.591208630806882,1.48,25.574699999999996,23.881792,30.229219159047375,MOQUEGUA,12,2024-12-01
6.13,10.027223678139496,12.385780590717289,8.984750000000002,11.64206,10.86596095916377,MOQUEGUA,1,2025-01-01
4.52,8.644911292206324,11.540107526881721,15.520699999999993,11.032033,6.336289923523779,MOQUEGUA,3,2025-03-01
3.67,9.9779160955848,5.8211688311688325,12.317800000000004,13.751459,-2.0539509369084605,MOQUEGUA,4,2025-04-01
2.9,10.27921178142919,5.8211688311688325,11.510949999999998,12.203847,6.108398668257579,MOQUEGUA,5,2025-05-01
2.67,7.962384746933349,3.46943661971831,8.11475,7.719357,7.940917510695902,MOQUEGUA,6,2025-06-01
14.76,13.223906317784254,12.17377622377623,11.978300000000011,13.23404,17.274512721822322,MOQUEGUA,1,2024-01-01
16.96,16.607406350204155,15.329062500000004,16.00315,15.615221,19.497534023328733,MOQUEGUA,2,2024-02-01
15.09,14.504391159614737,15.329062500000004,14.943550000000009,14.024344,14.398413566077275,MOQUEGUA,3,2024-03-01
17.44,16.079128179553717,16.501396648044697,15.8918,15.516926,12.0593520550096,MOQUEGUA,4,2024-04-01
12.87,18.95857688970016,18.1275,16.3133,17.108755,17.95903619409982,MOQUEGUA,5,2024-05-01
16.78,15.114043260057448,13.079692307692317,14.21969999999999,14.239263,15.725378582594933,MOQUEGUA,6,2024-06-01
17.53,20.47706817762068,16.501396648044697,16.024500000000003,17.802322,17.059568826199158,MOQUEGUA,7,2024-07-01
16.23,19.024813330810005,18.1275,16.2953,17.427536,17.412653795782365,MOQUEGUA,8,2024-08-01
21.1,17.15120765835057,16.501396648044697,16.201000000000008,15.811899,14.964139813551848,MOQUEGUA,9,2024-09-01
20.39,22.40909013082417,20.2056156156156,18.518999999999995,19.27624,18.427146593481815,MOQUEGUA,10,2024-10-01
20.02,21.03730040191099,20.2056156156156,19.09269999999999,19.206966,16.49013163228113,MOQUEGUA,11,2024-11-01
20.67,17.225553486296764,17.433103448275855,17.0893,16.799734,18.137374388635216,MOQUEGUA,12,2024-12-01
21.05,20.576700496319795,20.2056156156156,18.926449999999985,19.052193,16.279284854752902,MOQUEGUA,1,2025-01-01
18.12,22.348618358963122,20.2056156156156,20.35779999999999,21.866508,24.014316244840064,MOQUEGUA,2,2025-02-01
13.13,17.144899181437005,19.61492248062016,17.538949999999996,18.187077,16.609440666350654,MOQUEGUA,3,2025-03-01
15.05,16.63249789420221,15.031849315068493,15.340349999999994,15.549475,13.260160098238293,MOQUEGUA,4,2025-04-01
20.3,18.634167891379526,18.216666666666665,17.030299999999997,17.47655,16.034887620126025,MOQUEGUA,5,2025-05-01
19.19,20.732922740325357,20.2056156156156,18.989699999999985,19.958387,18.564095541868785,MOQUEGUA,6,2025-06-01
18.9,20.001394249281084,20.2056156156156,18.432500000000008,19.55679,23.333071095302458,MOQUEGUA,1,2024-01-01
29.48,21.194659847432696,20.2056156156156,20.385050000000007,21.440023,21.15797568318573,MOQUEGUA,2,2024-02-01
22.7,24.005835774152732,23.38163636363637,23.942449999999987,23.018127,25.212224848618202,MOQUEGUA,3,2024-03-01
17.04,23.438758636574644,23.117770897832802,23.239799999999992,22.134268,25.117161886363807,MOQUEGUA,4,2024-04-01
17.04,21.52724725800801,18.216666666666665,19.166949999999993,18.394474,22.813093048407964,MOQUEGUA,5,2024-05-01
17.14,19.61063097876172,18.216666666666665,19.015550000000005,18.60503,20.36442999519359,MOQUEGUA,6,2024-06-01
17.06,22.67743360049336,18.216666666666665,20.09245000000001,19.851913,18.41288024721082,MOQUEGUA,7,2024-07-01
18.55,20.445707498616848,18.216666666666665,19.26565,18.835293,20.168315489572098,MOQUEGUA,8,2024-08-01
18.46,19.981276908672477,19.61492248062016,19.541100000000018,18.291,19.65487975691934,MOQUEGUA,9,2024-09-01
23.19,22.110138939853414,19.61492248062016,19.24685000000001,19.949123,23.574242053487257,MOQUEGUA,10,2024-10-01
23.57,23.836077317980674,23.38199095022626,21.357200000000006,22.624409,23.627917902497256,MOQUEGUA,11,2024-11-01
21.02,20.560039773092498,20.796666666666667,20.062149999999992,20.086214,18.568094673074302,MOQUEGUA,12,2024-12-01
31.16,21.991557513374765,20.2056156156156,20.450999999999993,20.339258,24.84053020574321,MOQUEGUA,1,2025-01-01
29.55,29.793967149121425,23.38163636363637,27.649849999999997,28.631165,28.47553618666772,MOQUEGUA,2,2025-02-01
21.57,25.690707411910772,27.7918947368421,27.0098,24.448666,26.830299471393236,MOQUEGUA,3,2025-03-01
22.54,23.371592761638762,23.117770897832802,22.349050000000002,21.8814,25.78841238596764,MOQUEGUA,4,2025-04-01
19.49,24.923908507210413,23.117770897832802,23.440099999999997,22.720545,27.13524324906247,MOQUEGUA,5,2025-05-01
19.03,21.715798761383944,20.476912751677855,20.714549999999985,20.570501,22.559992997875273,MOQUEGUA,6,2025-06-01
52.16,32.95825006504456,37.96,30.20380000000002,27.42678,36.99077174303405,MOQUEGUA,1,2024-01-01
42.5,44.909623206702896,62.375,45.02970000000003,45.345776,54.82450795527831,MOQUEGUA,2,2024-02-01
46.28,36.89991425218444,32.1075,41.921200000000034,39.154,41.98908663269453,MOQUEGUA,3,2024-03-01
34.38,42.078624861028,79.12,44.800700000000006,43.65606,45.02074857392388,MOQUEGUA,4,2024-04-01
7.85,36.859456125569444,50.03,38.27860000000001,38.99495,31.087998973182483,MOQUEGUA,5,2024-05-01
9.09,18.87124204651652,43.23666666666666,22.050900000000006,26.437635,6.800624714456799,MOQUEGUA,6,2024-06-01
10.47,20.573653451190488,16.175135135135125,18.3514,20.847809,22.283729878393068,MOQUEGUA,7,2024-07-01
8.6,17.568368987895738,19.404102564102566,15.155199999999994,19.859257,12.094549991851933,MOQUEGUA,8,2024-08-01
8.37,15.433745014685934,12.385780590717289,14.7141,16.001377,6.866371571010298,MOQUEGUA,9,2024-09-01
10.29,17.314860196947528,12.385780590717289,15.899700000000005,15.994321,7.474255850780456,MOQUEGUA,10,2024-10-01
12.06,16.67929295822736,28.42,17.927150000000015,16.781076,7.134278894504445,MOQUEGUA,11,2024-11-01
9.22,13.659744082237728,15.031849315068493,16.133750000000013,16.474203,3.9879036154184453,MOQUEGUA,12,2024-12-01
6.47,15.33661773810575,12.385780590717289,14.834399999999999,17.763084,9.573222310035176,MOQUEGUA,1,2025-01-01
9.08,13.747656660542539,11.540107526881721,13.915749999999992,16.766996,7.053239746364406,MOQUEGUA,2,2025-02-01
8.68,11.343896985415967,11.540107526881721,14.81694999999999,13.921466,1.3461378253762077,MOQUEGUA,3,2025-03-01
6.56,12.59157473947489,11.540107526881721,14.488049999999992,12.94423,10.095694785363841,MOQUEGUA,4,2025-04-01
6.55,11.109159182752187,10.59220833333333,12.257599999999995,11.027753,17.204868513999518,MOQUEGUA,5,2025-05-01
7.94,9.676329322994999,10.59220833333333,13.188849999999997,10.957749,16.343422931453063,MOQUEGUA,6,2025-06-01
45.21,7.435485335298843,8.63,9.554849999999993,6.6025066,9.810544806541198,MOQUEGUA,1,2024-01-01
26.0,32.21905251302717,47.702999999999996,30.10765000000003,43.23863,25.177194610195603,MOQUEGUA,2,2024-02-01
17.5,20.864800871490708,13.65,24.01195000000001,25.751324,32.26957908899771,MOQUEGUA,3,2024-03-01
26.45,18.291887251966727,22.355,23.28414999999999,23.246101,25.23803249960421,MOQUEGUA,4,2024-04-01
16.87,24.27787073863463,25.187843551797034,25.162049999999986,29.438192,26.39699199801792,MOQUEGUA,5,2024-05-01
16.07,18.470920746600036,19.699283950617307,19.937950000000008,17.588503,12.510623295025882,MOQUEGUA,6,2024-06-01
22.63,20.28143383801484,18.216666666666665,20.139400000000013,18.694042,7.933054124390768,MOQUEGUA,7,2024-07-01
14.87,21.182749807031886,28.160333333333334,20.290900000000008,25.779512,20.93332978621627,MOQUEGUA,8,2024-08-01
12.8,16.521161548991152,18.216666666666665,17.827999999999996,16.297834,8.313529973549855,MOQUEGUA,9,2024-09-01
17.09,16.593336819879536,17.721052631578946,15.22955,15.140502,11.973025111511879,MOQUEGUA,10,2024-10-01
15.47,17.461674006902324,18.216666666666665,19.156500000000005,16.978348,12.426798047092346,MOQUEGUA,11,2024-11-01
12.75,13.396788439213593,18.216666666666665,17.954849999999997,16.559153,13.297459351325847,MOQUEGUA,12,2024-12-01
26.01,16.478794793262793,11.614084507042252,16.11350000000001,18.171932,10.402534693248192,MOQUEGUA,1,2025-01-01
17.35,24.06294491101792,23.38199095022626,22.44825,21.667257,22.347810381744043,MOQUEGUA,2,2025-02-01
16.56,16.074962875758704,15.240185185185183,16.656399999999998,17.105335,16.885392231912864,MOQUEGUA,3,2025-03-01
6.67,18.34980807515184,19.699283950617307,16.93735,20.095978,13.326246767079441,MOQUEGUA,4,2025-04-01
12.16,13.008051820285038,12.385780590717289,14.056249999999999,12.41637,11.158261270699281,MOQUEGUA,5,2025-05-01
12.37,14.119850157187809,13.079692307692317,13.517499999999995,13.059386,10.075291856902384,MOQUEGUA,6,2025-06-01
22.2,18.4284491186625,18.216666666666665,19.092200000000005,19.988625,24.873425498747135,MOQUEGUA,1,2024-01-01
29.45,22.736769433016143,23.117770897832802,23.903149999999982,24.354332,32.024840524177215,MOQUEGUA,2,2024-02-01
24.21,23.79298808523804,23.38163636363637,24.49944999999998,24.295073,29.2123594194658,MOQUEGUA,3,2024-03-01
25.78,24.26720098023043,23.117770897832802,23.958650000000006,24.57768,26.993707380835165,MOQUEGUA,4,2024-04-01
23.55,26.885136599683083,25.187843551797034,25.426349999999992,26.0835,26.752312623511177,MOQUEGUA,5,2024-05-01
26.16,23.705363631713638,23.117770897832802,23.833049999999993,24.288803,27.90788912753558,MOQUEGUA,6,2024-06-01
32.11,28.95162085839883,26.9204,27.729700000000012,28.02664,27.485979240572494,MOQUEGUA,7,2024-07-01
25.33,30.40462024611843,27.628103448275866,29.2869,29.685509,31.451551496107466,MOQUEGUA,8,2024-08-01
27.68,25.36504111292871,25.187843551797034,24.286999999999992,24.759645,23.486209893166055,MOQUEGUA,9,2024-09-01
29.28,28.39228786376134,26.209496124031,26.01605000000001,27.604486,24.5320129054917,MOQUEGUA,10,2024-10-01
28.72,28.657930518293448,27.7918947368421,28.10849999999999,28.238197,25.246255675610215,MOQUEGUA,11,2024-11-01
19.44,24.54084870010706,27.7918947368421,24.046749999999992,26.94527,22.456082234840647,MOQUEGUA,12,2024-12-01
25.27,22.046098520048186,21.4454794520548,23.390149999999984,23.869856,24.997870658537256,MOQUEGUA,1,2025-01-01
25.02,26.561060668336225,30.662499999999998,27.98130000000001,27.890242,33.10548190479273,MOQUEGUA,2,2025-02-01
24.46,22.85196090560951,23.645666666666667,24.254600000000014,24.009745,26.050893711000345,MOQUEGUA,3,2025-03-01
24.8,25.239258071821656,23.671782945736442,26.67774999999999,25.234701,26.653174837931548,MOQUEGUA,4,2025-04-01
28.46,26.765460259516978,23.117770897832802,26.77605000000002,25.049868,31.2921076455205,MOQUEGUA,5,2025-05-01
27.72,27.824912359138036,28.20612612612612,27.54809999999999,28.023926,31.89066430775871,MOQUEGUA,6,2025-06-01
43.86,28.326960779563077,25.306538461538455,26.06660000000001,28.281384,41.73252318665871,MOQUEGUA,1,2024-01-01
42.67,37.936804183663064,43.66523076923077,37.90210000000001,42.92016,56.173279386531846,MOQUEGUA,2,2024-02-01
35.4,34.4826467210944,30.948823529411772,34.591899999999974,38.19382,36.6479894441464,MOQUEGUA,3,2024-03-01
33.03,33.0073920681216,28.690999999999995,32.857350000000004,33.51788,33.89195268330126,MOQUEGUA,4,2024-04-01
30.57,32.69635095168664,28.690999999999995,31.750349999999976,31.592684,32.430055014023445,MOQUEGUA,5,2024-05-01
33.89,29.58202230851854,30.96362244897958,32.02634999999999,30.92051,29.00506867597425,MOQUEGUA,6,2024-06-01
32.91,34.854692819303295,34.31822857142859,34.85475000000002,34.314163,41.49615259312598,MOQUEGUA,7,2024-07-01
30.44,32.48067979956739,34.31822857142859,33.46900000000001,33.394127,29.15327304034595,MOQUEGUA,8,2024-08-01
31.31,29.985442752478182,30.96362244897958,30.977050000000016,30.454546,21.25268645709051,MOQUEGUA,9,2024-09-01
26.88,32.622150758843745,31.799252873563212,32.40885000000004,33.050045,28.791695392621104,MOQUEGUA,10,2024-10-01
35.01,28.98767836370529,31.044999999999998,29.069650000000003,31.325472,26.090604762531694,MOQUEGUA,11,2024-11-01
22.47,30.45092853346205,34.942941176470576,30.71359999999999,31.129662,29.674108959615598,MOQUEGUA,12,2024-12-01
34.51,26.761295255834515,28.815632183908047,27.629100000000022,29.310404,30.745104808558338,MOQUEGUA,1,2025-01-01
35.13,34.30579994561405,35.60454545454546,35.05005000000001,36.93159,40.88318941506867,MOQUEGUA,2,2025-02-01
29.11,31.25227893742798,25.807666666666663,29.94105000000002,31.305529,26.871146480648402,MOQUEGUA,3,2025-03-01
39.35,30.377410166800566,29.511394230769238,29.900750000000016,30.747986,27.266234618998247,MOQUEGUA,4,2025-04-01
49.02,37.455358215175714,35.446141732283465,35.2561,36.53243,34.01121177872917,MOQUEGUA,5,2025-05-01
42.48,42.75854910128306,43.66523076923077,42.53814999999999,40.54088,40.72801887860343,MOQUEGUA,6,2025-06-01
72.99,53.071693404179065,47.58481481481483,47.760649999999984,50.73556,75.72966101855874,MOQUEGUA,1,2024-01-01
77.67,63.24576650786369,73.7,55.212799999999994,69.06704,97.82330616216437,MOQUEGUA,2,2024-02-01
70.0,63.87084143343044,66.06,61.12900000000007,62.634804,80.49781399241458,MOQUEGUA,3,2024-03-01
58.7,63.17253026430518,79.12466666666667,65.10589999999998,69.52151,74.96576785245108,MOQUEGUA,4,2024-04-01
55.28,58.29119554308058,61.57541666666666,58.33424999999997,60.13821,72.64785170196946,MOQUEGUA,5,2024-05-01
51.14,53.92956481097126,62.396799999999985,56.28079999999996,55.836727,68.07200084059842,MOQUEGUA,6,2024-06-01
52.4,54.84645379883452,57.3984,57.06479999999997,62.964947,69.96841606927991,MOQUEGUA,7,2024-07-01
47.29,52.993431940248755,57.3984,56.11010000000001,59.44489,59.48160750994414,MOQUEGUA,8,2024-08-01
51.79,49.14717959472309,46.88786324786325,50.63815000000002,51.92923,46.45663158016843,MOQUEGUA,9,2024-09-01
56.2,53.643096669321984,54.16695121951219,55.39109999999996,51.891277,57.24471241720884,MOQUEGUA,10,2024-10-01
44.91,56.22640009008661,54.16695121951219,59.29650000000003,59.313995,58.404302404374285,MOQUEGUA,11,2024-11-01
23.73,46.09548682697354,49.605714285714285,46.76835,40.87821,37.85299548275391,MOQUEGUA,12,2024-12-01
36.01,35.850459285562806,37.44615384615385,29.553449999999998,37.849686,32.77756434683598,MOQUEGUA,1,2025-01-01
38.76,42.40405222597782,42.09314285714285,41.50145000000004,47.398735,46.75971198623618,MOQUEGUA,2,2025-02-01
37.77,39.94360211410705,35.77444444444445,41.12170000000001,44.590576,41.24279012051562,MOQUEGUA,3,2025-03-01
40.81,41.335497242763154,35.77444444444445,42.38104999999999,40.938652,46.97876726554867,MOQUEGUA,4,2025-04-01
43.72,44.19367690913403,49.605714285714285,43.89904999999996,45.08927,50.25010823794232,MOQUEGUA,5,2025-05-01
45.01,44.37483233357096,49.605714285714285,46.37410000000003,46.837044,48.63890524779221,MOQUEGUA,6,2025-06-01
16.61,14.387591652916642,15.329062500000004,15.560150000000004,14.771827,15.888283669010308,MOQUEGUA,1,2024-01-01
17.81,17.16574671216975,15.329062500000004,16.67095000000001,17.464174,16.70422792826576,MOQUEGUA,2,2024-02-01
17.0,14.655332572962417,19.61492248062016,16.740999999999996,16.297697,17.962735545193322,MOQUEGUA,3,2024-03-01
15.24,16.990658565742216,16.501396648044697,16.4414,16.915167,15.094184708900253,MOQUEGUA,4,2024-04-01
15.53,17.76144728201033,16.501396648044697,16.526400000000002,15.822809,13.51373191734098,MOQUEGUA,5,2024-05-01
15.56,16.20432797487377,16.501396648044697,16.19390000000001,16.302208,13.795286443936288,MOQUEGUA,6,2024-06-01
17.47,19.33824519935458,16.501396648044697,16.242500000000003,17.091702,16.552676965523546,MOQUEGUA,7,2024-07-01
20.04,18.35741948438161,18.1275,17.948600000000006,17.921686,13.365146415002553,MOQUEGUA,8,2024-08-01
18.47,18.799007093602036,20.2056156156156,18.205600000000008,18.036346,13.407389048965543,MOQUEGUA,9,2024-09-01
20.77,20.033267490338012,19.61492248062016,18.928899999999995,17.8759,15.030754549718722,MOQUEGUA,10,2024-10-01
20.22,20.169034483988966,20.2056156156156,19.429549999999978,19.075104,15.45307565784762,MOQUEGUA,11,2024-11-01
18.39,16.517329350716786,17.433103448275855,17.766199999999994,17.212917,16.444709902365602,MOQUEGUA,12,2024-12-01
17.98,18.33907784553859,19.61492248062016,17.89570000000001,18.5831,18.954627514378767,MOQUEGUA,1,2025-01-01
17.78,19.356639694673092,19.61492248062016,18.358300000000007,19.543661,19.576859417495516,MOQUEGUA,2,2025-02-01
16.84,15.722215710343352,19.61492248062016,16.980249999999995,17.234695,18.2995310108597,MOQUEGUA,3,2025-03-01
18.12,17.57716722271967,18.216666666666665,17.368650000000006,18.052671,16.120147852879267,MOQUEGUA,4,2025-04-01
16.76,19.804718645720946,19.61492248062016,18.691849999999995,18.597666,17.844062197194287,MOQUEGUA,5,2025-05-01
16.91,17.76912701309262,18.216666666666665,18.32900000000002,18.205845,16.173449916768757,MOQUEGUA,6,2025-06-01
11.82,10.976064699851197,8.611428571428572,9.95325,9.878414,10.82322525416316,PASCO,1,2024-01-01
11.75,14.070855861367448,7.875,12.809450000000004,12.17786,10.822457477636815,PASCO,2,2024-02-01
10.43,10.882544313489912,7.875,12.027550000000009,10.64418,8.475341125868953,PASCO,3,2024-03-01
7.71,13.07412375386477,15.890869565217391,14.155749999999998,13.481334,17.149252287777923,PASCO,4,2024-04-01
11.35,12.720769011601849,9.943913043478261,10.893899999999999,13.139055,13.598370401152751,PASCO,5,2024-05-01
13.8,13.627657748926092,15.890869565217391,14.010550000000006,13.643622,13.718830713273622,PASCO,6,2024-06-01
26.11,18.94987042853734,15.329062500000004,17.068150000000003,16.795404,16.655411400196677,PASCO,7,2024-07-01
28.72,24.20521977019417,18.76571428571429,23.131149999999998,20.50086,20.283291231637474,PASCO,8,2024-08-01
20.92,25.08386573363013,22.55,26.91635000000001,18.551281,19.6700513811332,PASCO,9,2024-09-01
26.92,23.072064761943714,20.36,24.522000000000013,20.063217,20.7572738301837,PASCO,10,2024-10-01
13.02,24.669796425472143,26.209496124031,25.648700000000005,21.111227,22.466710260327876,PASCO,11,2024-11-01
13.59,13.260433235935569,14.620000000000001,16.78120000000001,11.364655,14.285460761405673,PASCO,12,2024-12-01
12.46,15.77617411480575,15.363333333333335,20.367550000000016,13.778218,16.807191831868582,PASCO,1,2025-01-01
10.08,16.155966700769962,15.890869565217391,16.86805,13.563015,14.335916776956049,PASCO,2,2025-02-01
3.23,11.139837378218235,8.611428571428572,12.882649999999998,11.978102,11.259892886196246,PASCO,3,2025-03-01
7.81,9.413252066116172,7.58782608695652,11.147850000000004,12.254651,14.451810185753105,PASCO,4,2025-04-01
7.27,13.239013123461804,9.943913043478261,15.585249999999995,11.045127,15.769170031583746,PASCO,5,2025-05-01
11.82,11.816020287179281,6.534705882352943,13.463099999999988,11.078739,14.389985145774459,PASCO,6,2025-06-01
3.96,6.496293983825236,3.374,7.854150000000001,4.6620064,-6.149323762873486,PASCO,1,2025-01-01
2.6,8.317215601479809,5.8211688311688325,11.570900000000005,6.5789394,-1.0870654714156418,PASCO,2,2025-02-01
4.11,3.5662383807856095,3.374,5.985500000000007,3.6604714,6.676157852801834,PASCO,3,2025-03-01
5.15,6.617658781477388,5.18894230769231,6.7261,4.8669634,9.648729751648903,PASCO,4,2025-04-01
5.72,9.350973315488506,32.26,12.371599999999992,5.253725,5.821723264935667,PASCO,5,2025-05-01
10.91,8.08712922474605,5.18894230769231,7.7123500000000025,5.6552925,6.137190070515329,PASCO,6,2025-06-01
32.71,30.40960551536979,31.799252873563212,30.62114999999999,29.899183,31.242850979562636,PASCO,1,2024-01-01
27.54,33.724284238093404,31.799252873563212,31.023400000000002,33.75287,34.62710208971163,PASCO,2,2024-02-01
23.39,27.60239967535673,28.815632183908047,28.84395000000003,29.824211,27.823832102170655,PASCO,3,2024-03-01
22.92,27.375103417974096,28.815632183908047,28.288849999999996,27.056263,28.959363580118303,PASCO,4,2024-04-01
23.42,27.762272582633223,28.815632183908047,26.848499999999998,27.452261,28.01049814667478,PASCO,5,2024-05-01
27.87,27.103906493526686,21.221666666666664,24.52005000000003,26.092924,24.0969431882438,PASCO,6,2024-06-01
38.0,31.76408232739793,28.197034482758596,29.978599999999968,29.193724,23.56756174047671,PASCO,7,2024-07-01
33.51,35.62248954058684,32.50506666666668,33.70789999999999,31.05721,34.545973984193765,PASCO,8,2024-08-01
34.92,32.24785723628973,34.31822857142859,35.24204999999999,29.782137,29.794760438664124,PASCO,9,2024-09-01
32.48,35.415888655195445,34.31822857142859,34.03809999999998,32.86296,35.98812058069674,PASCO,10,2024-10-01
30.04,33.30883054254204,34.31822857142859,32.54549999999999,30.914942,32.23863791698608,PASCO,11,2024-11-01
19.99,27.649108890989424,30.45740740740741,29.22160000000002,27.454813,33.876460729225506,PASCO,12,2024-12-01
16.78,24.256479439224734,25.18049180327869,25.881949999999993,21.134998,32.043520978860265,PASCO,1,2025-01-01
13.61,22.46343266911161,19.699283950617307,21.130300000000005,21.520704,22.765551634559923,PASCO,2,2025-02-01
11.69,16.351698632478367,15.66720279720279,17.9038,14.814971,26.78524319674383,PASCO,3,2025-03-01
15.16,17.27894736708665,15.031849315068493,15.971600000000002,13.698878,28.812208259412383,PASCO,4,2025-04-01
20.93,20.553550646684947,19.699283950617307,18.461600000000004,17.558006,24.00756496801714,PASCO,5,2025-05-01
23.78,23.009283336012025,21.50167701863354,24.581699999999973,21.25649,27.985498693205418,PASCO,6,2025-06-01
12.23,30.873810589004087,35.70864583333333,30.738449999999986,29.896235,25.09239347963312,PASCO,1,2024-01-01
20.27,18.848271363834264,15.031849315068493,16.004049999999992,18.471083,20.896259045124566,PASCO,2,2024-02-01
16.52,18.77338304815543,19.000555555555554,23.588500000000007,21.00997,23.33646650228971,PASCO,3,2024-03-01
11.38,19.287161405155985,18.216666666666665,20.3879,21.33114,25.408823558286688,PASCO,4,2024-04-01
14.98,17.712133737204425,15.031849315068493,15.354550000000003,17.74752,18.830414532038468,PASCO,5,2024-05-01
19.35,17.96343005154339,19.699283950617307,17.782699999999995,20.802694,20.607863810932056,PASCO,6,2024-06-01
24.24,24.155074712099534,22.168795180722903,23.34259999999997,22.86338,23.384072790697633,PASCO,7,2024-07-01
11.78,24.855530905511085,23.38199095022626,22.65735,25.024555,21.61920382048896,PASCO,8,2024-08-01
12.34,16.19107141328181,15.031849315068493,18.339850000000016,16.593004,18.453558831657798,PASCO,9,2024-09-01
17.43,18.291635145535963,15.031849315068493,19.38125,18.152348,24.319376194557588,PASCO,10,2024-10-01
16.02,19.095821280800237,18.216666666666665,17.530500000000004,19.116274,24.965064055153782,PASCO,11,2024-11-01
16.27,15.957692228570773,19.699283950617307,18.5021,19.13489,21.818694654956307,PASCO,12,2024-12-01
17.0,17.259189458705166,15.99648148148148,16.261849999999995,18.126219,22.01433902878228,PASCO,1,2025-01-01
16.89,19.489246840131962,16.501396648044697,17.50185,20.169909,21.349526621836233,PASCO,2,2025-02-01
18.62,15.757261372614716,16.501396648044697,15.81355,15.925876,25.137464934418073,PASCO,3,2025-03-01
16.74,19.120043348782133,17.63838235294118,19.12495000000001,19.7774,29.175304462792173,PASCO,4,2025-04-01
13.31,19.895119781879472,16.501396648044697,17.2242,19.710524,22.903414037910846,PASCO,5,2025-05-01
12.52,16.685998577509174,16.501396648044697,16.208450000000006,17.622135,21.248965677763753,PASCO,6,2025-06-01
23.66,22.93746956239328,19.000555555555554,26.139399999999988,21.034836,23.841078617583474,PASCO,1,2024-01-01
16.16,26.999558505324366,31.98,27.450650000000028,29.190504,34.183691021338696,PASCO,2,2024-02-01
21.2,17.086680453619877,15.240185185185183,18.977750000000004,17.178316,24.569811113622876,PASCO,3,2024-03-01
17.3,22.788619347733526,29.07,25.605599999999995,22.123428,28.142290393930143,PASCO,4,2024-04-01
26.88,22.202176864785905,19.699283950617307,21.89579999999998,18.304665,30.177136877026502,PASCO,5,2024-05-01
14.76,26.13208613866239,28.197034482758596,27.410450000000015,24.122398,41.04803961339029,PASCO,6,2024-06-01
47.16,23.929990897226613,19.699283950617307,20.483,24.180176,35.756001422440235,PASCO,7,2024-07-01
51.61,40.44684988575356,32.50506666666668,34.718800000000016,32.79065,37.98264844249302,PASCO,8,2024-08-01
46.35,43.412007057363354,43.66523076923077,39.53039999999999,33.9983,38.364547531396724,PASCO,9,2024-09-01
51.61,44.012459234467805,44.80119402985073,43.59624999999997,36.465546,36.80039686587289,PASCO,10,2024-10-01
19.21,44.471695660076215,20.48,42.94019999999998,42.846058,35.42210239731349,PASCO,11,2024-11-01
12.44,22.116890512071798,50.46,25.59899999999998,19.697044,19.613516152120894,PASCO,12,2024-12-01
29.65,18.871958386554184,46.53,23.33655000000001,21.849745,17.587250752215322,PASCO,1,2025-01-01
23.98,28.69973615249579,30.96362244897958,29.12305000000002,31.653032,34.0670765217067,PASCO,2,2025-02-01
5.22,23.30553497640575,27.089795918367347,20.992650000000012,22.652657,31.140787278681337,PASCO,3,2025-03-01
19.52,14.460494124271348,6.658064516129032,10.621950000000005,12.220541,24.302837812801975,PASCO,4,2025-04-01
22.73,23.49258308505642,5.38,25.923949999999987,21.83018,33.67166040794966,PASCO,5,2025-05-01
20.63,23.836278456212675,6.07,23.234250000000007,19.579285,40.23107838177126,PASCO,6,2025-06-01
18.55,15.48031620824074,15.99648148148148,15.14210000000001,13.164747,12.36131668286882,PASCO,1,2024-01-01
29.87,19.04716477414907,17.63838235294118,16.90805,16.656384,14.004098958876371,PASCO,2,2024-02-01
17.06,22.672704266676575,22.55,22.368850000000002,18.757963,22.582847297897363,PASCO,3,2024-03-01
17.67,18.619724008948545,18.216666666666665,16.75535,16.987959,20.815775844156406,PASCO,4,2024-04-01
18.62,19.96277149987196,18.216666666666665,17.861799999999995,17.742876,18.648396066528832,PASCO,5,2024-05-01
20.57,19.312601760538065,17.63838235294118,18.267300000000002,18.426514,15.120334430199826,PASCO,6,2024-06-01
19.23,23.477652384773542,22.168795180722903,21.274799999999992,20.461401,9.629993384852863,PASCO,7,2024-07-01
18.73,20.972014174222913,20.2056156156156,18.906149999999993,18.583397,16.050635751003444,PASCO,8,2024-08-01
18.16,19.411583774407863,17.63838235294118,18.79839999999998,17.760975,15.509821814749133,PASCO,9,2024-09-01
17.49,21.063830927056745,17.63838235294118,18.474899999999998,18.053974,18.06669687480669,PASCO,10,2024-10-01
16.55,19.155276518577672,18.216666666666665,17.640649999999997,17.156796,21.14947522995818,PASCO,11,2024-11-01
18.79,15.063396885174193,18.216666666666665,17.625749999999996,15.840573,16.65720827799671,PASCO,12,2024-12-01
20.51,19.266655847499997,17.63838235294118,18.183049999999987,16.897736,16.00102306193574,PASCO,1,2025-01-01
66.03,22.329578275174494,20.2056156156156,22.185699999999986,19.834389,19.733602524364596,PASCO,2,2025-02-01
17.36,45.59325361297601,80.11,35.31010000000001,28.164915,33.47566344857093,PASCO,3,2025-03-01
18.45,22.685881214364464,18.216666666666665,20.238099999999996,20.23321,26.54404324997225,PASCO,4,2025-04-01
11.64,22.79572381938633,20.476912751677855,25.466449999999963,19.904833,26.929753834913743,PASCO,5,2025-05-01
13.37,16.364153031491213,15.031849315068493,16.56320000000001,15.20268,18.225901291982318,PASCO,6,2025-06-01
23.43,22.617808434940702,19.156,23.528000000000024,23.411543,18.655539131812727,PASCO,1,2024-01-01
20.77,24.523488470062137,23.38199095022626,26.036350000000017,24.600828,31.144144271939492,PASCO,2,2024-02-01
18.48,19.43890121722373,20.476912751677855,25.98854999999999,24.52951,27.33988510375049,PASCO,3,2024-03-01
22.16,20.846841842803922,21.50167701863354,26.330549999999974,26.259874,27.070785059337513,PASCO,4,2024-04-01
26.28,24.04745246208939,23.38199095022626,23.90650000000001,27.493158,24.738304145844108,PASCO,5,2024-05-01
28.1,25.59865877850436,25.187843551797034,28.19675,30.46257,23.565433613481677,PASCO,6,2024-06-01
48.81,30.761632733147394,29.26815789473683,30.179799999999997,36.7873,31.208821940320203,PASCO,7,2024-07-01
42.9,40.06917725945897,43.66523076923077,41.09975,42.602005,37.64796568894814,PASCO,8,2024-08-01
41.19,37.42465889717547,43.66523076923077,39.534150000000025,39.17643,27.457416899733143,PASCO,9,2024-09-01
45.9,39.93020602717817,40.94352941176472,40.84475,38.721863,32.37816163252252,PASCO,10,2024-10-01
38.9,39.628610051774835,39.30756097560977,39.71095,33.00823,40.43617676965698,PASCO,11,2024-11-01
22.18,32.89940547837956,27.646666666666665,32.79625000000003,29.564137,28.6509318353306,PASCO,12,2024-12-01
23.48,25.530107246930534,28.606138613861408,23.876200000000008,26.435352,21.03628126849251,PASCO,1,2025-01-01
25.67,26.178142125753123,28.606138613861408,25.133800000000015,28.016886,32.251080294725185,PASCO,2,2025-02-01
18.9,23.662833857479097,28.606138613861408,25.62235,31.969961,35.32777812738463,PASCO,3,2025-03-01
28.2,22.616380313465708,50.46,27.688949999999977,30.326296,34.44969080425606,PASCO,4,2025-04-01
33.43,29.47458175989796,28.606138613861408,29.285700000000006,35.82459,36.62845575934625,PASCO,5,2025-05-01
34.49,31.858839096454478,31.799252873563212,30.637850000000004,37.49483,36.22070801813463,PASCO,6,2025-06-01
3.82,35.266462504605414,39.54423076923076,38.36620000000002,33.531727,35.24407099474826,PASCO,1,2024-01-01
16.66,17.288588464082622,6.658064516129032,13.58935,18.01697,29.31892917547032,PASCO,2,2024-02-01
5.82,19.04473605657102,19.699283950617307,21.16409999999999,21.199389,34.60966460444137,PASCO,3,2024-03-01
7.94,15.262527316243009,11.540107526881721,14.968850000000005,15.451828,31.89918002299719,PASCO,4,2024-04-01
10.55,18.389642012543767,12.385780590717289,15.203450000000002,17.45799,32.0742438032418,PASCO,5,2024-05-01
17.34,16.85084295328864,19.404102564102566,17.754050000000003,16.592606,32.34281420754868,PASCO,6,2024-06-01
21.71,23.48995248425073,19.699283950617307,23.173599999999986,20.667253,38.539374168573545,PASCO,7,2024-07-01
17.5,24.41709971395094,27.21777777777778,24.428399999999982,23.045063,35.888085077659056,PASCO,8,2024-08-01
33.58,20.63031133885297,19.699283950617307,22.609999999999996,18.565758,34.04368940018132,PASCO,9,2024-09-01
18.53,31.69964857005459,27.628103448275866,34.03695,30.015203,34.35724909457662,PASCO,10,2024-10-01
12.47,21.97031443497872,17.63838235294118,20.248649999999987,21.878386,39.604024360072536,PASCO,11,2024-11-01
7.17,14.109131354599466,14.620000000000001,18.62620000000001,14.752925,26.826471777134277,PASCO,12,2024-12-01
30.61,10.939721626170325,10.59220833333333,9.0602,11.118586,20.631142819941648,PASCO,1,2025-01-01
36.79,26.380872953590657,25.48,19.87174999999999,24.657211,35.042746410308915,PASCO,2,2025-02-01
34.41,27.718489348404358,15.77,27.09089999999998,27.693787,36.17826794061846,PASCO,3,2025-03-01
35.19,30.49883205563019,25.306538461538455,36.84265000000002,28.951263,40.86574732725346,PASCO,4,2025-04-01
36.96,32.81879248198542,25.306538461538455,38.279600000000016,29.194477,46.23356245208395,PASCO,5,2025-05-01
32.96,33.39727277161829,55.76,36.671800000000005,31.726767,44.115644971154815,PASCO,6,2025-06-01
14.89,15.702951543547806,15.66720279720279,16.448999999999987,14.337573,14.380464097759129,PASCO,1,2024-01-01
19.34,17.555006392414818,18.216666666666665,16.815299999999997,15.7825,16.503526618139063,PASCO,2,2024-02-01
18.81,16.583635570893556,20.2056156156156,17.170099999999984,16.686012,19.484775682570774,PASCO,3,2024-03-01
17.84,19.236071156953194,17.63838235294118,19.132050000000007,18.497211,20.677331274987605,PASCO,4,2024-04-01
16.69,20.262262166552347,17.63838235294118,18.861299999999986,17.863163,23.499940752290193,PASCO,5,2024-05-01
18.52,18.216598309808354,18.216666666666665,18.554699999999997,17.597807,21.849137376920805,PASCO,6,2024-06-01
22.07,22.567257418890335,17.63838235294118,20.521099999999986,19.780945,15.903530952905099,PASCO,7,2024-07-01
21.5,22.512255179615167,18.76571428571429,19.736649999999994,19.339289,21.115969914483657,PASCO,8,2024-08-01
19.11,21.08222768862526,21.74028571428572,18.4656,19.340563,18.92477275099725,PASCO,9,2024-09-01
21.97,21.820546051309147,20.2056156156156,19.30030000000001,18.609081,17.61382905980612,PASCO,10,2024-10-01
18.88,22.252665391405394,21.74028571428572,18.7156,19.907497,17.1137261474142,PASCO,11,2024-11-01
15.44,16.598700740718677,17.433103448275855,17.25494999999999,16.725246,14.14062244263511,PASCO,12,2024-12-01
15.5,17.303948566272098,18.216666666666665,16.61585,15.460946,13.589616349955897,PASCO,1,2025-01-01
16.16,18.582609624570985,18.216666666666665,17.2588,16.07601,16.875502312293897,PASCO,2,2025-02-01
12.01,15.394993225528918,15.240185185185183,16.369050000000005,15.170082,18.614355836996285,PASCO,3,2025-03-01
14.54,15.402083131001104,15.031849315068493,14.62550000000001,14.107599,19.70601402130521,PASCO,4,2025-04-01
14.09,18.017496371632802,18.216666666666665,16.534699999999997,16.374952,20.72615111925551,PASCO,5,2025-05-01
16.49,16.55539519121259,15.66720279720279,16.13329999999999,15.217267,20.68964270454363,PASCO,6,2025-06-01
27.07,21.80801608789241,22.838387096774195,22.62285,24.774355,19.259053048118712,PIURA,1,2024-01-01
24.3,26.747048345435328,28.197034482758596,30.03944999999999,28.458765,32.18965688167949,PIURA,2,2024-02-01
24.08,21.633613246312134,24.23083333333333,22.952549999999995,24.028362,21.491145208252576,PIURA,3,2024-03-01
19.11,24.050441719208813,24.23083333333333,23.827050000000007,25.175072,17.998400452692152,PIURA,4,2024-04-01
16.13,23.147030175539175,21.50167701863354,25.859199999999973,24.279028,23.313133393425236,PIURA,5,2024-05-01
26.19,19.854335319126193,19.699283950617307,21.930700000000016,23.487719,19.482729717188004,PIURA,6,2024-06-01
21.08,28.24866329172454,23.38199095022626,27.770749999999985,27.471594,24.611616497176268,PIURA,7,2024-07-01
41.42,23.752400233533045,21.50167701863354,27.54854999999998,26.167469,28.131716838556684,PIURA,8,2024-08-01
41.31,34.05576823135076,32.50506666666668,35.34845000000001,31.359468,33.11047015548727,PIURA,9,2024-09-01
43.03,38.19386652316346,43.66523076923077,34.87855000000002,34.893524,42.426312186358615,PIURA,10,2024-10-01
40.18,39.494107372459894,64.92,41.258449999999996,36.236618,44.88119592358401,PIURA,11,2024-11-01
14.0,32.6055115940035,27.646666666666665,33.510299999999994,35.464317,35.87841309439733,PIURA,12,2024-12-01
34.68,20.223912744254925,15.435714285714285,21.61910000000002,24.478539,24.930492877874045,PIURA,1,2025-01-01
43.56,31.806924447046146,35.60454545454546,34.08250000000001,33.138546,32.216261231908916,PIURA,2,2025-02-01
31.91,34.569357189244286,30.948823529411772,32.41865000000003,31.424517,26.226664040987036,PIURA,3,2025-03-01
36.55,31.216577698109095,32.91813559322035,31.607999999999993,32.2634,23.157878728202302,PIURA,4,2025-04-01
37.62,34.97176023183328,32.91813559322035,37.11589999999999,33.89129,38.90118012077714,PIURA,5,2025-05-01
27.32,35.118751198372024,35.446141732283465,35.41444999999998,36.96226,38.280638287619304,PIURA,6,2025-06-01
28.05,25.445778685308444,23.507153284671535,24.4909,25.335512,25.246795697166252,PIURA,1,2024-01-01
31.83,27.995705066591924,26.209496124031,27.55909999999999,28.714865,30.150867046306733,PIURA,2,2024-02-01
24.89,26.541306968703736,28.690999999999995,29.075550000000025,26.419168,23.810004895316382,PIURA,3,2024-03-01
26.9,25.190270505110586,25.187843551797034,25.352649999999993,25.50463,24.934843502380936,PIURA,4,2024-04-01
28.03,27.88476849391264,26.209496124031,27.485799999999998,26.964096,30.55580758735192,PIURA,5,2024-05-01
33.86,27.20252807751942,26.209496124031,27.745899999999995,27.417953,29.177826049887848,PIURA,6,2024-06-01
30.32,34.41478354286284,34.31822857142859,33.97444999999998,32.521923,37.4990768032579,PIURA,7,2024-07-01
27.69,30.639831014397476,31.30887640449439,30.212700000000012,29.677341,28.64298256678922,PIURA,8,2024-08-01
30.86,27.703427337316196,28.197034482758596,28.940450000000002,27.375843,26.802559403995165,PIURA,9,2024-09-01
35.14,31.76214762833611,30.96362244897958,30.033650000000012,31.161762,33.31700755577843,PIURA,10,2024-10-01
30.55,33.06166989709033,34.31822857142859,33.699549999999995,32.158386,36.865793877925086,PIURA,11,2024-11-01
23.7,27.336965416410848,23.492173913043477,28.882849999999998,28.801506,35.638479419782605,PIURA,12,2024-12-01
26.62,25.864365950631885,24.02314049586778,27.128599999999995,26.094652,30.25323731326698,PIURA,1,2025-01-01
28.06,28.494049903979562,28.197034482758596,28.375949999999992,29.104553,30.093788989504098,PIURA,2,2025-02-01
23.62,25.52817100553686,27.089795918367347,26.278750000000024,25.443039,19.64611157772173,PIURA,3,2025-03-01
20.67,25.706021230523863,24.02314049586778,26.582750000000015,24.903244,21.92369794335716,PIURA,4,2025-04-01
23.49,25.18825180525557,25.18049180327869,27.945149999999977,23.530285,25.815985747234958,PIURA,5,2025-05-01
26.93,25.45466882142851,26.004687499999996,26.487149999999993,24.979517,24.96967098171062,PIURA,6,2025-06-01
17.74,12.894862765819575,13.079692307692317,13.24975,13.013538,18.7383774590311,PIURA,1,2024-01-01
25.0,17.840197479435925,13.634358974358975,14.671299999999999,17.694624,18.751852183876412,PIURA,2,2024-02-01
14.78,18.488757310194707,14.39368421052632,15.145649999999998,10.026026,7.216390926359578,PIURA,3,2024-03-01
8.7,15.702484107105432,16.501396648044697,16.164450000000006,10.400961,10.454118314603678,PIURA,4,2024-04-01
18.37,12.96786672029775,8.611428571428572,9.770050000000007,9.483956,6.288087830187295,PIURA,5,2024-05-01
14.81,16.78825411468018,7.61,15.194099999999981,11.80478,12.785264642127155,PIURA,6,2024-06-01
24.82,19.033853122580805,15.329062500000004,14.913499999999997,14.228391,10.156475384566475,PIURA,7,2024-07-01
30.2,22.904955078955457,28.160333333333334,22.882550000000002,17.973103,14.115268415653244,PIURA,8,2024-08-01
24.07,25.616931580855596,27.63,23.46639999999999,17.247658,14.34725301233675,PIURA,9,2024-09-01
20.25,24.983635571867335,23.117770897832802,24.709300000000027,21.875467,20.24559412814094,PIURA,10,2024-10-01
22.59,21.303709095816092,20.2056156156156,23.1301,20.888863,19.444376029729636,PIURA,11,2024-11-01
22.58,19.07007372660184,17.840357142857137,18.852650000000008,16.082977,20.095571344545444,PIURA,12,2024-12-01
22.13,22.173219034332504,23.117770897832802,20.91520000000001,21.889076,22.33134268844726,PIURA,1,2025-01-01
30.46,23.81226144782776,25.981125000000013,24.14705,26.515211,19.24954417432,PIURA,2,2025-02-01
20.43,24.78776053143368,27.162777777777777,22.97599999999999,18.156437,13.832766496059024,PIURA,3,2025-03-01
17.13,21.73262995420109,20.2056156156156,24.546550000000003,18.277512,15.891719482709908,PIURA,4,2025-04-01
18.01,21.467133236199267,18.216666666666665,19.839900000000014,20.968264,7.932544979427041,PIURA,5,2025-05-01
19.07,19.998486237147855,29.07,20.348050000000015,15.871849,8.210534974388235,PIURA,6,2025-06-01
5.0,6.623539086602204,5.18894230769231,5.323950000000001,6.024858,2.016911482813046,PIURA,1,2024-01-01
5.18,7.700475031720604,5.18894230769231,5.5769,6.4074426,8.103887598727576,PIURA,2,2024-02-01
5.0,4.350262934167009,5.18894230769231,5.33865,4.7208447,7.215851775699648,PIURA,3,2024-03-01
5.0,6.772792843637799,5.18894230769231,5.326299999999998,4.478584,3.953637297623221,PIURA,4,2024-04-01
5.0,8.266350305996763,5.18894230769231,5.451949999999999,5.8419666,4.86779090589121,PIURA,5,2024-05-01
5.0,6.938263457193553,5.18894230769231,5.430549999999996,5.011144,3.7849600835116037,PIURA,6,2024-06-01
5.0,10.142106951400198,5.18894230769231,5.415599999999996,6.290163,3.9954336472429635,PIURA,7,2024-07-01
5.0,8.044921719542511,5.18894230769231,5.360249999999992,6.1014833,2.6596528739282252,PIURA,8,2024-08-01
27.59,23.852173547348094,24.02314049586778,26.817950000000007,25.009418,26.96967208661301,PIURA,1,2024-01-01
35.43,27.980355485000537,28.197034482758596,28.3123,29.26665,29.385656270334753,PIURA,2,2024-02-01
23.76,29.089823051927596,28.690999999999995,31.031599999999994,28.019665,27.04676427571958,PIURA,3,2024-03-01
25.29,25.42709988016356,24.02314049586778,26.41680000000001,25.117033,29.150658597863213,PIURA,4,2024-04-01
25.28,27.094720534983598,24.923516483516487,25.331250000000015,26.446293,32.29370581372146,PIURA,5,2024-05-01
25.98,25.64682444330018,24.923516483516487,25.639300000000006,25.73149,27.46142801245224,PIURA,6,2024-06-01
29.17,29.29218600304167,24.923516483516487,27.531349999999996,27.640043,31.0059552095464,PIURA,7,2024-07-01
30.64,29.292756676876472,28.20612612612612,29.00585,28.67466,29.24981240399082,PIURA,8,2024-08-01
28.65,28.970152534078466,27.7918947368421,29.129400000000015,27.741,29.98436797297365,PIURA,9,2024-09-01
29.9,29.939620698437064,27.7918947368421,28.731700000000004,28.655619,32.86993727010181,PIURA,10,2024-10-01
29.8,29.626747331760246,27.7918947368421,29.82310000000002,29.666704,33.03324907672638,PIURA,11,2024-11-01
29.18,25.716230371858444,23.492173913043477,28.62024999999999,29.002434,22.31699716598088,PIURA,12,2024-12-01
20.52,28.458660099389387,29.511394230769238,29.064800000000005,29.450098,30.131913262131828,PIURA,1,2025-01-01
25.27,24.960788437214298,25.18049180327869,28.39139999999996,24.897505,20.261162821327417,PIURA,2,2025-02-01
21.3,22.985807363106172,24.23083333333333,23.22815,24.275661,22.792694392829258,PIURA,3,2025-03-01
19.14,23.328053711378562,21.50167701863354,27.345949999999966,23.167023,26.62124318338462,PIURA,4,2025-04-01
16.11,23.332516764088005,21.50167701863354,25.854699999999994,21.955858,23.682685112522694,PIURA,5,2025-05-01
17.36,19.900389325268534,19.699283950617307,22.17675,20.022005,19.98818511023143,PIURA,6,2025-06-01
43.49,35.647452674464546,34.942941176470576,36.3294,33.632755,39.45064874701493,PIURA,1,2024-01-01
50.63,40.70649559184693,40.94352941176472,40.30795,40.606014,41.24284175041729,PIURA,2,2024-02-01
44.43,41.39568056597795,35.43391304347826,38.38005000000001,34.290417,36.01576322865775,PIURA,3,2024-03-01
41.25,41.11890600775213,35.43391304347826,41.67555,38.992004,39.54988066818721,PIURA,4,2024-04-01
41.68,40.81329273396094,40.94352941176472,37.37150000000001,39.583965,39.33658314204036,PIURA,5,2024-05-01
43.42,39.3954064920733,14.934999999999999,39.61829999999999,36.050983,35.86240602418045,PIURA,6,2024-06-01
44.25,44.099134587133435,40.94352941176472,42.57020000000003,42.821144,40.511794334973985,PIURA,7,2024-07-01
45.79,42.823960001235484,44.80119402985073,42.77530000000002,42.837395,42.3088510811582,PIURA,8,2024-08-01
43.71,42.87260592781362,44.80119402985073,44.72300000000001,43.09677,40.864277394316844,PIURA,9,2024-09-01
43.53,44.047524594903244,44.80119402985073,43.01830000000002,45.558926,47.5677489401738,PIURA,10,2024-10-01
46.16,42.95659751638242,46.86,42.93560000000004,43.965305,45.156694888227456,PIURA,11,2024-11-01
40.52,40.57532455922068,44.64620689655172,38.99220000000001,37.18834,38.22094602273466,PIURA,12,2024-12-01
39.9,40.59374464181493,44.64620689655172,41.91745,41.24217,38.76616532365194,PIURA,1,2025-01-01
42.1,41.5542360240981,46.88236842105263,44.09214999999999,42.045723,33.48005463093524,PIURA,2,2025-02-01
39.89,38.8045174051836,40.94352941176472,40.56290000000003,38.65685,28.922108462980606,PIURA,3,2025-03-01
36.59,39.933589079898795,40.94352941176472,41.387299999999975,40.018574,35.72080525249586,PIURA,4,2025-04-01
39.2,39.36668181097026,39.54423076923076,37.8523,37.866905,28.325772728386635,PIURA,5,2025-05-01
39.91,39.35611330199132,41.24187500000002,40.51905,39.7176,27.737163362608268,PIURA,6,2025-06-01
36.39,39.53266295086575,39.54423076923076,37.993250000000046,39.22567,36.50653656107013,PIURA,1,2024-01-01
39.65,40.57218414302538,42.09314285714285,41.623700000000056,42.523552,36.96130061528205,PIURA,2,2024-02-01
31.38,37.859457086658125,28.33,37.653150000000004,37.200558,30.11248559638629,PIURA,3,2024-03-01
36.67,35.75881463208332,35.884848484848476,33.36575,36.842033,27.87626730582703,PIURA,4,2024-04-01
37.62,40.28165901382671,39.54423076923076,39.23895000000002,39.981255,37.84523649851182,PIURA,5,2024-05-01
38.41,39.276602438403515,39.78538461538461,38.88225000000001,36.845055,36.80973452634209,PIURA,6,2024-06-01
52.12,43.08863766037432,36.57454545454545,40.243449999999996,43.499485,43.794575556518005,PIURA,7,2024-07-01
50.38,50.03449941203739,47.97142857142857,50.91760000000003,52.4608,52.39344449868904,PIURA,8,2024-08-01
41.68,49.01229124378425,47.97142857142857,51.023599999999966,51.54995,51.38117809778438,PIURA,9,2024-09-01
51.03,45.58712583435603,40.94352941176472,44.923749999999984,46.906925,50.163975125746305,PIURA,10,2024-10-01
50.83,49.498494632595914,52.85857142857143,50.74614999999997,51.91679,51.726315783042764,PIURA,11,2024-11-01
34.81,45.181484618323395,41.90842592592594,38.81955000000001,39.210724,37.16320225184322,PIURA,12,2024-12-01
31.42,38.805862824137115,39.54423076923076,37.29975000000004,35.92579,36.13694575892203,PIURA,1,2025-01-01
33.77,37.16225715839068,39.54423076923076,33.32770000000002,36.268223,32.19353930745907,PIURA,2,2025-02-01
30.02,33.98011379437591,35.884848484848476,35.871700000000025,34.5997,27.155124152807694,PIURA,3,2025-03-01
30.01,34.63642980163109,35.884848484848476,32.86620000000001,33.976326,23.041593873668294,PIURA,4,2025-04-01
28.16,35.89920004503092,35.884848484848476,32.07245000000003,34.57938,28.69723606455294,PIURA,5,2025-05-01
31.14,33.30742246830348,28.815632183908047,30.349850000000007,31.575731,27.012630905683167,PIURA,6,2025-06-01
65.14,60.85641889478798,77.248,66.48994999999998,64.02039,67.7366053845224,PIURA,1,2024-01-01
65.79,64.19098618963133,52.21,64.22109999999994,65.95486,72.72254603647806,PIURA,2,2024-02-01
52.43,60.399355948929156,60.098,57.439200000000035,54.076206,55.3494030878656,PIURA,3,2024-03-01
58.67,55.14788828750143,57.3984,58.12779999999997,56.28493,56.41285756087019,PIURA,4,2024-04-01
51.3,59.865465761220996,62.14971014492751,63.531949999999966,62.222218,59.96512709303229,PIURA,5,2024-05-01
65.62,53.80778396363624,57.3984,56.43689999999996,49.940243,54.79916189550112,PIURA,6,2024-06-01
73.3,65.20392464958614,61.57541666666666,65.04469999999996,66.71842,69.95712814356982,PIURA,7,2024-07-01
70.5,69.61545425985364,73.265,74.67874999999997,76.00368,71.95838767992193,PIURA,8,2024-08-01
66.02,67.54383305841843,65.226,71.65419999999999,70.589775,70.52024045786631,PIURA,9,2024-09-01
73.38,67.1898263878622,70.29153846153847,69.4034,75.06617,75.64568560505533,PIURA,10,2024-10-01
78.71,69.94068862044152,68.36944444444443,74.34684999999996,73.79591,77.09269746510077,PIURA,11,2024-11-01
62.3,68.76134165863573,60.098,66.19830000000006,62.067936,65.40945479708043,PIURA,12,2024-12-01
65.84,62.701949154908945,69.31166666666665,66.59919999999994,66.22687,67.2815302170962,PIURA,1,2025-01-01
69.84,65.1738660440774,69.31166666666665,65.26949999999997,67.851105,73.07476719859129,PIURA,2,2025-02-01
57.6,63.282351211905564,61.57541666666666,57.16020000000009,57.44002,59.77012694025927,PIURA,3,2025-03-01
65.5,59.384900942469955,62.396799999999985,61.58750000000002,57.698116,58.324259612855606,PIURA,4,2025-04-01
56.16,64.51241753416076,61.57541666666666,65.26544999999999,65.49783,63.18888295762968,PIURA,5,2025-05-01
64.54,58.75226865627482,62.10352941176469,60.23605000000002,57.623558,58.61959032211234,PIURA,6,2025-06-01
41.32,24.668819742969898,26.004687499999996,25.8691,26.53258,31.836669310325075,PIURA,1,2024-01-01
40.68,36.05502014684927,32.50506666666668,32.075699999999976,32.966255,40.33651754805981,PIURA,2,2024-02-01
31.3,33.86129812816965,30.948823529411772,29.293749999999985,29.930038,33.91274894448109,PIURA,3,2024-03-01
24.92,31.21423560431549,30.96362244897958,29.911149999999985,28.41429,27.70990425490762,PIURA,4,2024-04-01
21.77,28.200228846867144,24.923516483516487,26.60670000000001,25.019333,25.414485531754647,PIURA,5,2024-05-01
22.91,24.255889663371356,24.02314049586778,24.887800000000034,23.338531,22.318366926558912,PIURA,6,2024-06-01
32.66,28.358891346517105,26.004687499999996,28.285000000000036,25.79815,26.48552779119878,PIURA,7,2024-07-01
28.77,31.248501663172792,27.628103448275866,30.54054999999999,28.53582,27.282604071177143,PIURA,8,2024-08-01
21.86,28.57136799809495,29.511394230769238,29.11445,26.870295,25.403582230396513,PIURA,9,2024-09-01
28.48,26.413174815470132,24.02314049586778,24.601500000000023,24.781094,27.810203953688433,PIURA,10,2024-10-01
39.48,28.44746665798498,29.511394230769238,29.18630000000002,27.9701,30.181808223993634,PIURA,11,2024-11-01
37.55,31.826180077027757,32.50506666666668,29.518349999999984,29.911713,31.20799557187002,PIURA,12,2024-12-01
31.91,35.468467662266754,38.84619047619048,35.51344999999999,33.83194,37.24118652337788,PIURA,1,2025-01-01
40.34,33.45200843604297,35.60454545454546,31.2428,32.27842,31.548034720237712,PIURA,2,2025-02-01
17.05,34.05850189428092,30.948823529411772,30.237499999999986,30.435875,32.50580764272576,PIURA,3,2025-03-01
15.66,22.81631904595771,19.699283950617307,20.548950000000005,19.227259,21.988508866752042,PIURA,4,2025-04-01
16.11,21.877755453159004,18.216666666666665,23.64520000000001,17.960587,18.063360880457555,PIURA,5,2025-05-01
16.63,20.126023574050848,19.699283950617307,20.46140000000001,18.716116,16.603587683943964,PIURA,6,2025-06-01
22.02,17.425553516259804,18.216666666666665,16.978349999999992,14.409689,18.279930765853624,PUNO,1,2024-01-01
27.16,21.821277298298178,21.74028571428572,21.436299999999992,22.363003,25.735310875370104,PUNO,2,2024-02-01
19.59,21.97281943970585,23.645666666666667,21.523499999999984,20.857979,29.149537221725506,PUNO,3,2024-03-01
19.03,20.863338752743097,20.2056156156156,19.87975,20.682919,21.619843047753477,PUNO,4,2024-04-01
18.25,21.690942410946178,20.2056156156156,19.53414999999999,20.471178,22.08273388468234,PUNO,5,2024-05-01
17.74,19.76857639382266,19.61492248062016,19.486750000000015,19.605587,18.636909250646774,PUNO,6,2024-06-01
21.02,22.63944557261037,18.216666666666665,19.850950000000015,20.599953,15.173953736295017,PUNO,7,2024-07-01
21.55,22.52362936927309,20.2056156156156,21.271749999999987,21.602522,21.080740338373573,PUNO,8,2024-08-01
20.72,21.641361335519612,21.74028571428572,21.112549999999978,21.482275,20.666038131968765,PUNO,9,2024-09-01
19.53,23.3000684497458,20.2056156156156,20.617450000000005,21.381218,18.36078058568376,PUNO,10,2024-10-01
19.15,21.358548939209452,20.2056156156156,20.232449999999986,20.964115,18.40993096441756,PUNO,11,2024-11-01
18.89,17.309291547645955,17.433103448275855,17.629100000000005,18.019527,18.058948282518664,PUNO,12,2024-12-01
26.4,20.117617827814996,20.2056156156156,18.14155000000001,17.002003,22.822854262341576,PUNO,1,2025-01-01
29.33,26.13475063395981,25.187843551797034,26.02865000000002,25.361681,29.76532261148667,PUNO,2,2025-02-01
24.21,24.5600387473676,23.38163636363637,23.085000000000004,23.130688,30.911898287405112,PUNO,3,2025-03-01
23.4,24.492718480222965,23.117770897832802,23.21420000000002,23.43154,26.281461971722106,PUNO,4,2025-04-01
22.38,25.271170288626774,23.117770897832802,22.54934999999999,23.375849,27.976438251785826,PUNO,5,2025-05-01
21.32,23.238058416085057,23.117770897832802,21.804949999999984,22.925646,23.235767204069422,PUNO,6,2025-06-01
19.74,18.79080989801745,19.61492248062016,17.874350000000003,15.680592,15.106380238325357,PUNO,1,2024-01-01
29.9,20.829486170238678,20.2056156156156,20.797550000000005,21.146507,22.726353822175152,PUNO,2,2024-02-01
19.82,23.49685166186067,23.38163636363637,21.6177,24.5199,29.04061552245661,PUNO,3,2024-03-01
21.48,21.169634925747825,20.2056156156156,20.168200000000002,20.74116,22.126479689332097,PUNO,4,2024-04-01
23.19,23.421084060959267,23.117770897832802,22.431249999999988,24.593363,23.032740583216736,PUNO,5,2024-05-01
19.39,22.941366241302124,23.117770897832802,23.131349999999994,23.36462,23.8754202550906,PUNO,6,2024-06-01
22.06,24.131910457579394,22.168795180722903,22.018200000000007,23.589952,20.10432167264831,PUNO,7,2024-07-01
23.77,23.440487874720446,23.117770897832802,23.573100000000004,23.763826,23.376690364952484,PUNO,8,2024-08-01
22.81,23.287890722794465,23.117770897832802,22.344,23.21985,24.664714900863995,PUNO,9,2024-09-01
24.0,25.030908392227772,23.117770897832802,22.620350000000002,24.069511,24.82761943570763,PUNO,10,2024-10-01
24.4,24.766439303151564,23.117770897832802,22.847400000000004,24.632126,25.370107570749795,PUNO,11,2024-11-01
23.66,21.13571626441379,17.840357142857137,22.004250000000006,21.896784,24.200611717335132,PUNO,12,2024-12-01
23.24,23.603131216077472,23.117770897832802,21.468499999999995,18.474888,17.391259153186745,PUNO,1,2025-01-01
30.61,25.209062149161863,25.981125000000013,26.11619999999998,24.729826,25.957752131004693,PUNO,2,2025-02-01
21.79,25.532468858534106,27.7918947368421,25.46820000000002,24.61385,28.039020514513275,PUNO,3,2025-03-01
23.36,23.469611159560856,23.117770897832802,23.098599999999983,23.076973,23.60126733738334,PUNO,4,2025-04-01
24.18,25.61362136298794,23.117770897832802,22.991,24.428787,25.243625680323976,PUNO,5,2025-05-01
24.25,24.4638230151065,23.117770897832802,22.841749999999983,23.281855,26.141406891071217,PUNO,6,2025-06-01
25.07,26.041696887213185,24.923516483516487,24.493950000000005,20.54064,20.1583160645831,PUNO,1,2024-01-01
38.66,27.35902883879142,24.58302631578947,26.879399999999986,27.928019,34.95115702207345,PUNO,2,2024-02-01
31.87,31.320583632704373,24.12,30.40509999999998,31.512104,33.00481038600892,PUNO,3,2024-03-01
33.12,31.269603196707205,31.799252873563212,31.685399999999994,31.581676,41.10173255102415,PUNO,4,2024-04-01
29.99,34.656340574172965,33.943346613545835,34.5905,34.345425,33.84053870375258,PUNO,5,2024-05-01
33.25,30.384424544649182,31.799252873563212,31.062349999999995,31.239395,35.933199825917434,PUNO,6,2024-06-01
32.92,35.28907043334042,31.799252873563212,34.593650000000004,36.09234,39.271669942230965,PUNO,7,2024-07-01
36.74,33.128622654033826,31.799252873563212,32.373000000000005,34.957905,39.45359605267054,PUNO,8,2024-08-01
32.07,34.41858604062877,35.446141732283465,35.16029999999999,38.43331,40.61779832072577,PUNO,9,2024-09-01
33.1,34.00209602936175,33.943346613545835,32.787149999999954,32.64162,42.083163347414725,PUNO,10,2024-10-01
31.94,33.27737933417499,33.943346613545835,34.93090000000001,34.71778,42.05437774389158,PUNO,11,2024-11-01
24.16,28.055161276823398,29.625692307692297,26.1675,27.809402,30.268250011500623,PUNO,12,2024-12-01
22.84,26.04121536590643,24.58302631578947,26.465749999999986,22.002562,24.03533850937974,PUNO,1,2025-01-01
33.35,26.713801682061046,28.815632183908047,26.554049999999975,27.505455,33.1747832805521,PUNO,2,2025-02-01
29.15,28.746566027807713,29.625692307692297,29.113150000000008,28.590033,34.03562918456402,PUNO,3,2025-03-01
28.5,29.50050322030507,29.511394230769238,30.71890000000001,30.05949,38.69037243455863,PUNO,4,2025-04-01
34.19,30.375742170051936,29.511394230769238,29.08425,28.847189,34.45933170649729,PUNO,5,2025-05-01
30.26,32.52721446785869,32.91813559322035,32.485949999999995,31.81951,37.49420399280303,PUNO,6,2025-06-01
41.81,16.52227804199508,19.61492248062016,15.4784,12.28099,17.15597524536984,PUNO,1,2024-01-01
37.89,32.055359067094535,35.70864583333333,36.738150000000005,34.393066,25.8089557634049,PUNO,2,2024-02-01
33.52,28.808842623062084,30.948823529411772,29.19845,26.003824,25.764778304127713,PUNO,3,2024-03-01
19.44,28.967268561221807,25.306538461538455,30.077049999999996,26.135687,27.860490996580587,PUNO,4,2024-04-01
17.74,22.410913445922425,20.476912751677855,23.637499999999996,22.316818,29.367156547942592,PUNO,5,2024-05-01
17.78,19.0170329214061,18.216666666666665,20.587900000000005,23.347801,23.802884574421206,PUNO,6,2024-06-01
18.69,21.625163460664215,19.61492248062016,20.376700000000007,22.880775,18.811354070397538,PUNO,7,2024-07-01
17.64,19.879654919089035,14.646,22.772,21.281487,25.823047085742868,PUNO,8,2024-08-01
26.2,18.51718889662279,18.216666666666665,20.4642,19.784037,19.332695613383077,PUNO,9,2024-09-01
26.2,25.44636150818778,18.363599999999995,22.550000000000004,22.856825,28.849567340239087,PUNO,10,2024-10-01
22.32,25.03966397785817,25.187843551797034,23.959600000000012,24.015795,27.2507672088597,PUNO,11,2024-11-01
16.16,19.573086388005393,24.14666666666666,21.424750000000003,22.122015,22.70126573737373,PUNO,12,2024-12-01
28.71,19.631087403190556,19.699283950617307,19.45145000000001,17.717785,19.672235499308854,PUNO,1,2025-01-01
24.97,27.402506839204296,23.38163636363637,26.27040000000001,27.598402,23.196523192892563,PUNO,2,2025-02-01
23.46,22.064064391188452,23.645666666666667,23.304499999999997,21.1208,21.06491508799092,PUNO,3,2025-03-01
24.23,22.877438380955503,23.117770897832802,23.145150000000005,22.915081,25.0618864383759,PUNO,4,2025-04-01
22.5,24.613512945854154,23.117770897832802,24.051699999999986,23.125534,30.233590222768875,PUNO,5,2025-05-01
27.64,22.357350839740253,23.117770897832802,22.86614999999999,22.34069,29.02932549452123,PUNO,6,2025-06-01
13.47,14.334248734214134,17.4825,16.137350000000005,12.829127,7.217465813126233,PUNO,1,2024-01-01
19.6,15.105497490804543,15.329062500000004,16.26774999999999,15.125189,16.108638268270393,PUNO,2,2024-02-01
14.7,15.50685228238442,20.2056156156156,16.43199999999998,15.932051,20.44183408158634,PUNO,3,2024-03-01
14.3,15.701223964652305,16.501396648044697,15.879049999999996,16.699644,18.542335825999285,PUNO,4,2024-04-01
14.94,16.96295705160253,16.501396648044697,15.256000000000014,16.529291,18.46264136020429,PUNO,5,2024-05-01
14.71,15.944824341556286,15.329062500000004,15.739,16.461739,19.368465932047847,PUNO,6,2024-06-01
14.85,18.87107965423955,15.329062500000004,16.52985,17.305904,13.615691983745199,PUNO,7,2024-07-01
16.15,17.160808681871828,15.329062500000004,16.098999999999997,16.782598,18.35633661714384,PUNO,8,2024-08-01
17.11,16.543552740447588,16.501396648044697,15.929950000000021,16.316402,19.643147314454577,PUNO,9,2024-09-01
17.89,19.10141105829325,18.1275,16.014100000000017,17.187372,20.69573139967078,PUNO,10,2024-10-01
18.92,18.557102044051653,19.61492248062016,18.651600000000002,18.449469,18.686570705652365,PUNO,11,2024-11-01
15.42,15.58472872761194,17.433103448275855,16.796699999999987,17.00055,13.058346555721961,PUNO,12,2024-12-01
13.87,16.274989105542225,15.99648148148148,14.737400000000004,13.057894,8.922202537103962,PUNO,1,2025-01-01
21.12,16.788145594333464,16.501396648044697,15.574500000000008,16.033854,13.35069739640611,PUNO,2,2025-02-01
17.71,17.174397615210452,20.2056156156156,16.938550000000003,17.352148,21.54811540366882,PUNO,3,2025-03-01
15.07,18.184692738391455,18.1275,17.4212,18.269512,20.763989221444618,PUNO,4,2025-04-01
19.37,18.144306053370762,16.501396648044697,15.858049999999993,17.21627,19.423779528182667,PUNO,5,2025-05-01
18.14,19.13044012414271,20.2056156156156,19.06585,18.91174,22.5968076809053,PUNO,6,2025-06-01
21.85,20.193625515569266,38.39,25.080699999999997,18.850794,13.398255301146373,PUNO,1,2024-01-01
34.87,22.643090906402303,34.835,23.947300000000006,25.484964,19.33508882605847,PUNO,2,2024-02-01
27.42,27.077881187407684,19.35,32.9388,34.51544,37.05499037299567,PUNO,3,2024-03-01
34.01,26.916958325762813,24.23083333333333,27.995000000000022,28.504583,34.06300811154433,PUNO,4,2024-04-01
38.9,32.910221192329466,28.690999999999995,32.1308,34.241398,38.19795027806651,PUNO,5,2024-05-01
35.85,34.619026423613576,35.446141732283465,35.30320000000002,38.669678,41.813857148542766,PUNO,6,2024-06-01
37.66,36.915481400439994,34.31822857142859,35.40345000000002,39.19053,45.22346529063855,PUNO,7,2024-07-01
46.19,36.49191387346271,35.446141732283465,34.51535,38.430206,40.32403459080442,PUNO,8,2024-08-01
43.22,40.54473937023606,38.77277108433734,40.19065000000001,41.862587,43.68955352993785,PUNO,9,2024-09-01
44.29,41.67686623063514,43.721666666666664,40.5515,42.22816,48.32024883522646,PUNO,10,2024-10-01
35.74,41.27196029298019,39.30756097560977,38.482299999999995,39.83151,41.936811874446384,PUNO,11,2024-11-01
22.13,31.763941122908513,25.53571428571429,25.837449999999993,26.133837,25.98826552996246,PUNO,12,2024-12-01
23.74,26.16038386403225,24.58302631578947,23.83405,21.557531,14.512665635697447,PUNO,1,2025-01-01
33.56,28.00548560319802,28.815632183908047,31.110550000000035,32.04065,20.918194745998125,PUNO,2,2025-02-01
29.89,29.70340754943005,31.799252873563212,29.50529999999999,32.882683,33.3577996389175,PUNO,3,2025-03-01
39.85,31.149339274119537,31.799252873563212,31.724799999999963,33.58438,33.52562390759781,PUNO,4,2025-04-01
44.87,38.8278162010475,42.544545454545464,39.303000000000026,40.592316,36.358072986386496,PUNO,5,2025-05-01
40.81,40.93783769785115,40.4123484848485,40.0564,42.377365,42.62545300948844,PUNO,6,2025-06-01
21.23,21.539025390687236,18.216666666666665,24.070800000000006,22.361418,20.08683316322531,PUNO,1,2024-01-01
32.99,23.829896781717075,26.75,25.23990000000002,27.967607,26.93298461303881,PUNO,2,2024-02-01
31.31,27.684918938779695,19.35,32.2197,33.907124,38.894591663869775,PUNO,3,2024-03-01
43.18,31.10870949389822,31.30887640449439,31.759150000000005,34.122025,42.539005308619664,PUNO,4,2024-04-01
53.33,40.28692960928506,38.77277108433734,40.18285000000001,42.673073,44.147772474101586,PUNO,5,2024-05-01
42.56,46.23984405268758,41.90842592592594,43.307449999999996,48.386585,45.72283277887349,PUNO,6,2024-06-01
43.4,44.540184309581576,36.26,42.27660000000001,45.84292,54.11692210684881,PUNO,7,2024-07-01
56.06,42.97380822659039,40.94352941176472,41.20495,44.21198,59.154010136046935,PUNO,8,2024-08-01
58.78,49.41671682540087,51.171935483870975,49.37155000000003,52.070263,53.35449209264047,PUNO,9,2024-09-01
63.8,54.589408980034854,47.58481481481483,50.129400000000004,49.349464,56.62721877448791,PUNO,10,2024-10-01
47.42,56.91650154693613,59.30400000000001,52.858399999999975,51.075943,60.31541556775565,PUNO,11,2024-11-01
21.12,43.2669565537317,41.90842592592594,34.01175000000003,32.629395,32.7061614774376,PUNO,12,2024-12-01
23.57,29.858161691200888,50.46,22.522299999999994,17.577835,19.2119258501355,PUNO,1,2025-01-01
34.26,31.1006580166367,28.815632183908047,28.681900000000013,28.54264,21.20939807213225,PUNO,2,2025-02-01
35.35,33.38663443782713,35.884848484848476,31.794249999999998,33.47577,35.56891455431845,PUNO,3,2025-03-01
51.53,37.99883639701551,35.884848484848476,36.40600000000003,41.06402,44.45448055183028,PUNO,4,2025-04-01
58.05,49.971449493863474,52.94833333333332,52.63455000000002,50.78393,38.66596079865248,PUNO,5,2025-05-01
50.01,53.06877118692213,52.30933333333333,50.824950000000065,49.113365,46.18137614582508,PUNO,6,2025-06-01
37.06,23.764940108340408,34.835,23.859050000000007,22.337955,25.977805177911147,PUNO,1,2024-01-01
62.43,33.22943190342385,35.70864583333333,36.329150000000006,35.94439,36.12752990583315,PUNO,2,2024-02-01
52.11,46.17974173381894,16.822499999999998,39.67999999999998,43.424614,55.56294835273322,PUNO,3,2024-03-01
50.14,45.971339854689454,50.724666666666664,49.397199999999984,47.310696,61.31691160793142,PUNO,4,2024-04-01
62.47,47.00783828503782,50.724666666666664,47.501149999999996,48.179317,51.37960240498411,PUNO,5,2024-05-01
41.19,53.22943759948531,59.30400000000001,51.3124,50.260006,55.046570948317964,PUNO,6,2024-06-01
45.48,45.46579058201833,45.3602857142857,39.08054999999999,48.020645,56.54419664663558,PUNO,7,2024-07-01
62.23,45.080193271315295,44.80119402985073,47.61955000000003,46.646156,56.681938194508085,PUNO,8,2024-08-01
60.33,54.03514691076016,47.58481481481483,50.38060000000002,55.005886,59.98596087746803,PUNO,9,2024-09-01
67.03,56.91344314051234,47.58481481481483,50.78915000000003,47.727448,70.06852797793955,PUNO,10,2024-10-01
47.05,60.11770468190296,69.32388888888889,55.04940000000001,57.51166,66.87268891459836,PUNO,11,2024-11-01
26.15,44.65424958529667,38.62,35.811400000000035,34.664158,38.03636666519802,PUNO,12,2024-12-01
38.19,34.80252842244221,28.815632183908047,31.12875000000001,24.406918,16.671227704717996,PUNO,1,2025-01-01
39.69,42.63250893942925,32.87363636363636,38.31915000000002,44.137363,23.287494919657178,PUNO,2,2025-02-01
35.98,39.515389691802355,46.88236842105263,47.28400000000001,43.7907,28.566055283832842,PUNO,3,2025-03-01
57.45,39.93745303935291,42.09314285714285,41.01985000000001,40.553894,31.65288762694519,PUNO,4,2025-04-01
71.7,54.56355825737711,63.13,63.08605000000005,58.522785,47.180747964814095,PUNO,5,2025-05-01
51.41,61.93310110280839,63.502799999999986,55.81045000000002,53.07913,56.881126313288895,PUNO,6,2025-06-01
22.06,19.443700001289983,20.2056156156156,18.60704999999999,13.120488,17.5219214263907,PUNO,1,2024-01-01
26.44,21.84195123658402,23.117770897832802,22.685099999999974,20.212046,23.90974149594357,PUNO,2,2024-02-01
20.32,21.442844317799985,23.645666666666667,21.972900000000003,20.104654,26.64420934972448,PUNO,3,2024-03-01
21.28,20.845772433182482,20.2056156156156,20.068950000000008,20.97816,24.146818337628574,PUNO,4,2024-04-01
20.93,22.665305552055468,20.2056156156156,21.06275,21.130796,21.638112759614717,PUNO,5,2024-05-01
21.08,21.107209969447805,20.2056156156156,20.886749999999996,20.747297,20.396064760027457,PUNO,6,2024-06-01
22.72,24.40651761767651,22.168795180722903,22.296550000000007,23.045155,21.916139323445076,PUNO,7,2024-07-01
23.15,23.51158609800953,23.117770897832802,23.082250000000002,22.56791,25.002821305181197,PUNO,8,2024-08-01
21.07,22.48621528438713,23.117770897832802,21.99944999999998,22.317827,26.181933976308464,PUNO,9,2024-09-01
21.26,23.266922231984374,20.2056156156156,21.1642,21.391829,22.415710783723878,PUNO,10,2024-10-01
21.98,22.09603718031494,20.2056156156156,21.083499999999976,21.154312,21.901933442634757,PUNO,11,2024-11-01
21.93,18.88750523845676,20.796666666666667,20.17654999999999,20.028488,20.151504404310757,PUNO,12,2024-12-01
27.37,21.72684352369315,23.117770897832802,21.808049999999998,17.473078,19.518806857923142,PUNO,1,2025-01-01
31.09,26.545267476528846,26.209496124031,26.299199999999992,26.344152,24.865263305585383,PUNO,2,2025-02-01
25.02,25.41339670859974,27.7918947368421,26.76975,23.747755,29.642868732432145,PUNO,3,2025-03-01
24.98,24.875727949633045,25.187843551797034,24.297999999999984,25.178688,27.64040747980395,PUNO,4,2025-04-01
26.4,26.076760096726968,25.187843551797034,24.808949999999978,24.406256,25.27832555980685,PUNO,5,2025-05-01
25.67,25.51670136340269,25.187843551797034,25.34409999999998,23.887785,26.996027299745997,PUNO,6,2025-06-01
34.33,21.99241784979762,21.50167701863354,27.96310000000001,26.652023,25.8142707243498,SAN MARTÍN,1,2024-01-01
34.16,32.45444882770865,28.690999999999995,32.7521,35.265503,36.76771444339654,SAN MARTÍN,2,2024-02-01
28.24,29.3176976335599,28.690999999999995,28.63180000000001,28.129704,28.206017006597886,SAN MARTÍN,3,2024-03-01
20.34,29.284757796606115,9.38,31.705849999999987,30.823414,31.10793599357332,SAN MARTÍN,4,2024-04-01
28.71,25.104545529621102,25.18049180327869,30.04849999999999,24.693237,21.08922467098337,SAN MARTÍN,5,2024-05-01
27.3,29.036679044304567,28.20612612612612,29.484099999999994,27.747028,30.488763124210738,SAN MARTÍN,6,2024-06-01
59.34,30.500493123210326,29.26815789473683,29.374900000000007,33.97541,31.632344777044988,SAN MARTÍN,7,2024-07-01
55.72,47.58091231475258,37.58,47.43765000000001,46.0557,39.99715001595194,SAN MARTÍN,8,2024-08-01
43.78,46.30171871055177,48.14,48.19380000000001,47.520157,36.94847627651467,SAN MARTÍN,9,2024-09-01
52.89,41.07357091126223,44.80119402985073,42.25754999999998,34.449993,41.058688820586404,SAN MARTÍN,10,2024-10-01
52.15,45.24481715577754,26.4,45.16045,36.07021,38.04972167929568,SAN MARTÍN,11,2024-11-01
38.35,42.66768335433371,41.90842592592594,35.1286,32.433147,40.16137836141173,SAN MARTÍN,12,2024-12-01
30.08,38.38817822461398,36.10705882352941,37.09009999999997,37.539074,38.51962809556938,SAN MARTÍN,1,2025-01-01
25.83,33.89073328718398,31.799252873563212,30.284650000000006,32.901478,33.17031823809932,SAN MARTÍN,2,2025-02-01
17.86,26.548150447363028,28.606138613861408,29.574249999999992,28.447962,19.362984771109957,SAN MARTÍN,3,2025-03-01
21.49,23.42492089561332,50.46,25.969099999999994,24.995543,22.92160707748344,SAN MARTÍN,4,2025-04-01
25.09,26.882803206343688,28.606138613861408,31.06905,28.423647,18.48555610870462,SAN MARTÍN,5,2025-05-01
22.82,27.831525472171453,28.606138613861408,29.2552,32.715668,21.49863979236823,SAN MARTÍN,6,2025-06-01
63.44,54.108626545701554,71.37,56.708599999999976,55.74535,53.648956123394605,SAN MARTÍN,1,2024-01-01
72.17,62.25933764677109,57.06363636363638,68.51964999999994,65.4569,63.88332230177986,SAN MARTÍN,2,2024-02-01
49.33,63.45661814564667,41.90875,52.964549999999974,49.45875,66.16752548647018,SAN MARTÍN,3,2024-03-01
49.58,54.27856301144359,68.15,59.539899999999996,55.49157,60.856174985345056,SAN MARTÍN,4,2024-04-01
75.13,54.895439324901474,71.37,60.86445000000003,58.28366,54.44168244220072,SAN MARTÍN,5,2024-05-01
70.14,66.97338731170831,49.373636363636365,59.79210000000002,56.414093,68.22082676535408,SAN MARTÍN,6,2024-06-01
79.7,70.12924728068805,65.226,67.10249999999995,69.90175,75.34423673455709,SAN MARTÍN,7,2024-07-01
79.7,74.1650683396387,81.77593750000003,76.07334999999996,65.2995,70.69880026640779,SAN MARTÍN,8,2024-08-01
70.56,71.98177129189915,81.77593750000003,72.72960000000006,64.21083,73.67558048862021,SAN MARTÍN,9,2024-09-01
81.72,70.56263603912471,71.465,69.42854999999999,65.119156,71.24979699408406,SAN MARTÍN,10,2024-10-01
79.58,75.35169236460202,57.5975,64.35195000000003,56.922802,68.58030417518255,SAN MARTÍN,11,2024-11-01
60.62,70.4160463855081,57.5975,66.66970000000005,63.991207,71.74891292727544,SAN MARTÍN,12,2024-12-01
70.03,63.085011412665295,67.61666666666667,68.31484999999996,60.19132,66.5234480044508,SAN MARTÍN,1,2025-01-01
68.15,69.14842179519886,65.226,70.99589999999995,62.94004,71.08839891075935,SAN MARTÍN,2,2025-02-01
47.98,63.52597017217548,61.57541666666666,58.19019999999997,55.850285,69.87014272705643,SAN MARTÍN,3,2025-03-01
53.61,54.33197968071962,68.15,57.96324999999996,57.192547,69.91103593213025,SAN MARTÍN,4,2025-04-01
65.32,59.14729815061291,54.27499999999999,67.12460000000004,60.482944,61.9131412955091,SAN MARTÍN,5,2025-05-01
59.72,64.15951065542063,74.30333333333333,65.73344999999996,56.111645,69.43639289557211,SAN MARTÍN,6,2025-06-01
8.23,11.641481329297672,16.175135135135125,12.022300000000005,11.287259,14.34965698930782,SAN MARTÍN,1,2024-01-01
13.21,13.742435892147682,11.540107526881721,14.456500000000004,13.060456,12.294330107692568,SAN MARTÍN,2,2024-02-01
11.77,12.715823307195087,11.614084507042252,16.01269999999999,11.650981,14.941634421977378,SAN MARTÍN,3,2024-03-01
9.5,15.102801471288071,11.614084507042252,14.858549999999997,11.441198,15.249179801417716,SAN MARTÍN,4,2024-04-01
8.06,14.73293941008983,12.385780590717289,14.117249999999999,11.48338,14.067312120178029,SAN MARTÍN,5,2024-05-01
8.67,12.135443782544758,12.385780590717289,14.125599999999995,10.958445,12.855262356686548,SAN MARTÍN,6,2024-06-01
25.94,29.670503607869076,29.511394230769238,30.07929999999998,30.13285,32.45443547909094,SAN MARTÍN,1,2024-01-01
29.75,28.825817403581972,26.875373134328353,28.307950000000016,29.200243,35.98638357511691,SAN MARTÍN,2,2024-02-01
26.35,27.331488048254272,26.30923076923077,26.304350000000014,26.83025,32.15414593437319,SAN MARTÍN,3,2024-03-01
25.93,27.96071035888606,27.089795918367347,26.930950000000035,27.423672,33.3153717931079,SAN MARTÍN,4,2024-04-01
22.6,28.951235584608632,24.923516483516487,26.691000000000013,27.172594,33.1290409937196,SAN MARTÍN,5,2024-05-01
33.04,25.76901594912131,26.004687499999996,27.823900000000013,25.612444,32.174402040062354,SAN MARTÍN,6,2024-06-01
31.58,35.033367929905545,34.31822857142859,33.42524999999998,32.4415,35.4383298450261,SAN MARTÍN,7,2024-07-01
33.21,32.32472309695923,30.96362244897958,29.770150000000005,30.370213,34.56806849937505,SAN MARTÍN,8,2024-08-01
38.89,32.50366478893677,34.31822857142859,31.741999999999972,31.549404,35.26144664699211,SAN MARTÍN,9,2024-09-01
38.41,37.865459612654554,35.446141732283465,33.304200000000016,34.610725,39.20967458817561,SAN MARTÍN,10,2024-10-01
38.64,37.307254801046895,34.58139534883721,35.53485000000003,35.852287,38.292583633362554,SAN MARTÍN,11,2024-11-01
30.23,33.55221145391486,34.58139534883721,31.777799999999992,32.207363,31.045532663432162,SAN MARTÍN,12,2024-12-01
30.33,31.215532011371167,30.96362244897958,29.96055,31.78316,34.69637272817502,SAN MARTÍN,1,2025-01-01
32.71,32.29133871010889,30.96362244897958,30.602449999999994,31.88958,38.65772573534657,SAN MARTÍN,2,2025-02-01
22.74,29.92988238181473,29.625692307692297,28.534149999999986,30.458971,34.504233562653674,SAN MARTÍN,3,2025-03-01
27.65,26.697189384504803,28.606138613861408,27.973900000000008,26.13396,34.70954079603515,SAN MARTÍN,4,2025-04-01
31.73,30.3235929122647,28.606138613861408,28.13184999999999,27.684164,36.555496999513736,SAN MARTÍN,5,2025-05-01
35.13,32.136386062167,30.96362244897958,31.774199999999993,31.041647,38.21843212477581,SAN MARTÍN,6,2025-06-01
52.48,39.75709469050148,41.24187500000002,40.92485,44.119003,39.241665429023406,SAN MARTÍN,1,2024-01-01
52.04,49.246173954578396,46.128571428571426,47.16454999999999,48.66628,48.26856781187126,SAN MARTÍN,2,2024-02-01
55.13,45.42432395138325,46.128571428571426,41.55529999999999,39.056973,41.92335624197265,SAN MARTÍN,3,2024-03-01
43.52,49.65947454831658,35.43391304347826,44.81545000000003,41.659046,47.53577200857503,SAN MARTÍN,4,2024-04-01
51.44,44.77609094349945,46.128571428571426,39.50575000000004,42.27303,42.627211684840454,SAN MARTÍN,5,2024-05-01
56.26,47.47582852970663,57.3984,46.53845000000004,43.03533,44.54087849994257,SAN MARTÍN,6,2024-06-01
62.14,54.327064224509606,52.604375000000005,53.476350000000046,55.604706,59.170456049737695,SAN MARTÍN,7,2024-07-01
57.49,57.00860822067908,61.57541666666666,55.51325,59.857983,49.793288313969015,SAN MARTÍN,8,2024-08-01
52.93,52.905443534241854,37.36000000000001,50.993549999999985,47.24624,46.32702808862316,SAN MARTÍN,9,2024-09-01
66.67,51.149228186551035,37.36000000000001,47.84605,43.743828,51.84711578210222,SAN MARTÍN,11,2024-11-01
50.82,55.88726692580907,60.06,53.187400000000004,44.89858,54.070031056273926,SAN MARTÍN,12,2024-12-01
61.05,50.038103062325035,37.36000000000001,41.04355000000001,39.725334,50.249093346438336,SAN MARTÍN,1,2025-01-01
72.95,57.642818818494646,88.23,60.79304999999996,60.217117,58.737212196896074,SAN MARTÍN,2,2025-02-01
54.22,61.74558577857957,41.90875,55.37640000000004,45.087,56.87074494902969,SAN MARTÍN,3,2025-03-01
31.7,54.531204933424675,57.3984,56.70769999999997,55.263706,50.40960886316178,SAN MARTÍN,4,2025-04-01
30.55,40.91929001814372,26.392000000000003,37.071700000000014,39.727543,37.8937168980899,SAN MARTÍN,5,2025-05-01
33.33,37.198174637421346,42.09314285714285,35.59420000000001,39.783173,33.65542099125547,SAN MARTÍN,6,2025-06-01
33.08,23.10142929664856,23.38199095022626,25.612250000000003,25.103779,25.24607016968245,SAN MARTÍN,1,2024-01-01
36.0,31.119087841864015,28.690999999999995,31.410049999999984,29.95702,33.9020080452106,SAN MARTÍN,2,2024-02-01
22.4,30.197569308655567,28.690999999999995,29.873599999999982,26.498058,30.161338472710685,SAN MARTÍN,3,2024-03-01
23.31,25.237813620627215,31.66,27.67895,23.870813,26.124237491082052,SAN MARTÍN,4,2024-04-01
26.37,26.332513737104918,23.527499999999996,25.991200000000003,23.566252,24.835550124844485,SAN MARTÍN,5,2024-05-01
25.27,26.69943985597572,25.187843551797034,26.050049999999995,26.948568,27.09383445457453,SAN MARTÍN,6,2024-06-01
38.17,29.126199874524765,26.9204,27.48924999999999,29.275612,30.13874759182632,SAN MARTÍN,7,2024-07-01
35.46,35.16212742519732,35.70864583333333,35.26069999999997,35.71049,41.192588511743836,SAN MARTÍN,8,2024-08-01
39.73,32.92075778493562,34.31822857142859,34.71300000000001,31.832308,37.39225595587324,SAN MARTÍN,9,2024-09-01
35.55,37.37167081585774,35.446141732283465,36.626750000000015,31.298513,42.48274056248861,SAN MARTÍN,10,2024-10-01
27.42,34.25278631105152,34.31822857142859,34.40725,32.72691,36.183035418051894,SAN MARTÍN,11,2024-11-01
18.58,25.96183083614163,25.541249999999998,27.581549999999996,28.767355,27.093491750029987,SAN MARTÍN,12,2024-12-01
33.33,23.39704241446239,50.46,26.60589999999999,25.040812,29.29358433872158,SAN MARTÍN,1,2025-01-01
37.19,32.71875410633329,35.60454545454546,33.00534999999999,33.320206,35.71110949570918,SAN MARTÍN,2,2025-02-01
27.78,31.624711156028937,24.91,29.11919999999998,27.027908,32.699983629973886,SAN MARTÍN,3,2025-03-01
31.29,29.379223038929393,9.38,29.6756,28.555586,30.79536310141125,SAN MARTÍN,4,2025-04-01
35.98,32.68151452733979,30.96362244897958,30.79199999999998,31.297066,32.114308796223455,SAN MARTÍN,5,2025-05-01
36.42,34.18035435447517,32.91813559322035,33.88500000000001,33.8332,36.34068182287974,SAN MARTÍN,6,2025-06-01
39.97,30.596112904701545,28.815632183908047,31.14169999999997,32.38952,32.997081667331685,SAN MARTÍN,1,2024-01-01
34.3,38.922730227674236,37.52732673267327,40.63985,39.40986,40.00893514934359,SAN MARTÍN,2,2024-02-01
27.34,32.43568206140094,34.942941176470576,33.86960000000002,33.392506,35.26852307244899,SAN MARTÍN,3,2024-03-01
26.8,30.69526008763398,28.815632183908047,31.44514999999999,30.230484,33.84255533779186,SAN MARTÍN,4,2024-04-01
32.08,30.99933311715294,28.815632183908047,32.208050000000014,29.576733,32.326521411150225,SAN MARTÍN,5,2024-05-01
42.29,32.63902169382175,33.943346613545835,32.55535,32.716034,36.10300732336967,SAN MARTÍN,6,2024-06-01
40.02,42.60309716971094,40.4123484848485,40.8472,39.476368,44.041927189779784,SAN MARTÍN,7,2024-07-01
44.6,40.09913035108115,37.52732673267327,41.40155,38.278183,39.02058775286317,SAN MARTÍN,8,2024-08-01
38.46,41.35310094864992,44.80119402985073,41.87515000000001,40.171116,36.39694068880734,SAN MARTÍN,9,2024-09-01
48.02,40.154102992430914,40.94352941176472,40.21105000000002,41.52696,40.813812870407546,SAN MARTÍN,10,2024-10-01
43.88,44.18539294372183,39.30756097560977,43.68645000000001,41.070805,43.06608768771628,SAN MARTÍN,11,2024-11-01
33.58,38.05008052245252,41.90842592592594,35.2794,33.0387,36.39957396330695,SAN MARTÍN,12,2024-12-01
37.09,35.49887108719159,33.943346613545835,36.953750000000035,35.821384,37.21146835953585,SAN MARTÍN,1,2025-01-01
37.41,37.777014771234626,37.52732673267327,37.059300000000015,37.52374,39.01450714098612,SAN MARTÍN,2,2025-02-01
32.07,34.18609979385657,36.61818181818182,33.70724999999998,34.12957,33.845972131513875,SAN MARTÍN,3,2025-03-01
29.41,33.73910555881255,31.799252873563212,32.42660000000001,33.759724,36.955978738148076,SAN MARTÍN,4,2025-04-01
33.99,33.65007614797208,31.799252873563212,29.867649999999994,31.26996,33.13538823122308,SAN MARTÍN,5,2025-05-01
32.57,35.27998022350065,33.943346613545835,36.80850000000002,35.58049,37.41353053569444,SAN MARTÍN,6,2025-06-01
31.41,29.570383789459335,28.606138613861408,28.6204,31.507452,33.79027234322859,SAN MARTÍN,1,2024-01-01
39.52,32.9222333054945,30.96362244897958,31.941999999999986,33.636536,32.53070906261525,SAN MARTÍN,2,2024-02-01
29.21,34.1649119758568,30.948823529411772,31.102649999999986,31.767794,29.212052090560846,SAN MARTÍN,3,2024-03-01
28.94,31.42305745574193,29.511394230769238,30.719000000000023,30.866602,31.543873423142916,SAN MARTÍN,4,2024-04-01
31.44,32.125992327650934,29.511394230769238,30.508150000000004,29.181196,25.259394118267576,SAN MARTÍN,5,2024-05-01
33.59,32.05457500639354,30.96362244897958,31.613250000000022,31.856379,29.093801511303173,SAN MARTÍN,6,2024-06-01
38.19,36.910955883785974,34.31822857142859,34.17084999999998,37.25193,39.213325076634014,SAN MARTÍN,7,2024-07-01
39.75,37.7329292624907,35.446141732283465,36.54190000000003,37.557106,34.23646211699018,SAN MARTÍN,8,2024-08-01
34.93,37.82965198888437,35.446141732283465,36.47544999999999,35.657146,31.919338640863483,SAN MARTÍN,9,2024-09-01
45.74,37.48323973818477,34.942941176470576,36.452000000000005,34.615215,35.25908476406394,SAN MARTÍN,10,2024-10-01
33.47,42.16188909425928,29.59235294117647,37.3829,34.080334,33.69943489143925,SAN MARTÍN,11,2024-11-01
26.32,31.901888200760762,31.799252873563212,29.406949999999988,29.907787,25.331984854668153,SAN MARTÍN,12,2024-12-01
29.19,30.080569309114058,28.606138613861408,28.757100000000005,29.942831,32.185028953295806,SAN MARTÍN,1,2025-01-01
31.97,32.69039975146079,33.943346613545835,31.171799999999973,33.09377,30.58875210127112,SAN MARTÍN,2,2025-02-01
32.86,30.28246209585383,31.799252873563212,29.241550000000004,29.968124,27.893504917412717,SAN MARTÍN,3,2025-03-01
24.19,33.60927694508109,31.799252873563212,32.46254999999999,32.578632,32.34159671543174,SAN MARTÍN,4,2025-04-01
28.96,30.22293653848754,28.606138613861408,28.652750000000005,28.02289,25.698053903633753,SAN MARTÍN,5,2025-05-01
32.1,31.220830029497257,31.799252873563212,30.49995,31.00568,27.89502230129128,SAN MARTÍN,6,2025-06-01
36.38,28.755756039766457,37.42,25.506800000000002,21.714262,20.609571521827032,SAN MARTÍN,1,2024-01-01
21.3,40.26980768933538,32.02285714285715,37.84965000000002,42.40634,41.38828740935238,SAN MARTÍN,2,2024-02-01
19.88,31.278869871217967,50.46,28.411950000000015,25.326168,29.39734012838334,SAN MARTÍN,3,2024-03-01
29.03,31.474163587292487,50.46,26.58614999999999,23.367504,36.96092756485931,SAN MARTÍN,4,2024-04-01
35.98,35.605912039930836,32.02285714285715,34.10194999999999,36.12047,31.75071497730381,SAN MARTÍN,5,2024-05-01
23.56,40.395137112515364,37.853928571428575,39.77154999999999,38.329018,45.52418642579023,SAN MARTÍN,6,2024-06-01
34.65,33.8681690188271,33.07772727272728,33.27410000000003,37.52688,42.86836295470185,SAN MARTÍN,7,2024-07-01
36.99,38.211951869700144,34.31822857142859,37.0893,40.59316,36.80143141872595,SAN MARTÍN,8,2024-08-01
38.91,35.24632612511581,35.70864583333333,36.0326,34.252605,26.564239556928715,SAN MARTÍN,9,2024-09-01
67.13,39.20149181273713,35.446141732283465,38.929849999999995,42.052834,36.804281975776185,SAN MARTÍN,10,2024-10-01
41.78,54.89691303635616,20.62,48.13804999999999,42.657978,59.169238312034004,SAN MARTÍN,11,2024-11-01
25.42,38.70591282446694,1.23,34.59430000000003,30.548353,43.52573486408293,SAN MARTÍN,12,2024-12-01
31.03,32.01002710578186,28.815632183908047,32.28385,30.939991,39.404629951550625,SAN MARTÍN,1,2025-01-01
24.45,34.023290946714255,31.799252873563212,34.141999999999996,41.179756,42.38050686629971,SAN MARTÍN,2,2025-02-01
25.64,26.68358622853556,28.606138613861408,28.885400000000008,26.823708,23.902953620708946,SAN MARTÍN,3,2025-03-01
33.85,30.169478334629314,28.606138613861408,30.324650000000002,29.830976,35.47118170826522,SAN MARTÍN,4,2025-04-01
35.93,36.829440813755944,33.943346613545835,36.10485000000001,40.50712,27.963245658511205,SAN MARTÍN,5,2025-05-01
35.17,36.64570820495658,34.942941176470576,35.80595000000001,39.550262,25.845874115321248,SAN MARTÍN,6,2025-06-01
37.55,38.0165466464867,39.54423076923076,38.31530000000001,43.18537,43.21850826802642,SAN MARTÍN,1,2024-01-01
41.36,40.7392558287179,39.78538461538461,38.515450000000016,46.511433,49.90572453574604,SAN MARTÍN,2,2024-02-01
29.1,39.1958048278832,36.61818181818182,36.39140000000007,34.14557,32.05982819118939,SAN MARTÍN,3,2024-03-01
29.07,34.870359952083334,35.884848484848476,32.41570000000003,35.88776,39.79459494635267,SAN MARTÍN,4,2024-04-01
39.1,36.69996229135782,42.09314285714285,37.886900000000054,42.593277,43.571040959724186,SAN MARTÍN,5,2024-05-01
26.73,39.70226125360077,40.15,37.10605,37.700943,38.445862368682135,SAN MARTÍN,6,2024-06-01
55.55,37.750695024185426,33.6525,46.889349999999986,47.91503,61.62510226829809,SAN MARTÍN,7,2024-07-01
52.39,51.53174296162692,40.4123484848485,49.83945000000003,53.05136,53.023930061015676,SAN MARTÍN,8,2024-08-01
41.87,49.13779705724245,47.97142857142857,41.29655000000003,40.67338,38.12712071205046,SAN MARTÍN,9,2024-09-01
52.26,46.32466494087589,45.3602857142857,45.91029999999997,51.3655,48.663681637659046,SAN MARTÍN,10,2024-10-01
36.2,49.02532323452315,39.30756097560977,39.65194999999998,42.897102,41.79886999328453,SAN MARTÍN,11,2024-11-01
34.06,37.05486886013908,25.53571428571429,35.58840000000003,37.64847,34.783276233058366,SAN MARTÍN,12,2024-12-01
38.9,37.80937093030281,33.943346613545835,37.131400000000006,41.84406,45.2208591898365,SAN MARTÍN,1,2025-01-01
39.36,41.630722911044366,40.15,42.122900000000016,47.37361,49.16443937221878,SAN MARTÍN,2,2025-02-01
19.61,38.080192802758354,36.61818181818182,36.18755000000004,36.549515,35.293910948056244,SAN MARTÍN,3,2025-03-01
25.53,29.04597166975914,50.46,25.79894999999999,28.655018,40.79624882857543,SAN MARTÍN,4,2025-04-01
43.42,33.19720546154155,28.815632183908047,33.404350000000015,37.445477,41.578784106217114,SAN MARTÍN,5,2025-05-01
21.6,41.66966358578557,51.12,35.88930000000003,32.661674,37.803688656406614,SAN MARTÍN,6,2025-06-01
22.71,25.469699196041493,24.923516483516487,25.27429999999999,26.710299,26.197928568680556,SAN MARTÍN,1,2024-01-01
25.24,25.637877158830936,25.981125000000013,27.522299999999976,25.273083,27.623812003689736,SAN MARTÍN,2,2024-02-01
22.9,23.300042008760208,25.096666666666664,24.22339999999999,22.645214,25.756408377134957,SAN MARTÍN,3,2024-03-01
21.2,24.57566114660775,23.671782945736442,25.539500000000004,23.566944,27.620377909606944,SAN MARTÍN,4,2024-04-01
21.96,24.795763431308917,21.50167701863354,25.35215,22.385654,23.96498088780514,SAN MARTÍN,5,2024-05-01
23.51,23.896397432408406,23.671782945736442,24.183149999999973,23.750298,23.898006562830957,SAN MARTÍN,6,2024-06-01
25.55,27.98545320625254,25.867209302325588,26.927099999999992,25.536749,23.49207539719607,SAN MARTÍN,7,2024-07-01
26.21,27.327357528713186,25.187843551797034,26.24205,25.547628,25.986041878670378,SAN MARTÍN,8,2024-08-01
24.57,26.329356723639545,25.187843551797034,25.60954999999998,24.869482,22.278936221038823,SAN MARTÍN,9,2024-09-01
23.85,27.267631567440866,23.117770897832802,23.97970000000001,23.995985,30.203062241069542,SAN MARTÍN,10,2024-10-01
24.43,25.759448317960608,23.671782945736442,24.86245000000001,23.844193,26.966453758201478,SAN MARTÍN,11,2024-11-01
23.18,22.283810054917154,24.14666666666666,23.961849999999995,22.173998,23.462916441119358,SAN MARTÍN,12,2024-12-01
22.38,24.14785570681869,23.117770897832802,21.824050000000007,24.352877,25.767590802626096,SAN MARTÍN,1,2025-01-01
22.58,25.0474937518997,25.981125000000013,24.863150000000008,23.772243,27.96883089878658,SAN MARTÍN,2,2025-02-01
19.67,21.50420680303312,20.58934426229508,21.43435,20.227415,24.985534879451368,SAN MARTÍN,3,2025-03-01
20.1,22.183353783764744,20.476912751677855,22.798150000000007,20.690252,28.944314719191606,SAN MARTÍN,4,2025-04-01
22.19,23.773103111855583,20.476912751677855,22.948350000000005,21.440315,23.769597395871212,SAN MARTÍN,5,2025-05-01
23.9,23.714418703724544,23.38199095022626,22.95479999999999,22.171331,24.54874263902474,SAN MARTÍN,6,2025-06-01
25.49,14.625961414277427,42.27,15.671350000000007,12.013953,11.263034805662118,TACNA,1,2024-01-01
27.78,22.51092882179133,18.363599999999995,21.219099999999997,24.62376,24.581358434853758,TACNA,2,2024-02-01
19.76,21.34046500313,13.65,20.62860000000001,20.466862,20.95074746182247,TACNA,3,2024-03-01
13.96,19.61736997386247,20.2056156156156,23.445849999999986,21.103685,22.9228584406447,TACNA,4,2024-04-01
14.32,17.256566419875416,15.66720279720279,15.697549999999996,16.975128,18.713499895589194,TACNA,5,2024-05-01
16.69,15.763740178917793,15.66720279720279,16.648949999999996,17.629812,18.281702140109452,TACNA,6,2024-06-01
20.28,20.16891215371747,18.216666666666665,18.261599999999998,19.121124,11.39857770253893,TACNA,7,2024-07-01
19.58,20.559417975931016,20.2056156156156,19.16485,20.531408,22.760585290315685,TACNA,8,2024-08-01
17.3,19.416348078819468,20.2056156156156,19.918650000000017,18.850697,19.494662840411404,TACNA,9,2024-09-01
16.44,19.878516563559337,18.216666666666665,18.162849999999995,19.091345,18.942033556478783,TACNA,10,2024-10-01
16.55,17.928342340710614,18.216666666666665,16.85330000000001,18.326826,15.886531205409073,TACNA,11,2024-11-01
17.9,14.382283910107036,18.216666666666665,17.578699999999998,17.94948,16.51735795118032,TACNA,12,2024-12-01
21.08,18.409090845065386,19.61492248062016,19.951749999999993,17.587805,12.710661165888622,TACNA,1,2025-01-01
27.46,21.732298441442552,20.2056156156156,22.22039999999998,21.48523,20.152561624672547,TACNA,2,2025-02-01
18.43,21.874780654991124,23.645666666666667,21.36485000000001,21.336477,21.534691739530903,TACNA,3,2025-03-01
15.16,19.285019565350147,19.61492248062016,19.542799999999996,18.98365,21.5511540578548,TACNA,4,2025-04-01
15.66,18.465450305765255,18.216666666666665,16.734600000000004,18.23089,22.212096243940596,TACNA,5,2025-05-01
11.87,17.13608340465903,18.216666666666665,17.952099999999998,17.500786,22.040268467257818,TACNA,6,2025-06-01
32.24,25.70929879313627,24.923516483516487,27.06149999999999,25.369003,26.517031207948474,TACNA,1,2024-01-01
41.62,30.900081824230092,35.60454545454546,30.928500000000003,34.814034,33.2258807007548,TACNA,2,2024-02-01
31.55,33.33916249517574,30.948823529411772,31.230399999999985,31.725418,34.63143417894292,TACNA,3,2024-03-01
27.78,30.744829278044367,30.96362244897958,28.871799999999993,32.55697,30.225796546915753,TACNA,4,2024-04-01
29.42,29.548312202538533,24.58302631578947,27.71650000000001,29.198053,28.937354261233704,TACNA,5,2024-05-01
28.66,28.99104707829639,29.511394230769238,30.004700000000025,32.078888,29.024710155756768,TACNA,6,2024-06-01
25.6,31.718563595594873,29.511394230769238,31.468500000000017,32.43426,28.96751720386632,TACNA,7,2024-07-01
26.71,28.407986721634106,31.044999999999998,30.37035000000002,31.474388,28.904924100714165,TACNA,8,2024-08-01
28.27,27.65623389874047,31.044999999999998,29.356300000000033,30.52209,28.033178886251296,TACNA,9,2024-09-01
19.49,29.927845597043202,28.197034482758596,29.547750000000004,30.768345,30.748707529909503,TACNA,10,2024-10-01
29.28,23.784462863130447,50.46,26.22974999999998,25.537937,26.948312970273268,TACNA,11,2024-11-01
28.16,24.782841267348545,23.492173913043477,27.060449999999992,28.882704,25.527076831754467,TACNA,12,2024-12-01
26.19,27.643215269212657,28.197034482758596,28.74549999999999,27.30219,24.55797625205192,TACNA,1,2025-01-01
28.75,28.375181138385113,26.875373134328353,27.438700000000004,30.647219,23.058209734508377,TACNA,2,2025-02-01
30.95,25.593982809428656,29.527792207792196,25.106650000000013,26.7465,22.9768087547026,TACNA,3,2025-03-01
26.27,29.321772142459547,31.30887640449439,29.01045000000002,29.855701,28.226123076388532,TACNA,4,2025-04-01
32.48,28.354493837354482,28.197034482758596,26.87335000000001,27.466618,27.388478883302465,TACNA,5,2025-05-01
34.68,30.402481909406603,28.690999999999995,30.511850000000003,31.28333,31.271125047439337,TACNA,6,2025-06-01
30.77,22.38663391398468,23.117770897832802,22.61585000000001,20.944105,17.80583973751155,TACNA,1,2024-01-01
34.52,28.655534615608016,27.7918947368421,29.48685,32.516552,32.67167086209998,TACNA,2,2024-02-01
20.22,27.877820811523094,28.690999999999995,28.789750000000005,29.205097,26.35999878935967,TACNA,3,2024-03-01
29.27,22.419664322103447,21.4454794520548,25.790449999999986,25.194937,24.929944847024803,TACNA,4,2024-04-01
32.01,28.2859822176522,28.20612612612612,27.35460000000001,27.811949,31.94668196356751,TACNA,5,2024-05-01
26.45,29.256499024730683,28.690999999999995,29.65535,28.907276,32.373779733276216,TACNA,6,2024-06-01
42.89,29.598538872010558,28.197034482758596,29.306200000000008,31.658173,27.914138137199654,TACNA,7,2024-07-01
30.65,37.006668937991726,38.77277108433734,36.292400000000015,39.498524,37.51321445602888,TACNA,8,2024-08-01
29.62,29.776480124765605,30.96362244897958,29.791350000000012,29.311163,32.13484311426125,TACNA,9,2024-09-01
20.1,30.846196211187713,30.96362244897958,29.410300000000003,31.54087,33.832589049389036,TACNA,10,2024-10-01
22.74,23.55582980022817,21.4454794520548,28.682949999999973,29.031075,27.213505917353743,TACNA,11,2024-11-01
24.77,20.747680300354475,24.02314049586778,24.943300000000008,24.925272,18.205262026541792,TACNA,12,2024-12-01
34.16,24.993857870291194,26.875373134328353,26.964350000000028,26.789402,16.625939510032435,TACNA,1,2025-01-01
36.68,32.25001149107696,35.60454545454546,33.64765000000002,36.303738,35.42092424905207,TACNA,2,2025-02-01
31.39,30.263005184476423,29.625692307692297,30.37134999999999,30.626322,30.7712735347791,TACNA,3,2025-03-01
29.02,30.717840105986262,30.96362244897958,29.340100000000003,31.068823,31.35465873196034,TACNA,4,2025-04-01
27.83,30.682365955924922,29.511394230769238,28.947099999999992,30.344618,31.780238647464284,TACNA,5,2025-05-01
28.12,28.022221376034878,28.197034482758596,27.745999999999984,27.631836,31.608525695207202,TACNA,6,2025-06-01
6.81,4.866596502235165,5.18894230769231,6.238350000000006,9.965535,-0.8534662517842231,TACNA,1,2024-01-01
8.77,8.077592783043745,5.680196078431371,5.9334500000000014,8.184905,7.422460363265032,TACNA,2,2024-02-01
3.23,6.05245317899799,5.680196078431371,6.800850000000001,6.9262958,4.858135624136536,TACNA,3,2024-03-01
3.5,5.416589632320473,5.18894230769231,6.235400000000003,6.3355246,6.693419689349043,TACNA,4,2024-04-01
4.01,6.609894372661014,5.18894230769231,6.303449999999999,6.901015,10.859308260043269,TACNA,5,2024-05-01
5.26,5.7282547027716575,5.18894230769231,8.075350000000002,7.472073,8.294863421632837,TACNA,6,2024-06-01
5.31,9.495001398935976,5.18894230769231,6.039850000000002,10.895504,5.463183116311118,TACNA,7,2024-07-01
2.85,7.606526990958486,5.18894230769231,5.750450000000003,7.758754,11.49818132635763,TACNA,8,2024-08-01
7.32,4.989019172215194,3.46943661971831,6.237000000000002,6.2677994,7.6899350375224405,TACNA,9,2024-09-01
4.3,9.414559102695637,5.680196078431371,6.452750000000001,8.641679,10.377586612997847,TACNA,10,2024-10-01
5.07,6.572915700608771,5.18894230769231,6.1204000000000045,7.560103,5.994365434667366,TACNA,11,2024-11-01
3.86,3.2330508156029083,5.18894230769231,5.223749999999999,6.3604884,-2.0523896979802423,TACNA,12,2024-12-01
6.29,5.279095342208418,5.18894230769231,6.259950000000004,14.199385,-1.3258459546218726,TACNA,1,2025-01-01
3.75,8.04606041586069,5.680196078431371,7.887799999999996,10.032142,5.899285813787717,TACNA,2,2025-02-01
3.38,2.911710899983351,5.18894230769231,5.640100000000001,10.015484,1.3187822997571892,TACNA,3,2025-03-01
2.15,5.127428521205683,5.18894230769231,6.066949999999999,10.376402,4.495586981559969,TACNA,4,2025-04-01
10.07,5.82768371644843,3.46943661971831,5.140600000000006,6.1607633,10.033930444064262,TACNA,5,2025-05-01
6.42,9.205272680618723,5.680196078431371,6.2716999999999965,8.450823,9.849052912592066,TACNA,6,2025-06-01
33.82,31.86166513135722,31.53384615384616,31.088800000000003,29.621176,22.82932570521289,TACNA,1,2024-01-01
47.62,33.191970549943875,35.60454545454546,33.70985000000001,37.76742,39.120290455005964,TACNA,2,2024-02-01
28.52,37.789976836544234,30.948823529411772,35.185899999999975,33.838898,39.0877117519339,TACNA,3,2024-03-01
23.54,30.156038189071094,29.511394230769238,30.22985000000001,31.189056,34.32778361413189,TACNA,4,2024-04-01
29.77,27.291787235079976,24.58302631578947,25.33635000000001,25.967772,27.79716442635618,TACNA,5,2024-05-01
32.02,29.46603129269846,30.96362244897958,30.35355,33.722,32.11725887876413,TACNA,6,2024-06-01
35.78,34.147818981853554,36.733999999999995,32.80865,34.444477,33.46629041566357,TACNA,7,2024-07-01
27.73,34.13173698759529,34.31822857142859,34.302899999999994,36.075954,33.264950456377754,TACNA,8,2024-08-01
27.36,28.070477383551204,31.044999999999998,28.620700000000003,31.168524,31.80773472883342,TACNA,9,2024-09-01
24.82,29.579328180317894,31.044999999999998,28.572599999999994,31.413086,34.452697708331286,TACNA,10,2024-10-01
27.89,26.791325025975507,31.044999999999998,28.18725000000002,29.860157,34.13936349857888,TACNA,11,2024-11-01
20.18,25.087554047874924,28.815632183908047,28.500350000000005,29.674784,25.578330300658127,TACNA,12,2024-12-01
31.65,23.14858927031329,50.46,27.516549999999985,24.506533,14.431672249534506,TACNA,1,2025-01-01
48.0,31.439956791911627,30.96362244897958,29.879150000000003,31.743109,33.008019055624096,TACNA,2,2025-02-01
27.59,37.1801805787805,30.948823529411772,31.156799999999997,34.827538,35.97251561864964,TACNA,3,2025-03-01
28.01,28.835123460715984,9.38,28.728449999999995,29.20927,37.55338738817019,TACNA,4,2025-04-01
28.75,30.022864717111574,28.197034482758596,28.87995000000002,27.100225,30.173543919790983,TACNA,5,2025-05-01
33.34,28.75594822932329,29.511394230769238,30.271300000000014,31.382357,32.44743111304167,TACNA,6,2025-06-01
66.24,34.06738329904537,34.58139534883721,33.40639999999999,32.780983,30.225940673678803,TACNA,1,2024-01-01
64.04,62.1704152768922,47.58481481481483,45.999200000000016,60.88811,117.31015164239716,TACNA,2,2024-02-01
32.95,49.82075602989219,47.58481481481483,45.56280000000002,49.587917,45.543366343092984,TACNA,3,2024-03-01
27.91,34.81220616519116,31.799252873563212,29.608750000000004,31.210474,34.240166624244914,TACNA,4,2024-04-01
26.42,31.009180150993913,24.58302631578947,26.232700000000023,28.564646,32.31068619190179,TACNA,5,2024-05-01
31.51,28.16884985684624,24.58302631578947,28.06785000000002,30.698772,33.65681552812542,TACNA,6,2024-06-01
36.74,34.5746489083852,31.799252873563212,34.01924999999999,37.63305,34.18496293788112,TACNA,7,2024-07-01
32.85,36.03993768761468,42.544545454545464,35.28189999999999,40.023865,36.691274968686315,TACNA,8,2024-08-01
31.36,32.63350938205604,31.799252873563212,31.99589999999999,35.014755,35.46209110254665,TACNA,9,2024-09-01
31.28,33.64845608481403,31.799252873563212,30.926050000000004,36.370277,34.4941198917069,TACNA,10,2024-10-01
36.25,32.67266658523805,33.943346613545835,30.20764999999999,35.567734,35.13831114440207,TACNA,11,2024-11-01
39.32,31.990839430598964,34.942941176470576,33.08929999999997,34.217678,31.692531956646658,TACNA,12,2024-12-01
41.73,38.28090230970058,26.63875,39.27645000000003,36.151615,43.24825440503572,TACNA,1,2025-01-01
46.52,40.87925097729168,51.04999999999999,42.424150000000026,45.75258,52.16477169257781,TACNA,2,2025-02-01
29.86,38.631239316540004,35.43391304347826,37.09764999999997,39.579735,34.58920235387722,TACNA,3,2025-03-01
27.12,32.01541223421447,31.799252873563212,29.55345000000002,33.76991,28.9171744479006,TACNA,4,2025-04-01
30.02,30.836351279174806,5.32,26.849200000000014,31.84959,32.36474394021038,TACNA,5,2025-05-01
27.73,30.932811579520095,31.799252873563212,32.03590000000002,34.415085,33.89705264702593,TACNA,6,2025-06-01
50.71,35.77662623102646,48.894999999999996,34.272750000000016,30.305616,29.5004050673161,TACNA,1,2024-01-01
70.48,46.09115197260054,30.24285714285714,45.89890000000002,56.853,53.15925104294994,TACNA,2,2024-02-01
36.42,55.72501871778066,74.85,48.87340000000001,57.848698,64.11227030522168,TACNA,3,2024-03-01
29.73,39.75448890166433,39.54423076923076,36.96045,38.213936,49.62664584799368,TACNA,4,2024-04-01
28.2,35.39094430844974,35.211666666666666,33.213800000000006,35.517082,45.3276233658195,TACNA,5,2024-05-01
32.85,31.985651145388402,24.58302631578947,30.708700000000036,34.36924,45.87608613397536,TACNA,6,2024-06-01
41.63,38.05300686779715,35.884848484848476,36.85094999999999,43.25215,47.37058523107259,TACNA,7,2024-07-01
41.38,41.340726676593505,40.4123484848485,41.13675000000002,45.74191,54.36440751188842,TACNA,8,2024-08-01
41.75,41.20172928843829,40.4123484848485,43.428749999999994,44.698368,49.21573974752629,TACNA,9,2024-09-01
31.45,43.11395956111995,45.3602857142857,43.74010000000005,49.133945,59.734657511333516,TACNA,10,2024-10-01
52.82,36.23809813613943,42.09314285714285,37.84005,40.80308,49.13903141511644,TACNA,11,2024-11-01
38.13,44.07321511906881,41.90842592592594,40.03140000000002,39.1302,48.643145427484875,TACNA,12,2024-12-01
56.79,40.10995495811064,45.3602857142857,43.665950000000024,43.949852,45.29519301234232,TACNA,1,2025-01-01
75.64,53.03739762294437,41.90842592592594,56.263050000000014,59.874996,63.84475350905401,TACNA,2,2025-02-01
43.71,59.8231417343511,41.90875,50.85435000000001,57.00458,73.65425616836922,TACNA,3,2025-03-01
39.97,45.09595020729937,41.90842592592594,40.28245000000003,45.376713,59.68534163300578,TACNA,4,2025-04-01
44.05,42.82004273543932,41.662857142857135,37.70734999999998,35.838688,57.465000996332144,TACNA,5,2025-05-01
38.15,43.35614052934541,38.31363636363636,41.16505000000001,45.208973,58.434873746434846,TACNA,6,2025-06-01
20.79,13.210892575436594,15.329062500000004,14.997799999999984,12.234109,13.045171867133192,TACNA,1,2024-01-01
22.98,19.059302172668325,16.683442622950825,17.824599999999997,20.796236,15.216370272184433,TACNA,2,2024-02-01
15.89,17.710297259374855,21.74028571428572,18.664450000000002,17.07695,10.476740120097865,TACNA,3,2024-03-01
9.51,16.162080832238175,16.501396648044697,16.27530000000001,16.09837,13.507077570365757,TACNA,4,2024-04-01
12.37,13.535991528544452,7.435000000000001,11.829049999999993,11.530398,17.592328410635,TACNA,5,2024-05-01
10.91,13.35887066391937,13.079692307692317,13.233999999999991,14.087658,15.878180420833273,TACNA,6,2024-06-01
14.69,15.908632972282952,13.079692307692317,12.933350000000008,13.714431,13.085644003726248,TACNA,7,2024-07-01
12.93,15.870555964844899,15.329062500000004,15.725549999999988,15.663727,15.499786996160138,TACNA,8,2024-08-01
12.42,13.762404846178987,13.079692307692317,13.3368,13.71912,12.723317282012745,TACNA,9,2024-09-01
8.58,15.49812379855581,13.079692307692317,13.589399999999996,14.248727,12.962833766964522,TACNA,10,2024-10-01
8.76,11.795229851696618,10.59220833333333,11.314199999999996,11.779436,10.176276043877223,TACNA,11,2024-11-01
10.17,7.974051050884167,10.59220833333333,11.265899999999997,10.725744,8.369327555846006,TACNA,12,2024-12-01
17.27,11.766143607727173,12.385780590717289,12.565949999999994,11.114948,7.305339846463899,TACNA,1,2025-01-01
21.92,17.401089870219867,15.329062500000004,15.564850000000009,16.444193,10.484193358478988,TACNA,2,2025-02-01
10.99,16.830070743275506,21.74028571428572,16.0671,16.559788,9.06715859407521,TACNA,3,2025-03-01
12.01,13.032970909843144,12.17377622377623,12.774750000000004,12.155595,14.426634207477155,TACNA,4,2025-04-01
10.84,14.708016476816736,13.079692307692317,12.522799999999991,12.359381,18.1324169949978,TACNA,5,2025-05-01
12.22,12.40474091318832,13.079692307692317,12.323300000000001,12.8128395,15.165183495732686,TACNA,6,2025-06-01
50.25,41.38321782900847,46.88236842105263,41.38765000000002,49.995045,70.26910012874401,TUMBES,1,2024-01-01
60.15,48.33640965460773,67.57,54.880500000000005,53.90834,70.1150860798544,TUMBES,2,2024-02-01
35.48,50.25658029980746,30.424999999999997,44.40554999999998,34.00911,43.67936892289925,TUMBES,3,2024-03-01
7.54,38.81623652277143,42.09314285714285,40.06724999999999,36.47677,33.85381339060116,TUMBES,4,2024-04-01
24.45,20.62714005422949,43.23666666666666,22.38394999999999,15.855635,18.125534376424074,TUMBES,5,2024-05-01
20.0,27.014694434047534,24.58302631578947,27.866900000000008,25.485083,33.60383401164432,TUMBES,6,2024-06-01
33.33,28.89972803052483,24.63375,31.79055000000001,39.791355,47.625925625028366,TUMBES,7,2024-07-01
58.49,35.27165771385759,39.92,36.38504999999999,43.28692,47.31152784119436,TUMBES,8,2024-08-01
42.44,48.22509402491988,68.82,48.08190000000001,40.41253,37.65033755901375,TUMBES,9,2024-09-01
67.23,40.729201873706586,37.65875,42.689949999999996,42.167747,69.44500129585303,TUMBES,1,2025-01-01
81.58,56.3508268878815,88.23,52.17370000000001,50.58781,63.803630375239344,TUMBES,2,2025-02-01
49.75,63.59676353932058,56.99,54.07665000000003,42.447964,56.718889427628575,TUMBES,3,2025-03-01
25.79,49.721411510237374,67.57,45.851100000000024,41.41323,43.39178063470362,TUMBES,4,2025-04-01
26.32,35.607505994489536,28.815632183908047,34.476650000000035,23.275269,31.38485426720571,TUMBES,5,2025-05-01
20.53,30.447760484021842,28.815632183908047,31.685350000000035,28.950012,36.27991106136293,TUMBES,6,2025-06-01
13.83,8.094245967640873,10.59220833333333,9.698900000000009,15.035654,17.509648579130634,TUMBES,1,2024-01-01
14.61,14.866830876698549,15.329062500000004,13.790700000000005,15.061198,16.59066592787371,TUMBES,2,2024-02-01
10.8,12.664711057646311,19.68416666666667,13.17895,13.512043,8.87386519860246,TUMBES,3,2024-03-01
9.34,12.139465993032402,12.17377622377623,12.358350000000007,11.827149,9.703586259082673,TUMBES,4,2024-04-01
8.65,12.682215166698239,10.59220833333333,11.371300000000003,10.342622,7.872880447971282,TUMBES,5,2024-05-01
6.26,10.607896408285097,10.59220833333333,10.477499999999997,9.015038,7.491639164464784,TUMBES,6,2024-06-01
17.94,12.345630906776563,10.59220833333333,11.001449999999998,10.775511,7.298113918030406,TUMBES,7,2024-07-01
16.52,17.344372842521572,10.347142857142858,13.001749999999989,13.485796,13.253417555904093,TUMBES,8,2024-08-01
10.91,16.590070514807103,10.725,12.295499999999995,11.329002,12.394553716986263,TUMBES,9,2024-09-01
15.54,14.644814295783574,12.17377622377623,12.792250000000001,13.816516,15.400446786934817,TUMBES,10,2024-10-01
13.28,16.358381110220996,15.329062500000004,13.003799999999996,16.25797,14.329164259810122,TUMBES,11,2024-11-01
11.09,10.930946895073241,9.4475,14.112950000000001,14.685708,12.748683604836236,TUMBES,12,2024-12-01
13.34,12.948829220398641,13.079692307692317,14.82509999999999,14.908803,20.72234193785341,TUMBES,1,2025-01-01
15.53,15.408199638669013,15.329062500000004,14.016450000000003,15.326345,16.685181966522467,TUMBES,2,2025-02-01
10.07,13.183171196284805,15.329062500000004,13.13874999999999,12.847329,9.556921548462698,TUMBES,3,2025-03-01
9.09,12.621350770892342,10.59220833333333,13.10079999999999,12.909813,11.360200800844988,TUMBES,4,2025-04-01
8.26,13.20093096189109,10.59220833333333,11.2587,11.187333,8.384470772960116,TUMBES,5,2025-05-01
7.58,11.058759187951306,10.59220833333333,10.653849999999998,10.045738,10.276608801636199,TUMBES,6,2025-06-01
3.87,8.007381436005609,3.46943661971831,3.623749999999997,5.4868755,5.811054730901571,TUMBES,8,2024-08-01
0.46,7.550807873517041,5.8211688311688325,10.33,1.5360926,6.207895712174934,TUMBES,9,2024-09-01
2.15,6.512066514554803,3.46943661971831,2.878449999999998,2.2581067,8.341768782682225,TUMBES,11,2024-11-01
2.28,3.3339795720965135,3.46943661971831,4.351350000000004,3.6268508,8.527662664198333,TUMBES,12,2024-12-01
1.84,6.5303017984622755,3.46943661971831,4.8591,8.945882,16.780438915760254,TUMBES,1,2025-01-01
5.88,7.273654291884419,3.46943661971831,4.942650000000001,6.459295,9.503780326092647,TUMBES,2,2025-02-01
2.58,5.120436298640957,2.748461538461538,8.446249999999997,4.337988,4.009337474182571,TUMBES,3,2025-03-01
22.72,23.347198987491574,25.18049180327869,29.349599999999956,24.333715,24.374516301947946,TUMBES,1,2024-01-01
26.01,24.01472574001869,6.07,26.068050000000007,23.098398,26.90331866032451,TUMBES,2,2024-02-01
19.06,23.51976571483888,12.57,23.995799999999978,21.515541,25.005673093947156,TUMBES,3,2024-03-01
22.04,21.401924508852545,21.50167701863354,26.79334999999998,18.89729,21.151605865773323,TUMBES,4,2024-04-01
29.13,25.287595158149394,23.671782945736442,25.626949999999994,20.584763,24.07291214594694,TUMBES,5,2024-05-01
25.05,27.516508823978032,28.20612612612612,30.31950000000002,26.742558,32.44351261881753,TUMBES,6,2024-06-01
21.41,27.66917140649474,29.26815789473683,26.673599999999986,25.148916,28.03107848075368,TUMBES,7,2024-07-01
24.58,23.56918363059361,23.117770897832802,24.17224999999998,21.994047,24.260855986375073,TUMBES,8,2024-08-01
20.0,23.752472497422268,23.117770897832802,24.1727,19.876076,27.15044846556805,TUMBES,9,2024-09-01
17.0,23.814061409909172,21.50167701863354,27.49134999999997,21.656477,27.768188647843413,TUMBES,10,2024-10-01
33.72,20.181160502806556,19.699283950617307,21.576150000000002,20.031235,24.732198576123434,TUMBES,11,2024-11-01
6.49,25.834219317721132,25.306538461538455,25.27695000000001,25.549774,35.86355456659553,TUMBES,12,2024-12-01
21.11,13.515290050062108,12.385780590717289,13.498450000000007,14.834078,18.923790824763667,TUMBES,1,2025-01-01
32.14,22.15522995580499,21.4454794520548,25.13094999999998,22.09896,24.306454300541038,TUMBES,2,2025-02-01
29.6,25.214465113052572,52.98,24.76255,25.826797,28.685041881144734,TUMBES,3,2025-03-01
23.76,27.648060800121243,28.20612612612612,26.961299999999987,24.64291,29.510996876258492,TUMBES,4,2025-04-01
27.94,26.22898063453674,18.55,23.933849999999996,21.907742,27.168887132116687,TUMBES,5,2025-05-01
28.19,26.674212991983516,26.209496124031,26.6271,23.46443,31.9469224302398,TUMBES,6,2025-06-01
51.73,38.32991336602195,29.59235294117647,39.84365000000003,38.116005,47.21614036995461,TUMBES,1,2024-01-01
53.46,46.28798663603702,46.128571428571426,40.76549999999995,40.611084,47.98978933134925,TUMBES,2,2024-02-01
40.3,43.93698423023262,35.43391304347826,39.97070000000004,37.892166,40.08237409325072,TUMBES,3,2024-03-01
35.88,38.44481325087923,42.71454545454546,37.12969999999999,37.86385,34.522981086482325,TUMBES,4,2024-04-01
35.87,36.78963796328901,50.03,29.662649999999953,32.132557,33.480140278066614,TUMBES,5,2024-05-01
30.76,34.86033053715282,34.942941176470576,33.07679999999998,33.04933,33.19311131966689,TUMBES,6,2024-06-01
48.98,35.9198155213211,31.799252873563212,34.790949999999995,37.672184,38.37177039662886,TUMBES,7,2024-07-01
50.93,44.46788387997414,40.4123484848485,41.32985000000005,44.97819,44.06766120709295,TUMBES,8,2024-08-01
37.72,45.17197910946648,47.97142857142857,42.98575000000001,43.70323,43.4608398293706,TUMBES,9,2024-09-01
45.44,40.437287961549124,40.94352941176472,38.339349999999996,39.905056,38.0933508758516,TUMBES,10,2024-10-01
47.22,43.37258401158656,46.86,42.22414999999998,43.80573,37.80268649278428,TUMBES,11,2024-11-01
49.53,41.22342099372977,46.128571428571426,43.950000000000024,41.806507,41.51010849082624,TUMBES,12,2024-12-01
56.37,46.16974547494739,67.57,45.198549999999976,46.83349,52.27560325874459,TUMBES,1,2025-01-01
60.51,51.853510699849174,37.36000000000001,49.58844999999997,50.952984,51.126789322823726,TUMBES,2,2025-02-01
51.55,50.78169867887421,47.58481481481483,51.075350000000014,42.44417,45.863864170491304,TUMBES,3,2025-03-01
44.16,48.42264960577521,52.94833333333332,46.544,44.36231,41.41083505832538,TUMBES,4,2025-04-01
45.31,45.2156505100279,46.88786324786325,37.73515000000003,40.59719,38.467008967146114,TUMBES,5,2025-05-01
32.42,43.715277163069175,46.88786324786325,40.65280000000004,41.49954,38.98586352250593,TUMBES,6,2025-06-01
45.0,32.52554969604115,33.943346613545835,34.12060000000004,36.716473,47.066779363310616,TUMBES,1,2024-01-01
48.84,43.01525040010077,43.66523076923077,42.44375000000003,42.69179,54.66531779759229,TUMBES,2,2024-02-01
33.41,41.83450193724319,41.90842592592594,36.15399999999997,36.8719,41.674533150694955,TUMBES,3,2024-03-01
29.14,36.16951836435378,31.799252873563212,35.87920000000002,32.674206,32.6989464934173,TUMBES,4,2024-04-01
31.67,34.09704810395414,29.511394230769238,30.737600000000015,29.692326,32.44511172992282,TUMBES,5,2024-05-01
28.35,33.34705122244988,31.799252873563212,31.764950000000017,30.537266,30.627488256563595,TUMBES,6,2024-06-01
37.81,35.18500149232089,31.799252873563212,32.17965000000001,38.534573,40.47114841118697,TUMBES,7,2024-07-01
44.66,38.521507716621684,35.70864583333333,38.354,39.483932,33.82902336217192,TUMBES,8,2024-08-01
33.27,41.37370897129134,43.66523076923077,38.95300000000004,40.178688,39.34886400798186,TUMBES,9,2024-09-01
35.26,37.894447766378626,31.799252873563212,34.708949999999994,37.824028,37.37066854331217,TUMBES,10,2024-10-01
31.47,37.20602792930944,34.942941176470576,32.82760000000001,37.584,36.46505455350865,TUMBES,11,2024-11-01
32.74,31.448200443205398,31.799252873563212,30.49200000000001,37.3375,37.47517993490245,TUMBES,12,2024-12-01
42.08,35.56608462346113,33.943346613545835,36.15730000000002,40.973404,48.249162456734815,TUMBES,1,2025-01-01
47.68,42.49946992512637,45.230000000000004,43.58474999999998,44.28685,53.616382667039126,TUMBES,2,2025-02-01
30.61,42.19013859957337,41.90842592592594,34.52749999999998,36.5298,42.384546115716205,TUMBES,3,2025-03-01
29.74,35.04968372175535,31.799252873563212,33.37474999999999,33.86196,32.67546828421411,TUMBES,4,2025-04-01
35.87,35.190190874408636,31.799252873563212,31.11415,30.13515,34.454498731817786,TUMBES,5,2025-05-01
28.23,36.86013115661149,34.942941176470576,32.20630000000001,33.482838,35.85476831864643,TUMBES,6,2025-06-01
15.91,26.175117041418925,26.209496124031,26.488049999999998,26.372034,30.7732231935591,TUMBES,1,2024-01-01
16.13,20.681043094555726,19.699283950617307,17.7774,20.517742,23.608255615412855,TUMBES,2,2024-02-01
13.89,15.62496251054271,15.240185185185183,17.994399999999995,17.818224,16.787239184913506,TUMBES,3,2024-03-01
11.14,16.429351894423213,15.66720279720279,16.9729,16.754475,18.535371826579464,TUMBES,4,2024-04-01
11.31,16.140173630042053,15.031849315068493,18.69144999999999,14.880997,16.459498897487354,TUMBES,5,2024-05-01
13.21,14.608696320370983,15.031849315068493,18.370799999999985,14.967754,15.979557801094307,TUMBES,6,2024-06-01
14.58,19.491840580560115,15.031849315068493,19.508300000000006,16.980856,19.643663696963593,TUMBES,7,2024-07-01
17.72,18.26851560226578,19.699283950617307,18.375000000000004,19.881578,15.123866092137249,TUMBES,8,2024-08-01
13.67,18.432631031336363,19.699283950617307,19.971349999999983,16.877392,17.15294328381025,TUMBES,9,2024-09-01
16.37,18.20341273510837,15.66720279720279,17.904050000000005,16.9164,20.659218400302812,TUMBES,10,2024-10-01
16.9,18.550610494673222,15.99648148148148,17.03045000000001,17.749739,20.40488368965419,TUMBES,11,2024-11-01
16.87,15.055549347413095,15.99648148148148,17.19525000000001,17.634676,20.009841050736128,TUMBES,12,2024-12-01
19.22,17.102766648933205,15.99648148148148,15.549000000000005,17.703337,27.417903550499712,TUMBES,1,2025-01-01
17.9,19.85313946100647,20.2056156156156,19.045649999999988,18.827858,28.921376866819916,TUMBES,2,2025-02-01
12.89,15.725323368350352,19.61492248062016,17.42755000000001,16.640833,18.45228702072513,TUMBES,3,2025-03-01
14.9,15.123720049390288,13.079692307692317,16.497299999999992,14.903861,20.703399988996583,TUMBES,4,2025-04-01
14.04,17.497814448906773,16.501396648044697,17.91755000000002,16.601843,20.779799752430154,TUMBES,5,2025-05-01
12.56,15.817224322905812,15.329062500000004,18.190250000000006,16.334589,19.325712600197132,TUMBES,6,2025-06-01
2.26,6.2904800050814025,3.46943661971831,4.661350000000003,3.6466408,22.46747696298674,TUMBES,11,2024-11-01
80.44,86.1501167295745,66.27,76.50470000000004,87.39558,99.93021775344991,TUMBES,1,2024-01-01
88.79,78.9022287943166,91.01,77.90645000000004,90.65715,92.80849989523516,TUMBES,2,2024-02-01
68.26,78.76426543704441,70.0,75.72120000000001,74.374176,85.97617972696165,TUMBES,3,2024-03-01
50.23,68.45656564708388,79.31,63.13429999999988,58.193417,58.97174952745976,TUMBES,4,2024-04-01
53.56,58.19562398094338,51.59,45.782200000000074,46.98627,52.747896047753834,TUMBES,5,2024-05-01
48.94,56.5913287285521,52.94833333333332,45.852799999999995,38.3697,47.41344611387199,TUMBES,6,2024-06-01
70.75,60.34204458709594,36.87,65.86395000000003,92.23512,94.64251181373069,TUMBES,7,2024-07-01
86.34,69.1061321000533,100.0,77.42764999999993,78.09142,68.53813567007909,TUMBES,8,2024-08-01
72.26,77.35972371507779,63.502799999999986,71.92329999999994,74.21188,65.77873543918307,TUMBES,9,2024-09-01
80.19,73.92228533244987,69.06,73.63224999999993,80.30528,73.38973971371072,TUMBES,10,2024-10-01
63.33,76.23227566552042,69.98,71.78124999999991,72.23085,73.92453927211069,TUMBES,11,2024-11-01
75.59,65.11340508512171,100.0,71.6174,85.96469,82.43696075932337,TUMBES,12,2024-12-01
80.91,72.73504871173084,79.31,78.09150000000004,86.06305,93.84117961519856,TUMBES,1,2025-01-01
92.42,77.9985541691726,91.01,80.53290000000005,91.92922,94.21533204173043,TUMBES,2,2025-02-01
72.5,80.95942555244466,66.27,73.55185000000002,74.78765,83.77216583398211,TUMBES,3,2025-03-01
52.62,71.81466053554003,79.31,65.42614999999986,60.004036,66.3655987285737,TUMBES,4,2025-04-01
52.97,60.83786836011835,52.94833333333332,54.5748,58.707825,58.140478400656534,TUMBES,5,2025-05-01
36.54,57.65412047584382,52.94833333333332,47.90760000000003,46.012978,54.75124736220506,TUMBES,6,2025-06-01
12.71,10.151279796543008,12.385780590717289,10.672249999999995,9.871528,12.87240731287674,UCAYALI,1,2024-01-01
27.0,14.387560456939799,13.079692307692317,16.24645000000001,15.615401,16.42848727438097,UCAYALI,2,2024-02-01
23.77,18.992932336829533,2.97,18.126649999999987,14.346758,13.165556299871808,UCAYALI,3,2024-03-01
6.22,21.304301418714207,23.117770897832802,19.4481,17.238056,24.015252672589686,UCAYALI,4,2024-04-01
6.51,12.706195701233522,16.175135135135125,13.625100000000002,11.420453,18.22863624605471,UCAYALI,5,2024-05-01
12.18,9.910601484018251,9.943913043478261,12.024600000000012,10.047963,14.706355328538042,UCAYALI,6,2024-06-01
18.4,16.594688627545047,13.079692307692317,16.375149999999998,15.037246,19.527592053940314,UCAYALI,7,2024-07-01
11.79,18.47053992709305,19.61492248062016,16.98625,13.484625,14.935811960275151,UCAYALI,8,2024-08-01
12.44,12.969331860169476,7.875,13.96974999999999,7.2407255,11.120844648235032,UCAYALI,9,2024-09-01
22.08,15.413610873319278,13.079692307692317,16.313400000000005,11.435349,17.701668805234352,UCAYALI,10,2024-10-01
25.51,20.293298496714126,20.865,12.181349999999991,15.466502,16.386335167203548,UCAYALI,11,2024-11-01
12.21,18.480695802233143,12.82,16.669899999999995,11.35677,13.489834118424216,UCAYALI,12,2024-12-01
16.65,14.360947802254978,30.31,17.688700000000015,11.280792,14.919567384084237,UCAYALI,1,2025-01-01
30.68,18.38392325271787,16.501396648044697,18.61015,18.68943,19.03312604800323,UCAYALI,2,2025-02-01
33.27,22.957095944934075,26.906666666666666,21.895300000000002,17.322582,19.565702064904936,UCAYALI,3,2025-03-01
10.16,27.328259061195876,41.33,36.81090000000002,26.286707,29.76765636318773,UCAYALI,4,2025-04-01
23.96,15.874834960937672,24.093333333333334,15.052100000000014,12.309144,19.282874413156623,UCAYALI,5,2025-05-01
21.11,21.694302077419604,23.117770897832802,22.41525,18.264374,20.57462534962781,UCAYALI,6,2025-06-01
16.54,19.255804701527467,20.2056156156156,21.26715,21.279434,14.604360230115352,UCAYALI,1,2024-01-01
20.75,18.070671552787466,18.216666666666665,19.028850000000006,19.169483,18.735643500750687,UCAYALI,2,2024-02-01
18.6,16.863888127416786,20.2056156156156,19.0852,17.732862,20.646093763673807,UCAYALI,3,2024-03-01
15.93,18.319473450818215,19.61492248062016,18.560000000000006,18.617472,22.47862189647027,UCAYALI,4,2024-04-01
19.64,18.063662984602487,18.216666666666665,19.607850000000003,17.866707,21.34167833657818,UCAYALI,5,2024-05-01
16.42,18.683880793179362,20.2056156156156,20.019350000000006,18.565596,21.41217750854921,UCAYALI,6,2024-06-01
20.4,20.10985140994793,18.216666666666665,20.19844999999999,18.699003,17.446690594432642,UCAYALI,7,2024-07-01
16.94,20.149848501323227,20.2056156156156,20.396899999999995,19.828348,21.628557387753744,UCAYALI,8,2024-08-01
14.95,17.05034649294241,18.216666666666665,17.6783,16.746174,20.888454264669633,UCAYALI,9,2024-09-01
19.17,17.61889346588751,18.216666666666665,17.93175,17.746105,20.496330635745764,UCAYALI,10,2024-10-01
14.12,18.72979382105172,20.2056156156156,18.518850000000015,19.348085,20.078707530243594,UCAYALI,11,2024-11-01
15.84,12.428051019541538,15.66720279720279,17.112049999999996,14.400544,20.892779090831354,UCAYALI,12,2024-12-01
14.61,15.665252418766253,18.216666666666665,17.786,17.062315,15.439909928653998,UCAYALI,1,2025-01-01
15.81,16.434652301353964,18.216666666666665,17.2876,16.192184,15.293162469945237,UCAYALI,2,2025-02-01
14.23,13.502158881527217,16.501396648044697,16.08170000000001,14.848977,17.888404612093396,UCAYALI,3,2025-03-01
15.64,14.94815774172388,15.329062500000004,17.02829999999999,15.249354,21.80531290894502,UCAYALI,4,2025-04-01
15.46,17.391701142609094,16.501396648044697,16.933249999999997,15.7716465,20.112490583381753,UCAYALI,5,2025-05-01
15.98,15.789550988551442,16.501396648044697,16.651849999999985,15.704786,20.992767229644105,UCAYALI,6,2025-06-01
15.76,12.364660682634241,13.079692307692317,12.359050000000002,12.5522785,12.442421320632855,UCAYALI,1,2024-01-01
18.98,15.600532511848833,15.329062500000004,14.928950000000007,15.431592,16.092143624260466,UCAYALI,2,2024-02-01
12.81,14.483461696785442,16.683442622950825,15.233349999999996,15.1201935,18.57528492904789,UCAYALI,3,2024-03-01
15.33,13.831141573406505,13.079692307692317,13.696600000000004,13.515218,14.314336944155063,UCAYALI,4,2024-04-01
14.65,16.31106941073472,16.501396648044697,14.54104999999999,15.155848,10.74210299796439,UCAYALI,5,2024-05-01
17.52,14.410568220692294,15.329062500000004,14.973200000000002,13.939865,10.782447494525147,UCAYALI,6,2024-06-01
12.9,19.54549872412782,18.1275,15.650150000000004,17.196781,11.307751618223373,UCAYALI,7,2024-07-01
9.46,14.941638656988442,12.17377622377623,13.683199999999992,13.7241745,13.465808033661876,UCAYALI,8,2024-08-01
16.37,11.516169983740799,10.59220833333333,12.294499999999996,11.422061,10.096936835849837,UCAYALI,9,2024-09-01
10.25,17.142623880788072,15.329062500000004,15.042999999999997,15.219739,20.82818088646496,UCAYALI,10,2024-10-01
15.04,12.936767113656185,13.079692307692317,13.8002,12.735019,17.094388186709544,UCAYALI,11,2024-11-01
10.6,11.757323161589365,13.4276,14.335649999999989,12.79405,11.55702430642392,UCAYALI,12,2024-12-01
6.82,12.171215545975592,13.079692307692317,13.398050000000001,11.83648,12.888043008153492,UCAYALI,1,2025-01-01
16.73,11.13385175170664,11.540107526881721,16.31805,12.966928,10.768246784502361,UCAYALI,2,2025-02-01
15.3,12.810155981257768,15.329062500000004,12.42259999999999,12.860786,15.841649839591833,UCAYALI,3,2025-03-01
15.05,15.22554037207191,15.329062500000004,15.071249999999996,13.6308775,15.693256236824544,UCAYALI,4,2025-04-01
17.33,16.692743133606555,16.501396648044697,15.076649999999995,14.785011,9.012077345802926,UCAYALI,5,2025-05-01
15.43,16.841247128847495,18.1275,15.182000000000007,15.582928,10.278489132368597,UCAYALI,6,2025-06-01
6.2,6.4219014939678445,8.63,10.061599999999997,6.443174,8.498275795386975,UCAYALI,1,2024-01-01
2.95,7.753607652440735,8.63,8.540699999999994,6.8919353,7.745673004159011,UCAYALI,2,2024-02-01
8.35,2.6496631284807464,3.374,6.677749999999998,3.8548498,7.202404954875522,UCAYALI,3,2024-03-01
13.33,8.047648294313667,8.63,9.515149999999997,6.8532457,8.0674404446116,UCAYALI,4,2024-04-01
5.84,13.003091370700526,9.282592592592595,11.180399999999993,10.24189,16.892157685848062,UCAYALI,5,2024-05-01
10.42,7.670270870730732,10.59220833333333,9.587250000000001,8.4879,13.132189246410679,UCAYALI,6,2024-06-01
9.98,13.204360130152777,12.17377622377623,12.196499999999997,11.965729,10.348615786551102,UCAYALI,7,2024-07-01
11.78,11.43732193968377,12.385780590717289,13.05215,9.315203,12.731215725898844,UCAYALI,8,2024-08-01
12.8,10.792894063870833,12.17377622377623,11.594849999999994,10.273712,10.324322316926004,UCAYALI,9,2024-09-01
4.52,13.311003586970523,12.17377622377623,11.9383,11.663553,8.876352233609815,UCAYALI,10,2024-10-01
6.67,7.351638435300401,10.59220833333333,6.931599999999995,8.394537,8.54701910996857,UCAYALI,11,2024-11-01
1.4,4.5400714032793665,10.59220833333333,8.397,8.77827,5.903312599775185,UCAYALI,12,2024-12-01
7.92,6.013499857014043,1.4283333333333335,5.8122500000000015,7.6430345,7.505288726115062,UCAYALI,5,2025-05-01
12.93,8.068988164011209,8.63,8.366550000000002,7.7455444,12.635187078601671,UCAYALI,6,2025-06-01
29.75,30.925086699144604,31.53384615384616,28.536650000000005,29.39543,27.350168938986034,UCAYALI,1,2024-01-01
31.9,30.55241194814687,30.96362244897958,32.10210000000001,31.261147,31.00830243584614,UCAYALI,2,2024-02-01
29.39,28.211455592818606,25.807666666666663,29.749899999999997,30.604109,27.51340575930153,UCAYALI,3,2024-03-01
28.48,29.404072746654183,29.511394230769238,30.474900000000027,30.909456,30.730615888791892,UCAYALI,4,2024-04-01
29.69,30.275876123916362,29.511394230769238,29.693300000000033,29.957888,31.933439114218107,UCAYALI,5,2024-05-01
36.98,29.882430212653304,30.96362244897958,30.843750000000018,31.411276,30.26861107732976,UCAYALI,6,2024-06-01
34.0,37.228303200233064,35.70864583333333,34.32274999999997,37.281754,38.24447245011954,UCAYALI,7,2024-07-01
39.06,34.12193056884088,33.943346613545835,34.930749999999975,35.588425,36.04272838857817,UCAYALI,8,2024-08-01
37.06,35.61789437158013,35.446141732283465,35.39354999999998,35.828297,35.468118161588905,UCAYALI,9,2024-09-01
31.55,36.86692733997332,35.446141732283465,35.58379999999998,36.897995,41.744103291108566,UCAYALI,10,2024-10-01
30.55,32.78403495529896,33.943346613545835,33.98140000000001,32.79218,36.244317676762726,UCAYALI,11,2024-11-01
25.28,27.70249938821977,30.45740740740741,29.73210000000001,29.88952,30.10707007537911,UCAYALI,12,2024-12-01
27.51,26.93060818577982,28.606138613861408,26.7057,27.470942,19.91542907429127,UCAYALI,1,2025-01-01
31.24,29.253242352253203,28.606138613861408,28.91880000000001,30.592901,28.3523149580402,UCAYALI,2,2025-02-01
27.47,27.89913689313906,26.30923076923077,29.17654999999997,28.92574,27.696563835191345,UCAYALI,3,2025-03-01
28.87,28.44187331359993,28.606138613861408,28.224700000000013,29.028423,30.994480348002526,UCAYALI,4,2025-04-01
30.98,30.675582399108006,29.511394230769238,29.52640000000003,29.91248,32.67958075824435,UCAYALI,5,2025-05-01
35.81,30.988383094083336,30.96362244897958,31.83510000000001,31.188423,32.42076429566051,UCAYALI,6,2025-06-01
35.19,38.97502055501486,40.94352941176472,37.86535000000001,38.054184,36.54459266800627,UCAYALI,1,2024-01-01
35.48,38.05916645822283,25.53571428571429,36.81265000000002,38.670067,39.568797846595665,UCAYALI,2,2024-02-01
36.68,34.2610986075597,34.942941176470576,36.157300000000035,37.44341,37.14612879276364,UCAYALI,3,2024-03-01
33.39,37.407342705491324,34.942941176470576,36.40140000000003,38.196026,41.10623046537988,UCAYALI,4,2024-04-01
37.1,37.03934967649496,33.943346613545835,36.85055000000002,38.032387,38.18163508861284,UCAYALI,5,2024-05-01
41.4,37.846813158297024,37.52732673267327,37.926800000000036,38.564583,36.50436948259533,UCAYALI,6,2024-06-01
46.86,43.88581112472322,40.4123484848485,42.768650000000044,43.534702,49.50350874369605,UCAYALI,7,2024-07-01
50.54,45.39593058147835,47.97142857142857,45.05705000000003,46.451447,42.56475718485592,UCAYALI,8,2024-08-01
53.03,46.82098313745336,47.97142857142857,47.40709999999999,44.11422,42.63195788631601,UCAYALI,9,2024-09-01
49.84,51.25557839322158,51.171935483870975,49.53135000000001,47.12775,56.47077923072771,UCAYALI,10,2024-10-01
46.89,48.94232356785866,39.30756097560977,47.50824999999999,46.44983,51.79816089288316,UCAYALI,11,2024-11-01
37.07,42.70583570058102,41.90842592592594,39.93955000000003,36.91976,40.563959163632056,UCAYALI,12,2024-12-01
37.29,39.24877065283996,40.94352941176472,38.80219999999999,37.154194,36.07080245360775,UCAYALI,1,2025-01-01
44.41,40.00549594174588,39.78538461538461,39.268450000000016,40.341923,39.552420081011384,UCAYALI,2,2025-02-01
39.73,40.719994122930885,36.61818181818182,39.34175000000002,37.094566,44.18119149862817,UCAYALI,3,2025-03-01
41.21,40.84777364647694,43.721666666666664,41.31970000000002,41.713406,45.42809822392353,UCAYALI,4,2025-04-01
46.47,43.38692470988186,38.31363636363636,41.3344,43.160774,42.59353827355037,UCAYALI,5,2025-05-01
47.4,45.48362274572892,44.35875,45.20750000000002,43.67818,40.526652543274764,UCAYALI,6,2025-06-01
33.03,35.03717182765985,31.799252873563212,33.29720000000002,33.795208,28.608854246482753,UCAYALI,1,2024-01-01
44.93,36.18309279365117,31.799252873563212,37.13025000000001,36.98544,35.78197800003606,UCAYALI,2,2024-02-01
38.05,40.09360691803027,36.61818181818182,38.41625000000001,35.623676,41.89629666488265,UCAYALI,3,2024-03-01
36.93,38.85058624408103,39.78538461538461,37.720550000000046,40.554493,41.781549812385194,UCAYALI,4,2024-04-01
38.31,39.74309017400928,39.78538461538461,38.786700000000025,40.951607,39.9444007288262,UCAYALI,5,2024-05-01
43.29,38.64880785458937,40.15,36.98725000000002,36.754803,36.8246527380834,UCAYALI,6,2024-06-01
42.15,45.5291807542643,40.4123484848485,42.995150000000024,46.12333,48.94779409129209,UCAYALI,7,2024-07-01
53.9,42.99896515428079,45.3602857142857,43.975750000000026,46.373375,39.632887227253754,UCAYALI,8,2024-08-01
48.79,48.74572524604504,51.171935483870975,49.312249999999985,44.791943,43.44922208160264,UCAYALI,9,2024-09-01
49.28,48.68577310279187,47.97142857142857,48.67285000000002,47.645245,48.941306071735404,UCAYALI,10,2024-10-01
41.4,48.13159099921505,39.30756097560977,46.77605000000003,45.176743,50.38445329944468,UCAYALI,11,2024-11-01
35.72,39.06639813111704,44.53333333333333,35.822899999999976,31.887846,36.66132454614943,UCAYALI,12,2024-12-01
40.0,37.9981113915032,39.54423076923076,38.516650000000034,34.381798,31.12939469540421,UCAYALI,1,2025-01-01
40.48,41.963473414890615,53.17666666666667,42.95260000000003,42.637287,39.63378830535067,UCAYALI,2,2025-02-01
41.64,38.54793990623287,36.61818181818182,38.68610000000005,38.085033,42.666689701272595,UCAYALI,3,2025-03-01
51.98,41.881426350900284,45.3602857142857,42.53075000000004,42.359936,46.627422164327186,UCAYALI,4,2025-04-01
47.09,49.81314256134559,52.94833333333332,50.415350000000046,47.778015,52.600902812656926,UCAYALI,5,2025-05-01
56.6,46.72089739452983,46.88786324786325,47.53855000000002,43.429066,44.22019856415357,UCAYALI,6,2025-06-01
34.97,25.615970500495106,28.606138613861408,26.50495000000001,25.035841,25.932870564638772,UCAYALI,1,2024-01-01
23.66,32.72708540909453,34.942941176470576,32.75735,32.89597,30.465684017565913,UCAYALI,2,2024-02-01
22.42,24.01570910653603,28.815632183908047,27.590100000000007,25.009695,26.498994623451015,UCAYALI,3,2024-03-01
22.99,24.225537846305812,26.004687499999996,27.4084,24.823055,30.28396027524944,UCAYALI,4,2024-04-01
26.44,25.39784382599598,24.02314049586778,25.3453,24.17882,26.7046600907934,UCAYALI,5,2024-05-01
28.7,26.234171941350738,28.197034482758596,26.114399999999996,25.983032,26.82035148186775,UCAYALI,6,2024-06-01
29.53,31.082415647194626,29.511394230769238,28.08139999999997,29.048323,27.529133365792916,UCAYALI,7,2024-07-01
27.73,29.64571307961974,30.96362244897958,30.357999999999997,29.843777,28.04793371467676,UCAYALI,8,2024-08-01
37.15,27.108077495713157,28.197034482758596,27.52239999999998,26.602062,28.067034494666167,UCAYALI,9,2024-09-01
35.72,34.47722202008159,32.50506666666668,31.850800000000014,32.21793,30.74354883266343,UCAYALI,10,2024-10-01
37.17,33.21788037073578,34.31822857142859,32.508350000000014,32.81383,30.94896409105668,UCAYALI,11,2024-11-01
36.51,30.45536438020063,34.58139534883721,33.048249999999996,30.218714,28.176153473500037,UCAYALI,12,2024-12-01
26.77,33.51774752200542,31.53384615384616,32.99555000000001,29.974106,29.43460954164699,UCAYALI,1,2025-01-01
27.5,28.40115843179694,28.197034482758596,28.359650000000016,28.614697,31.121603558383104,UCAYALI,2,2025-02-01
24.87,24.73969881793518,27.089795918367347,27.11550000000002,27.771263,34.31975973038256,UCAYALI,3,2025-03-01
24.54,25.589988558442784,27.089795918367347,25.215299999999978,25.146631,33.64853877192099,UCAYALI,4,2025-04-01
35.88,26.944995461401525,26.875373134328353,25.009,24.915129,29.61364373845821,UCAYALI,5,2025-05-01
26.19,32.43016575088085,18.14,30.71434999999999,30.162443,35.027624817178996,UCAYALI,6,2025-06-01
9.48,5.594330805882514,7.58782608695652,7.640700000000005,2.1319788,1.763415937254251,ÁNCASH,1,2024-01-01
12.55,10.994298406683122,11.540107526881721,10.461050000000006,10.983256,11.643099914850712,ÁNCASH,2,2024-02-01
19.73,8.90630961939091,7.07,9.12704999999999,6.7549505,12.547068241629157,ÁNCASH,3,2024-03-01
22.79,16.08131307105772,7.61,15.85514999999998,14.049615,25.824229678250525,ÁNCASH,4,2024-04-01
16.84,20.468428865358064,28.160333333333334,18.866600000000005,13.854226,14.17978587682929,ÁNCASH,5,2024-05-01
28.19,16.958159539949442,16.501396648044697,15.532400000000012,15.045034,14.320120574072986,ÁNCASH,6,2024-06-01
34.58,25.478073547600264,29.26815789473683,26.14550000000002,23.861237,31.531208964975146,ÁNCASH,7,2024-07-01
23.15,28.580973006169685,27.628103448275866,33.597249999999995,26.288187,17.144239682433437,ÁNCASH,8,2024-08-01
15.15,21.724721203908565,23.117770897832802,23.324500000000025,18.60245,11.072924030799372,ÁNCASH,9,2024-09-01
19.73,18.208289004426646,16.501396648044697,18.957299999999996,20.83639,15.872537614067861,ÁNCASH,10,2024-10-01
20.47,19.167765193058727,20.2056156156156,20.146699999999992,14.680808,14.292528685358578,ÁNCASH,11,2024-11-01
15.42,15.856192623336183,7.91,16.394199999999984,14.457544,14.52886726571471,ÁNCASH,12,2024-12-01
3.23,14.24620779056766,15.240185185185183,17.61190000000002,10.451488,16.75062707484221,ÁNCASH,3,2025-03-01
2.62,9.383558589789253,5.777343749999999,9.622050000000005,7.1167707,15.868547287553755,ÁNCASH,4,2025-04-01
3.23,9.832649011290613,12.385780590717289,15.463300000000004,10.167326,9.109886147910563,ÁNCASH,5,2025-05-01
12.62,8.45421233549548,5.8211688311688325,12.579800000000004,7.485989,8.455284351880543,ÁNCASH,6,2025-06-01
24.6,16.77230412285927,15.66720279720279,19.31955000000002,15.568116,15.996056389899818,ÁNCASH,1,2024-01-01
19.2,24.74625301359259,23.38199095022626,22.792550000000006,23.86524,28.44559569367514,ÁNCASH,2,2024-02-01
20.16,18.37956917538954,21.50167701863354,21.5658,18.800688,22.16263962730066,ÁNCASH,3,2024-03-01
24.17,21.307999346905724,24.25,23.225449999999995,21.353611,22.742655306984222,ÁNCASH,4,2024-04-01
18.95,25.29547763012621,23.671782945736442,24.37495,24.041853,21.388285178168505,ÁNCASH,5,2024-05-01
27.82,23.84514522261005,24.25,23.34865,23.998892,22.397403245579333,ÁNCASH,7,2024-07-01
23.79,26.014134391022992,26.209496124031,27.01465000000001,23.39325,26.979914407150858,ÁNCASH,8,2024-08-01
57.08,23.284545733432637,23.117770897832802,25.312800000000006,17.957127,23.363896400332752,ÁNCASH,9,2024-09-01
22.18,44.81339413259657,53.55,45.09019999999999,34.39622,36.38514139749369,ÁNCASH,10,2024-10-01
24.17,25.410142365873167,23.117770897832802,24.218900000000012,21.686598,24.52385933532842,ÁNCASH,11,2024-11-01
13.71,21.759784123278124,20.660000000000004,24.040850000000024,20.594122,15.157269425540777,ÁNCASH,12,2024-12-01
25.4,17.331968317784366,15.66720279720279,19.40820000000002,15.798453,21.44140367925944,ÁNCASH,1,2025-01-01
29.46,25.582339210498684,23.38199095022626,25.124649999999992,27.528143,31.27623705962342,ÁNCASH,2,2025-02-01
23.39,24.843956038122663,50.63,25.844400000000014,19.738306,36.94979819505782,ÁNCASH,3,2025-03-01
20.83,24.479271739927547,23.117770897832802,24.513050000000018,23.038647,32.679301010828645,ÁNCASH,4,2025-04-01
13.71,24.398604525377912,21.4454794520548,28.822650000000003,21.92035,24.83119574106228,ÁNCASH,5,2025-05-01
25.0,18.161383025766625,15.66720279720279,18.71205000000002,15.4066925,18.756906477434637,ÁNCASH,6,2025-06-01
24.7,25.339832229003104,23.507153284671535,26.053499999999996,24.15219,26.33131389087315,ÁNCASH,1,2024-01-01
33.03,26.44475768526781,25.981125000000013,25.603200000000005,26.267006,30.033056409167244,ÁNCASH,2,2024-02-01
28.2,27.58460350734317,28.690999999999995,29.796350000000004,28.239382,31.140612996524332,ÁNCASH,3,2024-03-01
27.88,27.794918714430658,26.209496124031,27.241300000000006,26.938477,29.90262499095676,ÁNCASH,4,2024-04-01
29.94,28.970189014901703,26.209496124031,26.90975000000001,26.856445,29.890287464052793,ÁNCASH,5,2024-05-01
27.28,28.675284960031274,28.069677419354843,27.93060000000001,27.76563,31.188235109156302,ÁNCASH,6,2024-06-01
33.64,30.637153092329903,26.9204,28.143749999999976,28.321856,29.23708033293111,ÁNCASH,7,2024-07-01
32.1,32.143205073856734,34.31822857142859,31.3497,30.67464,34.87018383133526,ÁNCASH,8,2024-08-01
26.87,30.26781077144987,34.31822857142859,30.015800000000016,28.826382,33.045580221097886,ÁNCASH,9,2024-09-01
29.54,29.404203673124922,28.197034482758596,28.724200000000014,27.753344,30.908427123269966,ÁNCASH,10,2024-10-01
27.56,29.489412214142586,30.96362244897958,29.253000000000025,28.552517,31.14509177935901,ÁNCASH,11,2024-11-01
26.72,25.020113082676783,25.541249999999998,27.085950000000004,26.770357,24.72657131736916,ÁNCASH,12,2024-12-01
25.4,27.088387628028826,28.197034482758596,28.164100000000015,26.681988,28.348201443908277,ÁNCASH,1,2025-01-01
27.57,27.979100165976924,26.875373134328353,26.211850000000016,27.38272,31.064319128423453,ÁNCASH,2,2025-02-01
28.33,25.39736497070526,27.089795918367347,25.48615000000003,25.213072,30.29231659874926,ÁNCASH,3,2025-03-01
27.58,28.477996560579736,29.511394230769238,29.070450000000005,27.896746,31.886114452549496,ÁNCASH,4,2025-04-01
27.51,29.74793485270619,28.197034482758596,27.77279999999998,27.047792,31.463384234751533,ÁNCASH,5,2025-05-01
24.17,28.181095174621827,28.197034482758596,27.61965,27.111595,32.03763615221434,ÁNCASH,6,2025-06-01
33.23,33.040585242257706,31.799252873563212,32.54385000000002,31.612982,33.222517981892324,ÁNCASH,1,2024-01-01
35.03,34.09549255771471,31.799252873563212,33.54975000000003,34.906708,34.15855840489456,ÁNCASH,2,2024-02-01
32.73,31.565320009633027,34.942941176470576,32.70545000000005,33.265648,34.28513054294863,ÁNCASH,3,2024-03-01
31.73,33.00222222261033,31.799252873563212,33.07300000000003,33.67837,33.743013726547154,ÁNCASH,4,2024-04-01
30.01,33.89101199526475,33.943346613545835,31.991100000000024,31.556847,34.61331715089118,ÁNCASH,5,2024-05-01
30.74,31.26977543120586,31.799252873563212,31.093100000000007,31.115353,34.09791946628935,ÁNCASH,6,2024-06-01
35.64,34.78938843123791,33.943346613545835,32.964500000000015,32.112988,36.30183789524693,ÁNCASH,7,2024-07-01
33.78,35.51841903239792,34.942941176470576,34.68884999999998,34.557785,36.44140734478447,ÁNCASH,8,2024-08-01
34.56,33.506418133394604,33.943346613545835,33.34399999999998,33.133255,35.26000256002684,ÁNCASH,9,2024-09-01
32.6,35.86748714760449,34.942941176470576,34.28850000000001,33.987484,34.91044460362314,ÁNCASH,10,2024-10-01
31.7,33.48572526095777,31.799252873563212,32.53229999999998,32.380703,33.71058584702552,ÁNCASH,11,2024-11-01
29.79,29.13741842353885,31.799252873563212,32.237099999999984,30.95466,34.238757118649424,ÁNCASH,12,2024-12-01
32.04,30.54791107341784,31.799252873563212,32.64964999999999,29.445154,31.489351604915218,ÁNCASH,1,2025-01-01
33.21,33.10230859017347,35.60454545454546,31.68745,32.323353,35.10353419320045,ÁNCASH,2,2025-02-01
34.13,30.330245089609235,29.625692307692297,30.963400000000032,30.310759,34.13635497008602,ÁNCASH,3,2025-03-01
34.1,33.50332931556836,32.91813559322035,32.60075000000002,32.169445,35.70431069664563,ÁNCASH,4,2025-04-01
33.26,35.01205627420906,34.942941176470576,32.779750000000014,32.154015,34.341373326624854,ÁNCASH,5,2025-05-01
31.2,33.306480008289824,31.799252873563212,32.63170000000003,32.755413,35.25732086008188,ÁNCASH,6,2025-06-01
16.35,16.10716864384341,15.329062500000004,15.454600000000005,15.252819,16.15649120438402,ÁNCASH,1,2024-01-01
16.96,17.640422635842135,16.501396648044697,16.247850000000007,18.431532,18.069155187284327,ÁNCASH,2,2024-02-01
15.66,14.805916200581425,16.501396648044697,15.499149999999997,16.783854,23.239717165580597,ÁNCASH,3,2024-03-01
16.37,16.776142624313714,16.501396648044697,15.48695,17.869959,24.593054505924773,ÁNCASH,4,2024-04-01
17.27,18.52517563165442,16.501396648044697,16.277099999999997,18.253456,22.877077677192407,ÁNCASH,5,2024-05-01
21.1,18.107954355944166,18.1275,17.844949999999997,19.165037,20.822235133028094,ÁNCASH,6,2024-06-01
28.6,23.807702965035986,22.168795180722903,22.602849999999993,22.191965,25.18104866751387,ÁNCASH,7,2024-07-01
20.69,26.503368318787096,26.906666666666666,26.880499999999966,26.656298,23.769272608706583,ÁNCASH,8,2024-08-01
21.59,21.12466465786239,20.2056156156156,20.48265,21.470312,19.676904274283874,ÁNCASH,9,2024-09-01
24.55,23.30766339286753,23.117770897832802,22.194150000000008,22.768785,18.639648010253417,ÁNCASH,10,2024-10-01
21.59,23.949270580125265,23.117770897832802,22.129100000000008,22.942492,21.23342909315938,ÁNCASH,11,2024-11-01
18.08,19.076942711250503,17.840357142857137,19.38885000000001,20.550003,16.979860187283748,ÁNCASH,12,2024-12-01
33.6,19.60402382930817,19.61492248062016,18.16445000000002,19.112253,18.345825829802198,ÁNCASH,1,2025-01-01
27.35,29.98301437977975,25.306538461538455,27.2029,30.120108,32.8572043130048,ÁNCASH,2,2025-02-01
24.09,23.920691505105246,23.645666666666667,24.611449999999994,24.418566,32.18391641497336,ÁNCASH,3,2025-03-01
25.77,24.66086599130722,23.117770897832802,23.9174,24.767727,36.4825524172158,ÁNCASH,4,2025-04-01
20.41,26.94429755374658,25.187843551797034,24.691450000000017,25.280207,32.75074924006962,ÁNCASH,5,2025-05-01
22.23,22.753750859058513,20.476912751677855,23.711849999999984,23.289608,28.19444226843258,ÁNCASH,6,2025-06-01
14.21,20.795400256393584,20.476912751677855,22.391299999999983,20.349295,17.543205870488993,ÁNCASH,1,2024-01-01
18.23,18.54717464378487,15.66720279720279,18.28735,18.42235,20.85866558690803,ÁNCASH,2,2024-02-01
15.1,16.968285657129215,21.50167701863354,21.133849999999992,20.139238,20.05245290009792,ÁNCASH,3,2024-03-01
22.86,17.51698491315672,19.699283950617307,17.6567,18.080679,17.03528619719931,ÁNCASH,4,2024-04-01
19.31,23.42233908401178,23.38199095022626,22.80490000000002,22.40418,21.094100122178414,ÁNCASH,5,2024-05-01
20.96,20.28986449939486,20.2056156156156,20.548849999999995,20.544474,20.44409708533886,ÁNCASH,6,2024-06-01
42.32,24.696601124988284,22.168795180722903,23.786649999999973,23.199265,19.482421899180014,ÁNCASH,7,2024-07-01
16.22,34.64045054552516,35.70864583333333,34.23884999999999,34.17997,26.473287961557737,ÁNCASH,8,2024-08-01
15.48,20.079515479164357,19.699283950617307,20.036199999999987,20.823729,20.57089746193382,ÁNCASH,9,2024-09-01
14.56,19.700532732407133,18.216666666666665,24.04319999999999,20.941566,16.169758677971693,ÁNCASH,10,2024-10-01
20.55,17.556240946817347,19.699283950617307,17.042399999999994,17.901983,15.044569939516483,ÁNCASH,11,2024-11-01
16.84,17.160206590562463,18.98418604651162,18.861349999999995,19.046572,12.175771279106586,ÁNCASH,12,2024-12-01
17.88,17.70876390826816,18.216666666666665,20.03675,17.652912,14.324110431868782,ÁNCASH,1,2025-01-01
17.19,19.791757289713885,19.61492248062016,19.077600000000015,19.90065,21.330913636933257,ÁNCASH,2,2025-02-01
22.59,15.769079751167201,15.240185185185183,17.512199999999996,17.704344,22.265813828995753,ÁNCASH,3,2025-03-01
27.81,21.908843560165217,23.38199095022626,21.159100000000002,20.596302,22.872174327319275,ÁNCASH,4,2025-04-01
17.34,26.69235537220331,26.209496124031,24.01749999999997,24.1798,22.25926223501057,ÁNCASH,5,2025-05-01
28.04,19.818309618582813,18.216666666666665,19.569950000000006,19.300264,19.28757033138378,ÁNCASH,6,2025-06-01
18.22,21.257077760594697,20.476912751677855,22.1276,20.320263,14.967851481739542,ÁNCASH,1,2024-01-01
21.08,21.12913307500912,21.50167701863354,22.40889999999999,22.636024,20.786849646297636,ÁNCASH,2,2024-02-01
19.96,18.87319132959255,20.476912751677855,20.050249999999984,19.005068,20.62021636769798,ÁNCASH,3,2024-03-01
16.43,21.196779802021386,20.2056156156156,20.718650000000007,21.563587,22.399080808639606,ÁNCASH,4,2024-04-01
17.31,20.1267765172513,18.216666666666665,18.644700000000007,18.596088,20.68110082062437,ÁNCASH,5,2024-05-01
19.71,19.120691201608572,19.699283950617307,20.55415,18.996159,21.670956339051546,ÁNCASH,6,2024-06-01
24.2,23.626334333619976,22.168795180722903,21.032999999999987,21.342321,20.5043379026541,ÁNCASH,7,2024-07-01
24.38,24.371020164806573,23.38199095022626,21.58184999999999,22.60623,22.839416354220113,ÁNCASH,8,2024-08-01
21.16,23.40790495816342,23.117770897832802,22.966400000000004,21.404858,21.59006694584967,ÁNCASH,9,2024-09-01
20.57,23.602375566643946,20.2056156156156,21.308400000000002,21.04141,18.991746261880277,ÁNCASH,10,2024-10-01
19.26,21.97534568642339,20.2056156156156,20.869099999999992,21.003096,18.943215765169082,ÁNCASH,11,2024-11-01
20.73,17.47470593923152,18.98418604651162,17.796299999999995,18.226894,19.039366089401696,ÁNCASH,12,2024-12-01
21.85,20.799204534299474,20.2056156156156,19.69145,19.423943,14.091651060403388,ÁNCASH,1,2025-01-01
22.13,23.02232675079433,23.38199095022626,22.673949999999987,22.576199,22.411736890827164,ÁNCASH,2,2025-02-01
21.23,19.837250533787824,20.58934426229508,21.339599999999997,19.92045,22.461695880929728,ÁNCASH,3,2025-03-01
20.56,21.729448692632022,20.2056156156156,20.345950000000006,20.986767,26.289422339342853,ÁNCASH,4,2025-04-01
19.45,22.887549249914063,20.2056156156156,20.47319999999999,20.777187,22.87834280088916,ÁNCASH,5,2025-05-01
18.9,21.001232725997557,20.2056156156156,20.382649999999998,20.133492,22.748102805359107,ÁNCASH,6,2025-06-01
21.24,21.75002706952712,20.476912751677855,22.646949999999983,21.240217,21.030205169659297,ÁNCASH,1,2024-01-01
20.9,23.691342773460775,21.50167701863354,24.726249999999986,24.574932,24.93171827601766,ÁNCASH,2,2024-02-01
21.84,19.82729561417674,21.50167701863354,21.789549999999995,21.076868,26.935136048321734,ÁNCASH,3,2024-03-01
21.54,23.04331845949733,23.671782945736442,23.971150000000012,23.761673,27.158000239026922,ÁNCASH,4,2024-04-01
24.66,24.226463755992956,23.117770897832802,23.122499999999995,23.3675,25.676554379281722,ÁNCASH,5,2024-05-01
27.45,24.910641522173798,23.671782945736442,24.462850000000007,24.500854,23.093589983565305,ÁNCASH,6,2024-06-01
36.19,30.116323808667964,29.26815789473683,28.425649999999997,28.660229,29.42961342441559,ÁNCASH,7,2024-07-01
35.41,33.2730481633219,34.31822857142859,31.861150000000016,30.699915,28.777549165215603,ÁNCASH,8,2024-08-01
29.09,32.19927694818362,34.31822857142859,31.841000000000037,31.985826,28.71289741080223,ÁNCASH,9,2024-09-01
26.27,30.754402083655936,27.7918947368421,30.131250000000005,29.029163,28.698170362140463,ÁNCASH,10,2024-10-01
26.38,27.45918307763076,25.187843551797034,29.077299999999983,27.667814,25.36603826183403,ÁNCASH,11,2024-11-01
23.73,23.46659455283001,23.507153284671535,24.414949999999987,24.635977,17.642084246535628,ÁNCASH,12,2024-12-01
22.87,24.65580951024297,23.117770897832802,24.25090000000002,23.14987,22.924438605212682,ÁNCASH,1,2025-01-01
26.82,25.27902386648495,23.117770897832802,24.445250000000023,25.242535,25.99330826871442,ÁNCASH,2,2025-02-01
27.33,24.19627897011361,24.23083333333333,24.79980000000002,24.259571,32.02850553063295,ÁNCASH,3,2025-03-01
29.83,27.356696953633207,24.23083333333333,26.01340000000001,26.50899,34.078849592555315,ÁNCASH,4,2025-04-01
28.49,30.73418553079184,30.96362244897958,29.335400000000018,29.1427,33.64589784063332,ÁNCASH,5,2025-05-01
29.19,28.99248930760495,29.511394230769238,29.221200000000014,28.528332,28.528663362898993,ÁNCASH,6,2025-06-01
18.62,17.856960865340973,18.216666666666665,17.6405,18.421421,16.14379694577997,ÁNCASH,1,2024-01-01
19.68,19.671587039087072,19.61492248062016,19.023950000000003,20.118896,18.70852424889537,ÁNCASH,2,2024-02-01
17.86,16.90675574749861,20.2056156156156,18.49665,18.363308,19.891519096744663,ÁNCASH,3,2024-03-01
17.6,18.505497260801057,19.61492248062016,19.110250000000004,18.917963,19.229306588763652,ÁNCASH,4,2024-04-01
15.87,19.894656714962295,18.216666666666665,18.802249999999997,18.525713,17.205499664400918,ÁNCASH,5,2024-05-01
14.85,17.591276182334912,18.216666666666665,19.50035,18.634674,17.25772599842876,ÁNCASH,6,2024-06-01
17.26,20.065477803326797,19.699283950617307,18.543999999999997,18.546207,12.972726562896087,ÁNCASH,7,2024-07-01
16.12,18.99639002930885,18.216666666666665,17.8609,17.47722,16.54645331356454,ÁNCASH,8,2024-08-01
14.27,17.243490965254637,18.216666666666665,17.115850000000005,17.397818,17.48150993836515,ÁNCASH,9,2024-09-01
16.21,18.159204300630122,15.66720279720279,16.463799999999996,17.295841,15.970676807212195,ÁNCASH,10,2024-10-01
15.08,17.655299047332942,15.99648148148148,16.551849999999995,15.873342,17.93548848615931,ÁNCASH,11,2024-11-01
15.72,13.34042717857489,15.99648148148148,16.15865,16.103008,16.449469693490972,ÁNCASH,12,2024-12-01
18.51,16.41206793801438,15.99648148148148,17.75325000000001,16.09247,13.770580757431658,ÁNCASH,1,2025-01-01
18.22,19.422311673901234,19.61492248062016,19.288300000000028,17.570976,18.33998423608025,ÁNCASH,2,2025-02-01
17.11,15.920980865471812,19.61492248062016,17.54565,16.784605,20.296601392415614,ÁNCASH,3,2025-03-01
18.43,17.82178379977168,18.1275,17.297199999999997,17.10618,19.591576973327793,ÁNCASH,4,2025-04-01
19.55,19.93610067397353,19.61492248062016,18.78605000000001,18.063604,14.871260255589585,ÁNCASH,5,2025-05-01
19.88,19.32748828511007,20.2056156156156,18.990250000000007,17.702175,15.110802136279458,ÁNCASH,6,2025-06-01
