MES,MES_SIN,MES_COS,TRIMESTRE,ES_FIESTAS_PATRIAS,ES_SEMANA_SANTA,ES_FIN_DE_ANIO,ES_TEMPORADA_SECA,ES_COVID,ES_POST_COVID,T,ANIO,TNOH_LAG1,TNOH_LAG3,TNOH_LAG12,TNOH_MM3,TNOH_MM12,DELTA_YOY,NUMERO_ESTABLECIMIENTOS,NUMERO_HABITACIONES,HAB_POR_ESTAB,PLAZAS_POR_HAB,LOG_ESTAB,LOG_HAB,N_ESTRELLAS,DEP_PCT_EXT_HIST,DEP_TNOH_HIST,DEP_ESTACIONALIDAD,DEPARTAMENTO_AMAZONAS,DEPARTAMENTO_APURÍMAC,DEPARTAMENTO_AREQUIPA,DEPARTAMENTO_AYACUCHO,DEPARTAMENTO_CAJAMARCA,DEPARTAMENTO_CALLAO,DEPARTAMENTO_CUSCO,DEPARTAMENTO_HUANCAVELICA,DEPARTAMENTO_HUÁNUCO,DEPARTAMENTO_ICA,DEPARTAMENTO_JUNÍN,DEPARTAMENTO_LA LIBERTAD,DEPARTAMENTO_LAMBAYEQUE,DEPARTAMENTO_LIMA,DEPARTAMENTO_LORETO,DEPARTAMENTO_MADRE DE DIOS,DEPARTAMENTO_MOQUEGUA,DEPARTAMENTO_PASCO,DEPARTAMENTO_PIURA,DEPARTAMENTO_PUNO,DEPARTAMENTO_SAN MARTÍN,DEPARTAMENTO_TACNA,DEPARTAMENTO_TUMBES,DEPARTAMENTO_UCAYALI,DEPARTAMENTO_ÁNCASH,CLASE_ALBERGUE,CLASE_APART HOTEL,CLASE_ECOLODGE,CLASE_HOSTAL,CLASE_HOTEL,CLASE_NO CLASIFICADO,CLASE_RESORT,CATEGORIA_1 ESTRELLA,CATEGORIA_2 ESTRELLAS,CATEGORIA_3 ESTRELLAS,CATEGORIA_4 ESTRELLAS,CATEGORIA_5 ESTRELLAS,CATEGORIA_ALBERGUE,CATEGORIA_ECOLODGE,CATEGORIA_NO CATEGORIZADO
8,-0.8660254037844384,-0.5000000000000004,3,0,0,0,1,0,1,116,2024,12.78,11.51,13.09,12.236666666666652,13.8525,-0.3100000000000005,2.0,53.0,26.5,1.9056603773584904,1.0986122886681098,3.9889840465642745,1,21.020176709632445,34.21156903765691,2.7573282927360605,False,False,False,False,False,False,False,False,False,False,False,False,False,False,False,True,False,False,False,False,False,False,False,False,False,False,False,False,True,False,False,False,True,False,False,False,False,False,False,False
6,1.2246467991473532e-16,-1.0,2,0,0,0,1,0,1,114,2024,39.73,25.88,26.34,35.34,31.544166666666666,13.389999999999995,3.0,136.0,45.333333333333336,1.4926470588235294,1.3862943611198906,4.919980925828125,4,27.81733752340581,29.54483928571429,2.365292158846613,False,False,False,False,False,False,False,False,False,False,False,False,False,False,True,False,False,False,False,False,False,False,False,False,False,False,False,False,False,True,False,False,False,False,False,True,False,False,False,False
1,0.4999999999999999,0.8660254037844387,1,0,0,1,0,0,1,121,2025,26.15,67.03,37.06,46.74333333333332,51.13916666666666,-10.910000000000004,1.0,123.0,123.0,1.8780487804878048,0.6931471805599453,4.820281565605037,5,29.327002661953944,28.340468227424747,4.51235363631976,False,False,False,False,False,False,False,False,False,False,False,False,False,False,False,False,False,False,False,True,False,False,False,False,False,False,False,False,False,True,False,False,False,False,False,False,True,False,False,False
4,0.8660254037844387,-0.4999999999999998,2,0,1,0,0,0,1,112,2024,17.26,17.55,15.31,18.04,16.8475,1.950000000000001,71.0,1965.0,27.676056338028168,1.5374045801526717,4.276666119016055,7.583756300707112,2,2.854456235021364,27.928541666666668,1.7036471833624431,False,False,False,False,False,False,False,False,False,False,False,False,True,False,False,False,False,False,False,False,False,False,False,False,False,False,False,False,False,True,False,False,False,True,False,False,False,False,False,False
3,1.0,6.123233995736766e-17,1,0,1,0,0,0,1,111,2024,23.91,9.26,6.87,13.580000000000004,15.500833333333333,17.04,1.0,23.0,23.0,2.217391304347826,0.6931471805599453,3.1780538303479458,0,19.321181236521397,33.32766268260292,5.478599823636219,False,False,True,False,False,False,False,False,False,False,False,False,False,False,False,False,False,False,False,False,False,False,False,False,False,False,False,True,False,False,False,False,False,False,False,False,False,False,True,False
1,0.4999999999999999,0.8660254037844387,1,0,0,1,0,0,1,109,2024,11.57,16.42,8.87,14.15,12.319166666666668,2.700000000000001,18.0,242.0,13.444444444444445,1.7107438016528926,2.9444389791664403,5.493061443340548,1,5.402510157617734,24.56132467532468,2.2892610520048358,False,False,False,False,False,False,False,False,False,False,False,False,False,False,False,False,True,False,False,False,False,False,False,False,False,False,False,False,True,False,False,False,True,False,False,False,False,False,False,False
3,1.0,6.123233995736766e-17,1,0,1,0,0,0,1,111,2024,31.95,30.7,27.45,30.86333333333333,29.77083333333333,4.5,127.0,2024.0,15.937007874015748,1.7890316205533596,4.852030263919617,7.613324979540639,2,19.321181236521397,33.32766268260292,5.478599823636219,False,False,True,False,False,False,False,False,False,False,False,False,False,False,False,False,False,False,False,False,False,False,False,False,False,False,False,False,True,False,False,False,False,True,False,False,False,False,False,False
6,1.2246467991473532e-16,-1.0,2,0,0,0,1,0,1,114,2024,32.93,29.5,31.09,33.01,33.255833333333335,1.84,7.0,143.0,20.428571428571427,1.5454545454545454,2.079441541679836,4.969813299576001,2,1.3685833363643862,31.14656771799629,2.1493813620399,False,True,False,False,False,False,False,False,False,False,False,False,False,False,False,False,False,False,False,False,False,False,False,False,False,False,False,False,True,False,False,False,False,True,False,False,False,False,False,False
4,0.8660254037844387,-0.4999999999999998,2,0,1,0,0,0,1,124,2025,13.1,14.51,13.0,14.333333333333334,11.840000000000002,0.0999999999999996,813.0,6876.0,8.457564575645756,1.5485747527632343,6.70196036600254,8.835937789319836,0,27.81733752340581,29.54483928571429,2.365292158846613,False,False,False,False,False,False,False,False,False,False,False,False,False,False,True,False,False,False,False,False,False,False,False,False,False,False,False,False,False,False,True,False,False,False,False,False,False,False,False,True
1,0.4999999999999999,0.8660254037844387,1,0,0,1,0,0,1,109,2024,43.73,57.29,16.76,52.21333333333333,43.2775,26.969999999999995,3.0,241.0,80.33333333333333,1.4149377593360997,1.3862943611198906,5.488937726156687,5,19.321181236521397,33.32766268260292,5.478599823636219,False,False,True,False,False,False,False,False,False,False,False,False,False,False,False,False,False,False,False,False,False,False,False,False,False,False,False,False,False,True,False,False,False,False,False,False,True,False,False,False
5,0.4999999999999999,-0.8660254037844387,2,0,0,0,1,0,1,113,2024,14.24,11.53,18.86,13.380000000000004,17.38,-4.619999999999999,1.0,44.0,44.0,1.8636363636363635,0.6931471805599453,3.80666248977032,2,0.5784654563408463,29.6538961038961,2.6469618055221846,False,False,False,False,False,False,False,True,False,False,False,False,False,False,False,False,False,False,False,False,False,False,False,False,False,False,False,False,True,False,False,False,False,True,False,False,False,False,False,False
12,-2.4492935982947064e-16,1.0,4,0,0,1,0,0,1,120,2024,27.98,23.73,25.7,25.16333333333333,24.291666666666668,2.280000000000001,12.0,170.0,14.166666666666666,1.7294117647058824,2.5649493574615367,5.14166355650266,1,0.5433715367037989,19.593496503496503,2.1089584460983564,False,False,False,False,False,False,False,False,False,False,True,False,False,False,False,False,False,False,False,False,False,False,False,False,False,False,False,False,True,False,False,False,True,False,False,False,False,False,False,False
8,-0.8660254037844384,-0.5000000000000004,3,0,0,0,1,0,1,116,2024,33.83,20.66,28.59,26.480000000000004,28.801666666666662,5.239999999999998,25.0,357.0,14.28,1.7955182072829132,3.258096538021482,5.8805329864007,1,3.798440627248956,29.71165505226481,2.022222823693005,False,False,False,False,False,False,False,False,False,False,False,True,False,False,False,False,False,False,False,False,False,False,False,False,False,False,False,False,True,False,False,False,True,False,False,False,False,False,False,False
6,1.2246467991473532e-16,-1.0,2,0,0,0,1,0,1,114,2024,54.24,44.11,40.59,49.15333333333333,44.78916666666666,13.65,44.0,4337.0,98.5681818181818,1.809545768964722,3.80666248977032,8.37516869138682,4,12.272936264143388,41.06024154589373,2.695363094798593,False,False,False,False,False,False,False,False,False,False,False,False,False,True,False,False,False,False,False,False,False,False,False,False,False,False,False,False,False,True,False,False,False,False,False,True,False,False,False,False
6,1.2246467991473532e-16,-1.0,2,0,0,0,1,0,1,126,2025,30.78,25.94,27.08,28.26,30.201666666666668,3.700000000000003,1.0,24.0,24.0,1.7916666666666667,0.6931471805599453,3.218875824868201,3,1.3685833363643862,31.14656771799629,2.1493813620399,False,True,False,False,False,False,False,False,False,False,False,False,False,False,False,False,False,False,False,False,False,False,False,False,False,False,False,False,True,False,False,False,False,False,True,False,False,False,False,False
3,1.0,6.123233995736766e-17,1,0,1,0,0,0,1,123,2025,35.39,34.77,19.34,35.84,28.02916666666667,16.05,18.0,245.0,13.61111111111111,1.4816326530612245,2.9444389791664403,5.5053315359323625,1,5.432849023145278,26.621532258064512,2.192986415167364,True,False,False,False,False,False,False,False,False,False,False,False,False,False,False,False,False,False,False,False,False,False,False,False,False,False,False,False,True,False,False,False,True,False,False,False,False,False,False,False
1,0.4999999999999999,0.8660254037844387,1,0,0,1,0,0,1,109,2024,35.08,27.35,33.34,30.75333333333333,31.451666666666664,1.7399999999999949,28.0,799.0,28.535714285714285,1.9899874843554444,3.367295829986474,6.684611727667927,2,37.44257214866774,25.989519650655023,4.493038522043984,False,False,False,False,False,False,False,False,False,False,False,False,False,False,False,False,False,False,False,False,False,True,False,False,False,False,False,False,False,True,False,False,False,True,False,False,False,False,False,False
3,1.0,6.123233995736766e-17,1,0,1,0,0,0,1,123,2025,15.91,19.12,21.47,19.963333333333328,24.225,-5.559999999999999,18.0,321.0,17.833333333333332,1.937694704049844,2.9444389791664403,5.7745515455444085,3,62.68017543516754,37.42273333333333,6.634708430578383,False,False,False,False,False,False,True,False,False,False,False,False,False,False,False,False,False,False,False,False,False,False,False,False,False,False,False,False,True,False,False,False,False,False,True,False,False,False,False,False
11,-0.5000000000000004,0.8660254037844384,4,0,0,0,0,0,1,119,2024,10.29,8.6,40.09,9.086666666666666,25.535,-29.800000000000004,6.0,162.0,27.0,1.9444444444444444,1.9459101490553128,5.093750200806762,3,5.402510157617734,24.56132467532468,2.2892610520048358,False,False,False,False,False,False,False,False,False,False,False,False,False,False,False,False,True,False,False,False,False,False,False,False,False,False,False,False,True,False,False,False,False,False,True,False,False,False,False,False
1,0.4999999999999999,0.8660254037844387,1,0,0,1,0,0,1,121,2025,42.03,60.86,59.84,57.703333333333326,63.14333333333334,-17.810000000000002,1.0,71.0,71.0,1.5492957746478873,0.6931471805599453,4.276666119016055,5,27.81733752340581,29.54483928571429,2.365292158846613,False,False,False,False,False,False,False,False,False,False,False,False,False,False,True,False,False,False,False,False,False,False,False,False,False,False,False,False,False,True,False,False,False,False,False,False,True,False,False,False
5,0.4999999999999999,-0.8660254037844387,2,0,0,0,1,0,1,125,2025,17.78,16.75,15.69,18.356666666666666,17.96833333333333,2.0900000000000016,8.0,257.0,32.125,1.7198443579766538,2.19722457733622,5.552959584921617,3,1.8927983246544748,27.19991397849462,1.6267007699304217,False,False,False,True,False,False,False,False,False,False,False,False,False,False,False,False,False,False,False,False,False,False,False,False,False,False,False,False,False,True,False,False,False,False,True,False,False,False,False,False
3,1.0,6.123233995736766e-17,1,0,1,0,0,0,1,111,2024,28.15,30.55,35.36,31.386666666666677,29.514166666666668,-7.210000000000001,26.0,371.0,14.26923076923077,1.7466307277628033,3.295836866004329,5.918893854273146,1,3.798440627248956,29.71165505226481,2.022222823693005,False,False,False,False,False,False,False,False,False,False,False,True,False,False,False,False,False,False,False,False,False,False,False,False,False,False,False,False,True,False,False,False,True,False,False,False,False,False,False,False
9,-1.0,-1.8369701987210294e-16,3,0,0,0,1,0,1,117,2024,18.34,11.92,8.08,19.81,14.280833333333334,10.26,4.0,118.0,29.5,1.6355932203389831,1.6094379124341005,4.77912349311153,1,62.68017543516754,37.42273333333333,6.634708430578383,False,False,False,False,False,False,True,False,False,False,False,False,False,False,False,False,False,False,False,False,False,False,False,False,False,False,False,False,False,True,False,False,True,False,False,False,False,False,False,False
3,1.0,6.123233995736766e-17,1,0,1,0,0,0,1,111,2024,66.25,49.44,43.58,57.03,46.9675,22.67,4.0,439.0,109.75,2.466970387243736,1.6094379124341005,6.0867747269123065,5,16.521531105359642,31.1375,3.6676474044642338,False,False,False,False,False,False,False,False,False,True,False,False,False,False,False,False,False,False,False,False,False,False,False,False,False,False,False,False,False,True,False,False,False,False,False,False,True,False,False,False
5,0.4999999999999999,-0.8660254037844387,2,0,0,0,1,0,1,113,2024,67.64,33.78,35.0,53.24666666666667,46.185833333333335,32.64,15.0,1283.0,85.53333333333333,1.9633671083398283,2.772588722239781,7.157735484249907,5,62.68017543516754,37.42273333333333,6.634708430578383,False,False,False,False,False,False,True,False,False,False,False,False,False,False,False,False,False,False,False,False,False,False,False,False,False,False,False,False,False,True,False,False,False,False,False,False,True,False,False,False
3,1.0,6.123233995736766e-17,1,0,1,0,0,0,1,123,2025,25.09,21.56,21.57,23.736666666666665,21.8475,3.52,59.0,913.0,15.47457627118644,1.5695509309967142,4.0943445622221,6.81783057145415,2,5.432849023145278,26.621532258064512,2.192986415167364,True,False,False,False,False,False,False,False,False,False,False,False,False,False,False,False,False,False,False,False,False,False,False,False,False,False,False,False,True,False,False,False,False,True,False,False,False,False,False,False
7,-0.4999999999999997,-0.8660254037844388,3,1,0,0,1,0,1,115,2024,22.83,28.08,28.06,24.146666666666665,21.771666666666665,-5.23,1.0,40.0,40.0,1.675,0.6931471805599453,3.713572066704308,2,10.410997619296747,51.28445820433436,1.14504020159289,False,False,False,False,False,True,False,False,False,False,False,False,False,False,False,False,False,False,False,False,False,False,False,False,False,False,False,False,False,True,False,False,False,True,False,False,False,False,False,False
6,1.2246467991473532e-16,-1.0,2,0,0,0,1,0,1,114,2024,20.93,20.32,20.22,20.843333333333334,21.5725,0.7100000000000009,842.0,7435.0,8.830166270783849,1.6819098856758574,6.736966958001855,8.914088348841334,0,29.327002661953944,28.340468227424747,4.51235363631976,False,False,False,False,False,False,False,False,False,False,False,False,False,False,False,False,False,False,False,True,False,False,False,False,False,False,False,False,False,False,True,False,False,False,False,False,False,False,False,True
10,-0.8660254037844386,0.5000000000000001,4,0,0,0,0,0,1,118,2024,22.29,26.81,21.91,25.03333333333333,20.889166666666664,0.379999999999999,1518.0,15289.0,10.071805006587615,1.6278370069984958,7.325807502595773,9.634954298923107,0,0.5433715367037989,19.593496503496503,2.1089584460983564,False,False,False,False,False,False,False,False,False,False,True,False,False,False,False,False,False,False,False,False,False,False,False,False,False,False,False,False,False,False,True,False,False,False,False,False,False,False,False,True
6,1.2246467991473532e-16,-1.0,2,0,0,0,1,0,1,126,2025,15.13,15.54,29.67,15.616666666666664,22.454166666666666,-14.54,9.0,287.0,31.88888888888889,1.6933797909407666,2.302585092994046,5.662960480135946,1,19.321181236521397,33.32766268260292,5.478599823636219,False,False,True,False,False,False,False,False,False,False,False,False,False,False,False,False,False,False,False,False,False,False,False,False,False,False,False,False,False,True,False,False,True,False,False,False,False,False,False,False
4,0.8660254037844387,-0.4999999999999998,2,0,1,0,0,0,1,124,2025,41.64,40.0,36.93,40.70666666666668,42.6575,4.710000000000001,2.0,162.0,81.0,1.839506172839506,1.0986122886681098,5.093750200806762,5,3.1163155637869844,25.446506849315064,2.056356448131027,False,False,False,False,False,False,False,False,False,False,False,False,False,False,False,False,False,False,False,False,False,False,False,True,False,False,False,False,False,True,False,False,False,False,False,False,True,False,False,False
2,0.8660254037844386,0.5000000000000001,1,0,0,0,0,0,1,110,2024,12.73,9.57,13.95,11.339999999999998,12.0725,-1.2199999999999989,737.0,6505.0,8.826322930800544,1.6004611837048424,6.6039438246004725,8.780480107033297,0,2.2470269208737568,20.909291666666665,2.376276214128597,False,False,False,False,True,False,False,False,False,False,False,False,False,False,False,False,False,False,False,False,False,False,False,False,False,False,False,False,False,False,True,False,False,False,False,False,False,False,False,True
2,0.8660254037844386,0.5000000000000001,1,0,0,0,0,0,1,110,2024,35.46,26.9,36.4,30.97,30.201666666666664,-0.9399999999999976,26.0,371.0,14.26923076923077,1.7466307277628033,3.295836866004329,5.918893854273146,1,3.798440627248956,29.71165505226481,2.022222823693005,False,False,False,False,False,False,False,False,False,False,False,True,False,False,False,False,False,False,False,False,False,False,False,False,False,False,False,False,True,False,False,False,True,False,False,False,False,False,False,False
7,-0.4999999999999997,-0.8660254037844388,3,1,0,0,1,0,1,115,2024,17.34,7.94,38.63,11.943333333333328,24.3625,-21.290000000000003,6.0,144.0,24.0,1.8333333333333333,1.9459101490553128,4.976733742420574,3,0.6441224885664825,21.0460510805501,3.1524834348578508,False,False,False,False,False,False,False,False,False,False,False,False,False,False,False,False,False,True,False,False,False,False,False,False,False,False,False,False,False,True,False,False,False,False,True,False,False,False,False,False
9,-1.0,-1.8369701987210294e-16,3,0,0,0,1,0,1,117,2024,39.17,38.34,29.12,39.25333333333334,35.02916666666667,10.05,119.0,2931.0,24.630252100840337,1.825656772432617,4.787491742782046,7.983440063006542,2,12.272936264143388,41.06024154589373,2.695363094798593,False,False,False,False,False,False,False,False,False,False,False,False,False,True,False,False,False,False,False,False,False,False,False,False,False,False,False,False,True,False,False,False,False,True,False,False,False,False,False,False
5,0.4999999999999999,-0.8660254037844387,2,0,0,0,1,0,1,125,2025,13.33,15.39,12.67,13.940000000000005,11.8675,0.6600000000000001,813.0,6876.0,8.457564575645756,1.5485747527632343,6.70196036600254,8.835937789319836,0,27.81733752340581,29.54483928571429,2.365292158846613,False,False,False,False,False,False,False,False,False,False,False,False,False,False,True,False,False,False,False,False,False,False,False,False,False,False,False,False,False,False,True,False,False,False,False,False,False,False,False,True
11,-0.5000000000000004,0.8660254037844384,4,0,0,0,0,0,1,119,2024,12.11,11.78,9.57,12.323333333333332,13.823333333333336,2.539999999999999,733.0,6335.0,8.642564802182811,1.5976322020520917,6.598509028614515,8.754002933494261,0,2.2470269208737568,20.909291666666665,2.376276214128597,False,False,False,False,True,False,False,False,False,False,False,False,False,False,False,False,False,False,False,False,False,False,False,False,False,False,False,False,False,False,True,False,False,False,False,False,False,False,False,True
8,-0.8660254037844384,-0.5000000000000004,3,0,0,0,1,0,1,116,2024,50.54,51.67,60.97,47.01333333333334,45.5425,-10.43,1.0,60.0,60.0,1.6833333333333331,0.6931471805599453,4.110873864173311,4,0.6523540595228975,31.13929787234043,2.292383678314417,False,False,False,False,False,False,False,False,True,False,False,False,False,False,False,False,False,False,False,False,False,False,False,False,False,False,False,False,False,True,False,False,False,False,False,True,False,False,False,False
11,-0.5000000000000004,0.8660254037844384,4,0,0,0,0,0,1,119,2024,21.79,22.54,20.15,21.95333333333333,21.90333333333333,1.6400000000000006,7144.0,55557.0,7.776735722284434,1.715859387655921,8.874168090363968,10.925182799100138,0,12.272936264143388,41.06024154589373,2.695363094798593,False,False,False,False,False,False,False,False,False,False,False,False,False,True,False,False,False,False,False,False,False,False,False,False,False,False,False,False,False,False,True,False,False,False,False,False,False,False,False,True
2,0.8660254037844386,0.5000000000000001,1,0,0,0,0,0,1,122,2025,8.15,10.37,17.06,9.966666666666669,9.418333333333331,-8.909999999999998,3.0,36.0,12.0,1.4444444444444444,1.3862943611198906,3.610917912644224,3,16.521531105359642,31.1375,3.6676474044642338,False,False,False,False,False,False,False,False,False,True,False,False,False,False,False,False,False,False,False,False,False,False,False,False,False,False,True,False,False,False,False,False,False,False,True,False,False,False,False,False
2,0.8660254037844386,0.5000000000000001,1,0,0,0,0,0,1,110,2024,37.55,26.4,43.93,33.123333333333335,41.560833333333335,-6.380000000000003,1.0,50.0,50.0,2.16,0.6931471805599453,3.9318256327243257,5,1.7621116901403215,33.30862646566164,4.388568475722211,False,False,False,False,False,False,False,False,False,False,False,False,False,False,False,False,False,False,False,False,True,False,False,False,False,False,False,False,False,True,False,False,False,False,False,False,True,False,False,False
2,0.8660254037844386,0.5000000000000001,1,0,0,0,0,0,1,122,2025,23.43,9.3,12.67,15.173333333333332,14.957499999999998,10.76,9.0,266.0,29.55555555555556,1.8533834586466165,2.302585092994046,5.58724865840025,1,16.521531105359642,31.1375,3.6676474044642338,False,False,False,False,False,False,False,False,False,True,False,False,False,False,False,False,False,False,False,False,False,False,False,False,False,False,False,False,False,True,False,False,True,False,False,False,False,False,False,False
4,0.8660254037844387,-0.4999999999999998,2,0,1,0,0,0,1,124,2025,28.37,16.87,33.14,21.03333333333333,33.28,-4.77,3.0,39.0,13.0,1.9743589743589745,1.3862943611198906,3.688879454113936,3,1.8927983246544748,27.19991397849462,1.6267007699304217,False,False,False,True,False,False,False,False,False,False,False,False,False,False,False,False,False,False,False,False,False,False,False,False,False,False,False,False,True,False,False,False,False,False,True,False,False,False,False,False
2,0.8660254037844386,0.5000000000000001,1,0,0,0,0,0,1,110,2024,22.99,21.32,52.98,31.590000000000003,34.76916666666667,-29.99,5.0,47.0,9.4,3.765957446808511,1.791759469228055,3.871201010907891,0,16.521531105359642,31.1375,3.6676474044642338,False,False,False,False,False,False,False,False,False,True,False,False,False,False,False,False,False,False,False,False,False,False,False,False,False,True,False,False,False,False,False,False,False,False,False,False,False,True,False,False
1,0.4999999999999999,0.8660254037844387,1,0,0,1,0,0,1,121,2025,2.28,0.46,22.77,1.6299999999999977,5.4625,-20.49,4.0,65.0,16.25,2.1846153846153844,1.6094379124341005,4.189654742026425,3,18.84827656325013,35.62061946902655,4.572019679171958,False,False,False,False,False,False,False,False,False,False,False,False,False,False,False,False,False,False,False,False,False,False,True,False,False,False,False,False,True,False,False,False,False,False,True,False,False,False,False,False
2,0.8660254037844386,0.5000000000000001,1,0,0,0,0,0,1,110,2024,15.52,17.8,17.39,16.756666666666664,16.743333333333332,-1.870000000000001,455.0,4519.0,9.931868131868132,1.4593936711661872,6.1224928095143865,8.416267272826277,0,2.854456235021364,27.928541666666668,1.7036471833624431,False,False,False,False,False,False,False,False,False,False,False,False,True,False,False,False,False,False,False,False,False,False,False,False,False,False,False,False,False,False,True,False,False,False,False,False,False,False,False,True
11,-0.5000000000000004,0.8660254037844384,4,0,0,0,0,0,1,119,2024,21.61,26.0,22.69,23.3,20.864166666666662,-1.0800000000000018,1514.0,15329.0,10.124834874504623,1.6318742253245482,7.323170717943469,9.63756697186586,0,0.5433715367037989,19.593496503496503,2.1089584460983564,False,False,False,False,False,False,False,False,False,False,True,False,False,False,False,False,False,False,False,False,False,False,False,False,False,False,False,False,False,False,True,False,False,False,False,False,False,False,False,True
4,0.8660254037844387,-0.4999999999999998,2,0,1,0,0,0,1,112,2024,15.1,14.21,25.94,15.846666666666666,22.0475,-10.840000000000002,13.0,380.0,29.23076923076923,1.5394736842105263,2.6390573296152584,5.942799375126701,1,4.599598019455207,21.478070500927643,1.4848958608542095,False,False,False,False,False,False,False,False,False,False,False,False,False,False,False,False,False,False,False,False,False,False,False,False,True,False,False,False,False,True,False,False,True,False,False,False,False,False,False,False
2,0.8660254037844386,0.5000000000000001,1,0,0,0,0,0,1,110,2024,63.44,65.0,69.64,59.390000000000015,61.63833333333334,-6.200000000000003,1.0,24.0,24.0,2.0,0.6931471805599453,3.218875824868201,4,1.7621116901403215,33.30862646566164,4.388568475722211,False,False,False,False,False,False,False,False,False,False,False,False,False,False,False,False,False,False,False,False,True,False,False,False,False,False,True,False,False,False,False,False,False,False,False,True,False,False,False,False
5,0.4999999999999999,-0.8660254037844387,2,0,0,0,1,0,1,113,2024,47.89,67.86,62.96,61.23666666666666,65.15166666666667,-15.07,1.0,60.0,60.0,1.4833333333333334,0.6931471805599453,4.110873864173311,5,27.81733752340581,29.54483928571429,2.365292158846613,False,False,False,False,False,False,False,False,False,False,False,False,False,False,True,False,False,False,False,False,False,False,False,False,False,False,False,False,False,True,False,False,False,False,False,False,True,False,False,False
4,0.8660254037844387,-0.4999999999999998,2,0,1,0,0,0,1,124,2025,36.42,43.41,37.95,42.38333333333333,40.03333333333334,-1.5300000000000011,2.0,24.0,12.0,1.625,1.0986122886681098,3.218875824868201,4,27.81733752340581,29.54483928571429,2.365292158846613,False,False,False,False,False,False,False,False,False,False,False,False,False,False,True,False,False,False,False,False,False,False,False,False,False,False,True,False,False,False,False,False,False,False,False,True,False,False,False,False
5,0.4999999999999999,-0.8660254037844387,2,0,0,0,1,0,1,113,2024,45.97,52.72,19.27,47.43666666666667,31.995,26.7,2.0,67.0,33.5,1.4776119402985075,1.0986122886681098,4.219507705176107,1,1.3685833363643862,31.14656771799629,2.1493813620399,False,True,False,False,False,False,False,False,False,False,False,False,False,False,False,False,False,False,False,False,False,False,False,False,False,False,False,False,False,True,False,False,True,False,False,False,False,False,False,False
5,0.4999999999999999,-0.8660254037844387,2,0,0,0,1,0,1,113,2024,25.93,29.75,26.89,27.343333333333323,29.751666666666665,-0.9600000000000009,22.0,312.0,14.181818181818182,1.5673076923076923,3.1354942159291497,5.746203190540153,2,1.7621116901403215,33.30862646566164,4.388568475722211,False,False,False,False,False,False,False,False,False,False,False,False,False,False,False,False,False,False,False,False,True,False,False,False,False,False,False,False,True,False,False,False,False,True,False,False,False,False,False,False
1,0.4999999999999999,0.8660254037844387,1,0,0,1,0,0,1,121,2025,2.58,9.03,9.33,6.87,7.8775,-6.75,1.0,22.0,22.0,1.6363636363636365,0.6931471805599453,3.1354942159291497,3,0.6441224885664825,21.0460510805501,3.1524834348578508,False,False,False,False,False,False,False,False,False,False,False,False,False,False,False,False,False,True,False,False,False,False,False,False,False,False,True,False,False,False,False,False,False,False,True,False,False,False,False,False
4,0.8660254037844387,-0.4999999999999998,2,0,1,0,0,0,1,124,2025,17.05,31.91,24.92,29.76666666666668,28.975,-7.870000000000001,1163.0,10593.0,9.108340498710232,1.7798546209761164,7.059617628291383,9.268043082104471,0,9.095179193369573,34.95128731343284,3.0085631316955235,False,False,False,False,False,False,False,False,False,False,False,False,False,False,False,False,False,False,True,False,False,False,False,False,False,False,False,False,False,False,True,False,False,False,False,False,False,False,False,True
7,-0.4999999999999997,-0.8660254037844388,3,1,0,0,1,0,1,115,2024,29.07,45.8,47.31,40.62,38.06416666666667,-18.24,6.0,247.0,41.16666666666666,1.834008097165992,1.9459101490553128,5.513428746164983,2,10.410997619296747,51.28445820433436,1.14504020159289,False,False,False,False,False,True,False,False,False,False,False,False,False,False,False,False,False,False,False,False,False,False,False,False,False,False,False,False,True,False,False,False,False,True,False,False,False,False,False,False
6,1.2246467991473532e-16,-1.0,2,0,0,0,1,0,1,126,2025,30.53,32.08,29.66,32.17666666666666,27.4925,0.870000000000001,19.0,468.0,24.63157894736842,1.767094017094017,2.995732273553991,6.150602768446279,2,3.798440627248956,29.71165505226481,2.022222823693005,False,False,False,False,False,False,False,False,False,False,False,True,False,False,False,False,False,False,False,False,False,False,False,False,False,False,False,False,False,True,False,False,False,True,False,False,False,False,False,False
1,0.4999999999999999,0.8660254037844387,1,0,0,1,0,0,1,109,2024,26.76,35.39,5.61,28.820000000000004,24.72666666666667,21.15,10.0,166.0,16.6,2.2710843373493974,2.3978952727983707,5.117993812416755,0,19.321181236521397,33.32766268260292,5.478599823636219,False,False,True,False,False,False,False,False,False,False,False,False,False,False,False,False,False,False,False,False,False,False,False,False,False,True,False,False,False,False,False,False,False,False,False,False,False,True,False,False
1,0.4999999999999999,0.8660254037844387,1,0,0,1,0,0,1,121,2025,42.18,39.45,50.12,40.11666666666667,40.85583333333333,-7.939999999999998,2.0,24.0,12.0,1.625,1.0986122886681098,3.218875824868201,4,27.81733752340581,29.54483928571429,2.365292158846613,False,False,False,False,False,False,False,False,False,False,False,False,False,False,True,False,False,False,False,False,False,False,False,False,False,False,True,False,False,False,False,False,False,False,False,True,False,False,False,False
5,0.4999999999999999,-0.8660254037844387,2,0,0,0,1,0,1,125,2025,37.14,41.09,42.66,37.85,42.27583333333333,-5.519999999999996,2.0,77.0,38.5,1.5454545454545454,1.0986122886681098,4.356708826689592,1,1.3685833363643862,31.14656771799629,2.1493813620399,False,True,False,False,False,False,False,False,False,False,False,False,False,False,False,False,False,False,False,False,False,False,False,False,False,False,False,False,False,True,False,False,True,False,False,False,False,False,False,False
4,0.8660254037844387,-0.4999999999999998,2,0,1,0,0,0,1,112,2024,40.19,40.05,39.8,41.07,40.04333333333333,0.3900000000000005,123.0,5081.0,41.3089430894309,1.7581184806140524,4.820281565605037,8.53346016388011,2,12.272936264143388,41.06024154589373,2.695363094798593,False,False,False,False,False,False,False,False,False,False,False,False,False,True,False,False,False,False,False,False,False,False,False,False,False,False,False,False,False,True,False,False,False,True,False,False,False,False,False,False
3,1.0,6.123233995736766e-17,1,0,1,0,0,0,1,123,2025,42.1,40.52,44.43,40.84,43.06166666666667,-2.3299999999999983,19.0,665.0,35.0,1.7413533834586463,2.995732273553991,6.501289670540389,3,9.095179193369573,34.95128731343284,3.0085631316955235,False,False,False,False,False,False,False,False,False,False,False,False,False,False,False,False,False,False,True,False,False,False,False,False,False,False,False,False,False,True,False,False,False,False,True,False,False,False,False,False
7,-0.4999999999999997,-0.8660254037844388,3,1,0,0,1,0,1,115,2024,18.95,20.16,29.17,21.093333333333337,19.7425,-10.220000000000002,2.0,16.0,8.0,2.75,1.0986122886681098,2.833213344056216,3,4.599598019455207,21.478070500927643,1.4848958608542095,False,False,False,False,False,False,False,False,False,False,False,False,False,False,False,False,False,False,False,False,False,False,False,False,True,False,True,False,False,False,False,False,False,False,True,False,False,False,False,False
10,-0.8660254037844386,0.5000000000000001,4,0,0,0,0,0,1,118,2024,34.06,26.09,30.72,33.70000000000001,22.835,3.3400000000000034,1.0,23.0,23.0,2.217391304347826,0.6931471805599453,3.1780538303479458,0,19.321181236521397,33.32766268260292,5.478599823636219,False,False,True,False,False,False,False,False,False,False,False,False,False,False,False,False,False,False,False,False,False,False,False,False,False,False,False,True,False,False,False,False,False,False,False,False,False,False,True,False
12,-2.4492935982947064e-16,1.0,4,0,0,1,0,0,1,120,2024,18.13,18.81,16.56,17.446666666666673,18.876666666666665,1.5700000000000005,68.0,2049.0,30.13235294117647,1.6632503660322109,4.23410650459726,7.625595072132453,3,2.2470269208737568,20.909291666666665,2.376276214128597,False,False,False,False,True,False,False,False,False,False,False,False,False,False,False,False,False,False,False,False,False,False,False,False,False,False,False,False,False,True,False,False,False,False,True,False,False,False,False,False
5,0.4999999999999999,-0.8660254037844387,2,0,0,0,1,0,1,113,2024,59.46,73.29,44.52,61.053333333333335,41.950833333333335,14.939999999999998,1.0,49.0,49.0,1.9183673469387756,0.6931471805599453,3.912023005428146,5,16.521531105359642,31.1375,3.6676474044642338,False,False,False,False,False,False,False,False,False,True,False,False,False,False,False,False,False,False,False,False,False,False,False,False,False,False,False,False,False,False,False,True,False,False,False,False,True,False,False,False
10,-0.8660254037844386,0.5000000000000001,4,0,0,0,0,0,1,118,2024,27.68,32.11,18.24,28.37333333333333,24.791666666666668,9.44,26.0,644.0,24.76923076923077,1.703416149068323,3.295836866004329,6.4692503167957724,2,5.402510157617734,24.56132467532468,2.2892610520048358,False,False,False,False,False,False,False,False,False,False,False,False,False,False,False,False,True,False,False,False,False,False,False,False,False,False,False,False,False,True,False,False,False,True,False,False,False,False,False,False
7,-0.4999999999999997,-0.8660254037844388,3,1,0,0,1,0,1,115,2024,46.45,44.15,41.24,45.53666666666667,43.41833333333333,5.210000000000001,160.0,8385.0,52.40625,1.9106738223017288,5.081404364984463,9.034318927730707,3,12.272936264143388,41.06024154589373,2.695363094798593,False,False,False,False,False,False,False,False,False,False,False,False,False,True,False,False,False,False,False,False,False,False,False,False,False,False,False,False,False,True,False,False,False,False,True,False,False,False,False,False
3,1.0,6.123233995736766e-17,1,0,1,0,0,0,1,111,2024,35.03,33.77,31.77,34.01,35.00833333333333,3.2600000000000016,127.0,2123.0,16.716535433070867,1.7602449364107395,4.852030263919617,7.66105638236183,2,4.599598019455207,21.478070500927643,1.4848958608542095,False,False,False,False,False,False,False,False,False,False,False,False,False,False,False,False,False,False,False,False,False,False,False,False,True,False,False,False,True,False,False,False,False,True,False,False,False,False,False,False
8,-0.8660254037844384,-0.5000000000000004,3,0,0,0,1,0,1,116,2024,41.63,28.2,35.44,34.22666666666667,41.03916666666667,6.190000000000005,3.0,275.0,91.66666666666669,1.9672727272727275,1.3862943611198906,5.62040086571715,4,37.44257214866774,25.989519650655023,4.493038522043984,False,False,False,False,False,False,False,False,False,False,False,False,False,False,False,False,False,False,False,False,False,True,False,False,False,False,False,False,False,True,False,False,False,False,False,True,False,False,False,False
3,1.0,6.123233995736766e-17,1,0,1,0,0,0,1,123,2025,11.9,11.38,12.01,10.476666666666668,8.988333333333333,-0.1099999999999994,3.0,36.0,12.0,1.4444444444444444,1.3862943611198906,3.610917912644224,3,16.521531105359642,31.1375,3.6676474044642338,False,False,False,False,False,False,False,False,False,True,False,False,False,False,False,False,False,False,False,False,False,False,False,False,False,False,True,False,False,False,False,False,False,False,True,False,False,False,False,False
1,0.4999999999999999,0.8660254037844387,1,0,0,1,0,0,1,121,2025,11.09,15.54,13.83,13.303333333333333,12.3975,-2.74,5.0,66.0,13.2,1.9848484848484849,1.791759469228055,4.204692619390966,2,18.84827656325013,35.62061946902655,4.572019679171958,False,False,False,False,False,False,False,False,False,False,False,False,False,False,False,False,False,False,False,False,False,False,True,False,False,False,False,False,True,False,False,False,False,True,False,False,False,False,False,False
6,1.2246467991473532e-16,-1.0,2,0,0,0,1,0,1,114,2024,30.4,42.57,21.73,33.89333333333334,34.73583333333333,8.669999999999998,8.0,814.0,101.75,2.1265356265356266,2.19722457733622,6.703188113240863,4,16.521531105359642,31.1375,3.6676474044642338,False,False,False,False,False,False,False,False,False,True,False,False,False,False,False,False,False,False,False,False,False,False,False,False,False,False,False,False,False,True,False,False,False,False,False,True,False,False,False,False
11,-0.5000000000000004,0.8660254037844384,4,0,0,0,0,0,1,119,2024,16.21,16.12,19.15,15.533333333333337,17.07916666666667,-2.9399999999999977,758.0,6549.0,8.639841688654354,1.6857535501603298,6.63200177739563,8.787220328629298,0,4.599598019455207,21.478070500927643,1.4848958608542095,False,False,False,False,False,False,False,False,False,False,False,False,False,False,False,False,False,False,False,False,False,False,False,False,True,False,False,False,False,False,True,False,False,False,False,False,False,False,False,True
3,1.0,6.123233995736766e-17,1,0,1,0,0,0,1,111,2024,10.6,31.13,32.46,17.3,33.77333333333333,-21.86,16.0,360.0,22.5,1.727777777777778,2.833213344056216,5.8888779583328805,0,62.68017543516754,37.42273333333333,6.634708430578383,False,False,False,False,False,False,True,False,False,False,False,False,False,False,False,False,False,False,False,False,False,False,False,False,False,True,False,False,False,False,False,False,False,False,False,False,False,True,False,False
2,0.8660254037844386,0.5000000000000001,1,0,0,0,0,0,1,110,2024,31.41,30.32,35.53,29.97,31.86333333333333,-4.120000000000001,23.0,816.0,35.47826086956522,1.7352941176470589,3.1780538303479458,6.705639094860003,3,1.7621116901403215,33.30862646566164,4.388568475722211,False,False,False,False,False,False,False,False,False,False,False,False,False,False,False,False,False,False,False,False,True,False,False,False,False,False,False,False,False,True,False,False,False,False,True,False,False,False,False,False
6,1.2246467991473532e-16,-1.0,2,0,0,0,1,0,1,126,2025,47.57,46.62,49.69,46.35666666666666,48.35166666666667,-2.119999999999997,4.0,214.0,53.5,1.7710280373831775,1.6094379124341005,5.3706380281276624,4,2.2470269208737568,20.909291666666665,2.376276214128597,False,False,False,False,True,False,False,False,False,False,False,False,False,False,False,False,False,False,False,False,False,False,False,False,False,False,False,False,False,True,False,False,False,False,False,True,False,False,False,False
6,1.2246467991473532e-16,-1.0,2,0,0,0,1,0,1,114,2024,74.37,58.32,38.38,66.77666666666666,49.46666666666667,35.99,15.0,1283.0,85.53333333333333,1.9633671083398283,2.772588722239781,7.157735484249907,5,62.68017543516754,37.42273333333333,6.634708430578383,False,False,False,False,False,False,True,False,False,False,False,False,False,False,False,False,False,False,False,False,False,False,False,False,False,False,False,False,False,True,False,False,False,False,False,False,True,False,False,False
1,0.4999999999999999,0.8660254037844387,1,0,0,1,0,0,1,121,2025,10.18,9.44,14.26,9.116666666666667,11.308333333333332,-4.08,816.0,6922.0,8.482843137254902,1.5489742848887604,6.705639094860003,8.842604480678025,0,27.81733752340581,29.54483928571429,2.365292158846613,False,False,False,False,False,False,False,False,False,False,False,False,False,False,True,False,False,False,False,False,False,False,False,False,False,False,False,False,False,False,True,False,False,False,False,False,False,False,False,True
11,-0.5000000000000004,0.8660254037844384,4,0,0,0,0,0,1,119,2024,24.0,23.77,24.54,23.52666666666666,22.42083333333333,-0.5399999999999991,62.0,947.0,15.274193548387096,1.8891235480464623,4.143134726391533,6.854354502255021,2,29.327002661953944,28.340468227424747,4.51235363631976,False,False,False,False,False,False,False,False,False,False,False,False,False,False,False,False,False,False,False,True,False,False,False,False,False,False,False,False,True,False,False,False,False,True,False,False,False,False,False,False
6,1.2246467991473532e-16,-1.0,2,0,0,0,1,0,1,114,2024,28.47,19.07,6.96,23.673333333333336,18.6475,21.51,1.0,23.0,23.0,2.217391304347826,0.6931471805599453,3.1780538303479458,0,19.321181236521397,33.32766268260292,5.478599823636219,False,False,True,False,False,False,False,False,False,False,False,False,False,False,False,False,False,False,False,False,False,False,False,False,False,False,False,True,False,False,False,False,False,False,False,False,False,False,True,False
5,0.4999999999999999,-0.8660254037844387,2,0,0,0,1,0,1,125,2025,23.22,21.12,23.42,22.406666666666663,23.715000000000003,-0.2000000000000028,22.0,384.0,17.454545454545453,1.6640625,3.1354942159291497,5.953243334287785,1,62.68017543516754,37.42273333333333,6.634708430578383,False,False,False,False,False,False,True,False,False,False,False,False,False,False,False,False,False,False,False,False,False,False,False,False,False,False,False,False,True,False,False,False,True,False,False,False,False,False,False,False
2,0.8660254037844386,0.5000000000000001,1,0,0,0,0,0,1,110,2024,21.15,22.3,20.43,20.886666666666667,19.718333333333334,0.7199999999999989,57.0,1646.0,28.87719298245614,1.7806804374240583,4.060443010546419,7.40671073017764,2,16.521531105359642,31.1375,3.6676474044642338,False,False,False,False,False,False,False,False,False,True,False,False,False,False,False,False,False,False,False,False,False,False,False,False,False,False,False,False,False,True,False,False,False,True,False,False,False,False,False,False
11,-0.5000000000000004,0.8660254037844384,4,0,0,0,0,0,1,119,2024,36.12,32.18,33.33,34.74333333333333,30.56,2.789999999999999,5.0,202.0,40.4,1.8663366336633664,1.791759469228055,5.313205979041787,3,21.020176709632445,34.21156903765691,2.7573282927360605,False,False,False,False,False,False,False,False,False,False,False,False,False,False,False,True,False,False,False,False,False,False,False,False,False,False,False,False,False,True,False,False,False,False,True,False,False,False,False,False
1,0.4999999999999999,0.8660254037844387,1,0,0,1,0,0,1,121,2025,23.73,26.27,21.24,25.46,26.225,2.490000000000002,42.0,1433.0,34.11904761904762,1.7571528262386602,3.7612001156935615,7.268223021159565,3,4.599598019455207,21.478070500927643,1.4848958608542095,False,False,False,False,False,False,False,False,False,False,False,False,False,False,False,False,False,False,False,False,False,False,False,False,True,False,False,False,False,True,False,False,False,False,True,False,False,False,False,False
12,-2.4492935982947064e-16,1.0,4,0,0,1,0,0,1,120,2024,38.72,43.85,59.8,40.67333333333334,42.32416666666666,-21.08,1.0,13.0,13.0,1.7692307692307692,0.6931471805599453,2.6390573296152584,4,27.81733752340581,29.54483928571429,2.365292158846613,False,False,False,False,False,False,False,False,False,False,False,False,False,False,True,False,False,False,False,False,False,False,False,False,False,False,True,False,False,False,False,False,False,False,False,True,False,False,False,False
4,0.8660254037844387,-0.4999999999999998,2,0,1,0,0,0,1,124,2025,14.65,15.15,15.58,16.203333333333333,15.770833333333334,-0.9299999999999996,10.0,224.0,22.4,1.7589285714285714,2.3978952727983707,5.41610040220442,2,27.81733752340581,29.54483928571429,2.365292158846613,False,False,False,False,False,False,False,False,False,False,False,False,False,False,True,False,False,False,False,False,False,False,False,False,False,False,False,False,False,True,False,False,False,True,False,False,False,False,False,False
3,1.0,6.123233995736766e-17,1,0,1,0,0,0,1,111,2024,24.3,18.49,18.49,23.286666666666672,26.955,5.810000000000002,3.0,56.0,18.666666666666668,1.4464285714285714,1.3862943611198906,4.04305126783455,1,9.095179193369573,34.95128731343284,3.0085631316955235,False,False,False,False,False,False,False,False,False,False,False,False,False,False,False,False,False,False,True,False,False,False,False,False,False,False,False,False,True,False,False,False,True,False,False,False,False,False,False,False
2,0.8660254037844386,0.5000000000000001,1,0,0,0,0,0,1,110,2024,33.79,42.98,33.33,41.20666666666666,35.953333333333326,0.4600000000000008,77.0,1612.0,20.935064935064936,1.7704714640198511,4.356708826689592,7.385851078125209,1,12.272936264143388,41.06024154589373,2.695363094798593,False,False,False,False,False,False,False,False,False,False,False,False,False,True,False,False,False,False,False,False,False,False,False,False,False,False,False,False,True,False,False,False,True,False,False,False,False,False,False,False
12,-2.4492935982947064e-16,1.0,4,0,0,1,0,0,1,120,2024,29.2,25.7,13.69,26.55333333333333,21.9825,15.51,16.0,212.0,13.25,1.419811320754717,2.833213344056216,5.3612921657094255,1,2.854456235021364,27.928541666666668,1.7036471833624431,False,False,False,False,False,False,False,False,False,False,False,False,True,False,False,False,False,False,False,False,False,False,False,False,False,False,False,False,True,False,False,False,True,False,False,False,False,False,False,False
5,0.4999999999999999,-0.8660254037844387,2,0,0,0,1,0,1,125,2025,23.63,26.13,31.84,24.39,30.703333333333333,-8.21,12.0,431.0,35.916666666666664,1.7587006960556844,2.5649493574615367,6.068425588244111,1,12.272936264143388,41.06024154589373,2.695363094798593,False,False,False,False,False,False,False,False,False,False,False,False,False,True,False,False,False,False,False,False,False,False,False,False,False,False,False,False,False,True,False,False,True,False,False,False,False,False,False,False
11,-0.5000000000000004,0.8660254037844384,4,0,0,0,0,0,1,119,2024,34.49,36.85,28.94,35.97333333333333,31.055833333333336,5.550000000000001,46.0,744.0,16.17391304347826,1.7701612903225807,3.8501476017100575,6.61338421837956,2,62.68017543516754,37.42273333333333,6.634708430578383,False,False,False,False,False,False,True,False,False,False,False,False,False,False,False,False,False,False,False,False,False,False,False,False,False,False,False,False,True,False,False,False,False,True,False,False,False,False,False,False
3,1.0,6.123233995736766e-17,1,0,1,0,0,0,1,123,2025,35.48,27.9,40.05,29.76666666666667,33.97833333333333,-4.57,4.0,233.0,58.25,1.6781115879828326,1.6094379124341005,5.455321115357702,3,10.410997619296747,51.28445820433436,1.14504020159289,False,False,False,False,False,True,False,False,False,False,False,False,False,False,False,False,False,False,False,False,False,False,False,False,False,False,False,False,False,True,False,False,False,False,True,False,False,False,False,False
6,1.2246467991473532e-16,-1.0,2,0,0,0,1,0,1,114,2024,18.89,28.67,3.23,23.273333333333337,14.846666666666666,15.66,1.0,9.0,9.0,1.5555555555555556,0.6931471805599453,2.302585092994046,3,5.402510157617734,24.56132467532468,2.2892610520048358,False,False,False,False,False,False,False,False,False,False,False,False,False,False,False,False,True,False,False,False,False,False,False,False,False,False,True,False,False,False,False,False,False,False,True,False,False,False,False,False
8,-0.8660254037844384,-0.5000000000000004,3,0,0,0,1,0,1,116,2024,35.01,31.51,31.38,32.65,29.88833333333333,3.629999999999999,45.0,742.0,16.488888888888887,1.778975741239892,3.828641396489095,6.610696044717759,2,62.68017543516754,37.42273333333333,6.634708430578383,False,False,False,False,False,False,True,False,False,False,False,False,False,False,False,False,False,False,False,False,False,False,False,False,False,False,False,False,True,False,False,False,False,True,False,False,False,False,False,False
9,-1.0,-1.8369701987210294e-16,3,0,0,0,1,0,1,117,2024,24.98,29.67,56.19,27.32333333333333,35.47,-31.21,7.0,239.0,34.142857142857146,1.6778242677824269,2.079441541679836,5.480638923341991,1,19.321181236521397,33.32766268260292,5.478599823636219,False,False,True,False,False,False,False,False,False,False,False,False,False,False,False,False,False,False,False,False,False,False,False,False,False,False,False,False,False,True,False,False,True,False,False,False,False,False,False,False
3,1.0,6.123233995736766e-17,1,0,1,0,0,0,1,123,2025,25.27,29.18,23.76,24.99000000000001,26.953333333333333,1.509999999999998,17.0,421.0,24.764705882352946,1.6152019002375295,2.8903717578961645,6.045005314036012,2,9.095179193369573,34.95128731343284,3.0085631316955235,False,False,False,False,False,False,False,False,False,False,False,False,False,False,False,False,False,False,True,False,False,False,False,False,False,False,False,False,False,True,False,False,False,True,False,False,False,False,False,False
2,0.8660254037844386,0.5000000000000001,1,0,0,0,0,0,1,110,2024,33.03,46.05,34.22,37.30666666666668,38.6725,-1.1899999999999975,2.0,162.0,81.0,1.851851851851852,1.0986122886681098,5.093750200806762,5,3.1163155637869844,25.446506849315064,2.056356448131027,False,False,False,False,False,False,False,False,False,False,False,False,False,False,False,False,False,False,False,False,False,False,False,True,False,False,False,False,False,True,False,False,False,False,False,False,True,False,False,False
6,1.2246467991473532e-16,-1.0,2,0,0,0,1,0,1,126,2025,9.96,11.91,10.45,11.103333333333332,13.014166666666666,-0.4899999999999984,8.0,208.0,26.0,1.8269230769230769,2.19722457733622,5.342334251964811,1,1.8927983246544748,27.19991397849462,1.6267007699304217,False,False,False,True,False,False,False,False,False,False,False,False,False,False,False,False,False,False,False,False,False,False,False,False,False,False,False,False,False,True,False,False,True,False,False,False,False,False,False,False
4,0.8660254037844387,-0.4999999999999998,2,0,1,0,0,0,1,112,2024,23.8,18.28,19.06,21.33333333333333,23.473333333333333,4.740000000000002,1995.0,19022.0,9.534837092731827,1.7835138260960992,7.59890045687141,9.85340405236814,0,62.68017543516754,37.42273333333333,6.634708430578383,False,False,False,False,False,False,True,False,False,False,False,False,False,False,False,False,False,False,False,False,False,False,False,False,False,False,False,False,False,False,True,False,False,False,False,False,False,False,False,True
4,0.8660254037844387,-0.4999999999999998,2,0,1,0,0,0,1,124,2025,47.98,70.03,49.58,62.05333333333335,69.4075,-1.6000000000000014,1.0,24.0,24.0,2.125,0.6931471805599453,3.218875824868201,4,1.7621116901403215,33.30862646566164,4.388568475722211,False,False,False,False,False,False,False,False,False,False,False,False,False,False,False,False,False,False,False,False,True,False,False,False,False,False,True,False,False,False,False,False,False,False,False,True,False,False,False,False
2,0.8660254037844386,0.5000000000000001,1,0,0,0,0,0,1,110,2024,32.9,42.39,34.17,37.78333333333334,44.4825,-1.2700000000000031,1.0,60.0,60.0,1.6833333333333331,0.6931471805599453,4.110873864173311,4,0.6523540595228975,31.13929787234043,2.292383678314417,False,False,False,False,False,False,False,False,True,False,False,False,False,False,False,False,False,False,False,False,False,False,False,False,False,False,False,False,False,True,False,False,False,False,False,True,False,False,False,False
9,-1.0,-1.8369701987210294e-16,3,0,0,0,1,0,1,117,2024,31.05,21.58,44.01,27.32666666666667,28.675,-12.959999999999996,18.0,252.0,14.0,1.4761904761904765,2.9444389791664403,5.53338948872752,1,5.432849023145278,26.621532258064512,2.192986415167364,True,False,False,False,False,False,False,False,False,False,False,False,False,False,False,False,False,False,False,False,False,False,False,False,False,False,False,False,True,False,False,False,True,False,False,False,False,False,False,False
11,-0.5000000000000004,0.8660254037844384,4,0,0,0,0,0,1,119,2024,59.03,61.23,55.95,59.30666666666668,52.17166666666666,3.0799999999999983,27.0,4807.0,178.03703703703704,1.7437070938215102,3.332204510175204,8.478036476215044,5,12.272936264143388,41.06024154589373,2.695363094798593,False,False,False,False,False,False,False,False,False,False,False,False,False,True,False,False,False,False,False,False,False,False,False,False,False,False,False,False,False,True,False,False,False,False,False,False,True,False,False,False
5,0.4999999999999999,-0.8660254037844387,2,0,0,0,1,0,1,113,2024,28.19,28.15,27.04,28.24666666666667,28.76833333333333,1.150000000000002,26.0,371.0,14.26923076923077,1.7466307277628033,3.295836866004329,5.918893854273146,1,3.798440627248956,29.71165505226481,2.022222823693005,False,False,False,False,False,False,False,False,False,False,False,True,False,False,False,False,False,False,False,False,False,False,False,False,False,False,False,False,True,False,False,False,True,False,False,False,False,False,False,False
1,0.4999999999999999,0.8660254037844387,1,0,0,1,0,0,1,121,2025,14.68,22.82,18.39,19.640000000000004,22.725,-3.710000000000001,1.0,40.0,40.0,1.675,0.6931471805599453,3.713572066704308,2,10.410997619296747,51.28445820433436,1.14504020159289,False,False,False,False,False,True,False,False,False,False,False,False,False,False,False,False,False,False,False,False,False,False,False,False,False,False,False,False,False,True,False,False,False,True,False,False,False,False,False,False
12,-2.4492935982947064e-16,1.0,4,0,0,1,0,0,1,120,2024,25.7,20.12,22.84,22.133333333333336,19.289166666666667,2.8599999999999994,7.0,190.0,27.142857142857142,1.8473684210526315,2.079441541679836,5.25227342804663,3,1.8927983246544748,27.19991397849462,1.6267007699304217,False,False,False,True,False,False,False,False,False,False,False,False,False,False,False,False,False,False,False,False,False,False,False,False,False,False,False,False,False,True,False,False,False,False,True,False,False,False,False,False
11,-0.5000000000000004,0.8660254037844384,4,0,0,0,0,0,1,119,2024,21.97,21.5,20.17,20.86,18.686666666666667,1.7999999999999972,389.0,4067.0,10.455012853470436,1.6036390459798378,5.966146739123692,8.31090675716845,0,0.6441224885664825,21.0460510805501,3.1524834348578508,False,False,False,False,False,False,False,False,False,False,False,False,False,False,False,False,False,True,False,False,False,False,False,False,False,False,False,False,False,False,True,False,False,False,False,False,False,False,False,True
5,0.4999999999999999,-0.8660254037844387,2,0,0,0,1,0,1,113,2024,15.93,20.75,20.45,18.426666666666662,19.0925,-4.52,2.0,68.0,34.0,1.8235294117647056,1.0986122886681098,4.23410650459726,2,3.1163155637869844,25.446506849315064,2.056356448131027,False,False,False,False,False,False,False,False,False,False,False,False,False,False,False,False,False,False,False,False,False,False,False,True,False,False,False,False,True,False,False,False,False,True,False,False,False,False,False,False
6,1.2246467991473532e-16,-1.0,2,0,0,0,1,0,1,114,2024,15.87,17.86,21.65,17.110000000000003,19.574166666666667,-5.779999999999999,742.0,6479.0,8.731805929919137,1.6920821114369502,6.610696044717759,8.776475789346321,0,4.599598019455207,21.478070500927643,1.4848958608542095,False,False,False,False,False,False,False,False,False,False,False,False,False,False,False,False,False,False,False,False,False,False,False,False,True,False,False,False,False,False,True,False,False,False,False,False,False,False,False,True
8,-0.8660254037844384,-0.5000000000000004,3,0,0,0,1,0,1,116,2024,21.11,17.64,53.76,19.21333333333333,22.61666666666667,-32.65,2.0,66.0,33.0,1.4242424242424243,1.0986122886681098,4.204692619390966,1,0.5784654563408463,29.6538961038961,2.6469618055221846,False,False,False,False,False,False,False,True,False,False,False,False,False,False,False,False,False,False,False,False,False,False,False,False,False,False,False,False,True,False,False,False,True,False,False,False,False,False,False,False
6,1.2246467991473532e-16,-1.0,2,0,0,0,1,0,1,114,2024,35.05,20.21,24.58,25.86666666666667,24.401666666666667,10.47,48.0,1205.0,25.104166666666668,1.8639004149377596,3.8918202981106265,7.095064377287131,2,62.68017543516754,37.42273333333333,6.634708430578383,False,False,False,False,False,False,True,False,False,False,False,False,False,False,False,False,False,False,False,False,False,False,False,False,False,False,False,False,False,True,False,False,False,True,False,False,False,False,False,False
5,0.4999999999999999,-0.8660254037844387,2,0,0,0,1,0,1,125,2025,21.19,25.63,19.86,23.453333333333337,24.516666666666666,1.3300000000000018,41.0,1099.0,26.804878048780488,1.6196542311191993,3.737669618283368,7.003065458786462,2,5.432849023145278,26.621532258064512,2.192986415167364,True,False,False,False,False,False,False,False,False,False,False,False,False,False,False,False,False,False,False,False,False,False,False,False,False,False,False,False,False,True,False,False,False,True,False,False,False,False,False,False
11,-0.5000000000000004,0.8660254037844384,4,0,0,0,0,0,1,119,2024,30.73,30.01,24.82,30.250000000000004,25.968333333333334,5.91,48.0,1214.0,25.291666666666668,1.8550247116968697,3.8918202981106265,7.102499355774649,2,62.68017543516754,37.42273333333333,6.634708430578383,False,False,False,False,False,False,True,False,False,False,False,False,False,False,False,False,False,False,False,False,False,False,False,False,False,False,False,False,False,True,False,False,False,True,False,False,False,False,False,False
6,1.2246467991473532e-16,-1.0,2,0,0,0,1,0,1,126,2025,27.65,23.41,31.15,24.896666666666665,30.354166666666668,-3.5,12.0,431.0,35.916666666666664,1.7587006960556844,2.5649493574615367,6.068425588244111,1,12.272936264143388,41.06024154589373,2.695363094798593,False,False,False,False,False,False,False,False,False,False,False,False,False,True,False,False,False,False,False,False,False,False,False,False,False,False,False,False,False,True,False,False,True,False,False,False,False,False,False,False
4,0.8660254037844387,-0.4999999999999998,2,0,1,0,0,0,1,112,2024,27.9,31.18,33.27,29.680000000000003,33.64416666666667,-5.3700000000000045,54.0,1645.0,30.46296296296296,1.5829787234042554,4.007333185232471,7.406103381237015,2,0.6523540595228975,31.13929787234043,2.292383678314417,False,False,False,False,False,False,False,False,True,False,False,False,False,False,False,False,False,False,False,False,False,False,False,False,False,False,False,False,False,True,False,False,False,True,False,False,False,False,False,False
3,1.0,6.123233995736766e-17,1,0,1,0,0,0,1,123,2025,75.64,38.13,36.42,56.85333333333333,42.2325,39.22,2.0,200.0,100.0,1.955,1.0986122886681098,5.303304908059076,4,37.44257214866774,25.989519650655023,4.493038522043984,False,False,False,False,False,False,False,False,False,False,False,False,False,False,False,False,False,False,False,False,False,True,False,False,False,False,False,False,False,True,False,False,False,False,False,True,False,False,False,False
3,1.0,6.123233995736766e-17,1,0,1,0,0,0,1,123,2025,29.48,28.81,37.23,28.780000000000005,38.623333333333335,-7.7499999999999964,31.0,516.0,16.64516129032258,1.6104651162790695,3.4657359027997265,6.248042874508429,2,0.6523540595228975,31.13929787234043,2.292383678314417,False,False,False,False,False,False,False,False,True,False,False,False,False,False,False,False,False,False,False,False,False,False,False,False,False,False,False,False,True,False,False,False,False,True,False,False,False,False,False,False
8,-0.8660254037844384,-0.5000000000000004,3,0,0,0,1,0,1,116,2024,23.18,20.9,17.69,21.776666666666667,18.891666666666666,5.489999999999998,60.0,836.0,13.933333333333334,2.002392344497608,4.110873864173311,6.729824070489475,0,27.81733752340581,29.54483928571429,2.365292158846613,False,False,False,False,False,False,False,False,False,False,False,False,False,False,True,False,False,False,False,False,False,False,False,False,False,True,False,False,False,False,False,False,False,False,False,False,False,True,False,False
4,0.8660254037844387,-0.4999999999999998,2,0,1,0,0,0,1,112,2024,22.26,21.85,2.38,24.26,13.470833333333331,19.880000000000003,1.0,9.0,9.0,1.8888888888888888,0.6931471805599453,2.302585092994046,3,5.402510157617734,24.56132467532468,2.2892610520048358,False,False,False,False,False,False,False,False,False,False,False,False,False,False,False,False,True,False,False,False,False,False,False,False,False,False,True,False,False,False,False,False,False,False,True,False,False,False,False,False
5,0.4999999999999999,-0.8660254037844387,2,0,0,0,1,0,1,113,2024,13.96,27.78,12.21,20.5,17.48,1.75,10.0,175.0,17.5,1.7485714285714289,2.3978952727983707,5.170483995038151,1,37.44257214866774,25.989519650655023,4.493038522043984,False,False,False,False,False,False,False,False,False,False,False,False,False,False,False,False,False,False,False,False,False,True,False,False,False,False,False,False,True,False,False,False,True,False,False,False,False,False,False,False
7,-0.4999999999999997,-0.8660254037844388,3,1,0,0,1,0,1,115,2024,75.88,74.11,60.16,77.18333333333334,62.0725,15.72,21.0,1609.0,76.61904761904762,1.970789310130516,3.091042453358316,7.383989457978509,4,62.68017543516754,37.42273333333333,6.634708430578383,False,False,False,False,False,False,True,False,False,False,False,False,False,False,False,False,False,False,False,False,False,False,False,False,False,False,False,False,False,True,False,False,False,False,False,True,False,False,False,False
8,-0.8660254037844384,-0.5000000000000004,3,0,0,0,1,0,1,116,2024,24.2,17.31,23.46,20.406666666666663,20.16333333333333,0.7399999999999984,61.0,1624.0,26.62295081967213,1.8380541871921183,4.127134385045092,7.393263094763838,2,4.599598019455207,21.478070500927643,1.4848958608542095,False,False,False,False,False,False,False,False,False,False,False,False,False,False,False,False,False,False,False,False,False,False,False,False,True,False,False,False,False,True,False,False,False,True,False,False,False,False,False,False
8,-0.8660254037844384,-0.5000000000000004,3,0,0,0,1,0,1,116,2024,90.55,92.36,86.61,92.95,91.71166666666666,3.9399999999999977,2.0,371.0,185.5,1.61455525606469,1.0986122886681098,5.918893854273146,4,10.410997619296747,51.28445820433436,1.14504020159289,False,False,False,False,False,True,False,False,False,False,False,False,False,False,False,False,False,False,False,False,False,False,False,False,False,False,False,False,False,True,False,False,False,False,False,True,False,False,False,False
2,0.8660254037844386,0.5000000000000001,1,0,0,0,0,0,1,110,2024,15.77,15.01,13.86,15.679999999999998,15.0675,1.91,239.0,2544.0,10.644351464435148,1.5361635220125789,5.480638923341991,7.841885928984623,0,0.5784654563408463,29.6538961038961,2.6469618055221846,False,False,False,False,False,False,False,True,False,False,False,False,False,False,False,False,False,False,False,False,False,False,False,False,False,False,False,False,False,False,True,False,False,False,False,False,False,False,False,True
4,0.8660254037844387,-0.4999999999999998,2,0,1,0,0,0,1,112,2024,16.85,18.39,11.0,17.043333333333337,20.62,5.850000000000001,1.0,40.0,40.0,1.675,0.6931471805599453,3.713572066704308,2,10.410997619296747,51.28445820433436,1.14504020159289,False,False,False,False,False,True,False,False,False,False,False,False,False,False,False,False,False,False,False,False,False,False,False,False,False,False,False,False,False,True,False,False,False,True,False,False,False,False,False,False
12,-2.4492935982947064e-16,1.0,4,0,0,1,0,0,1,120,2024,63.33,72.26,100.0,71.92666666666666,71.92416666666666,-36.67,1.0,402.0,402.0,2.738805970149253,0.6931471805599453,5.998936561946683,4,18.84827656325013,35.62061946902655,4.572019679171958,False,False,False,False,False,False,False,False,False,False,False,False,False,False,False,False,False,False,False,False,False,False,True,False,False,False,False,False,False,False,False,True,False,False,False,True,False,False,False,False
11,-0.5000000000000004,0.8660254037844384,4,0,0,0,0,0,1,119,2024,33.56,34.91,31.33,32.88,30.676666666666662,2.230000000000004,72.0,2087.0,28.98611111111111,1.8912314326784856,4.290459441148391,7.643961949002529,3,3.798440627248956,29.71165505226481,2.022222823693005,False,False,False,False,False,False,False,False,False,False,False,True,False,False,False,False,False,False,False,False,False,False,False,False,False,False,False,False,False,True,False,False,False,False,True,False,False,False,False,False
3,1.0,6.123233995736766e-17,1,0,1,0,0,0,1,123,2025,24.37,20.7,19.36,21.71,21.45,5.010000000000002,25.0,513.0,20.52,1.8557504873294344,3.258096538021482,6.2422232654551655,3,12.272936264143388,41.06024154589373,2.695363094798593,False,False,False,False,False,False,False,False,False,False,False,False,False,True,False,False,False,False,False,False,False,False,False,False,False,False,False,False,True,False,False,False,False,False,True,False,False,False,False,False
6,1.2246467991473532e-16,-1.0,2,0,0,0,1,0,1,126,2025,23.77,19.6,22.76,21.506666666666664,21.109166666666667,1.009999999999998,29.0,843.0,29.06896551724138,1.804270462633452,3.4011973816621555,6.738152494595957,2,0.5433715367037989,19.593496503496503,2.1089584460983564,False,False,False,False,False,False,False,False,False,False,True,False,False,False,False,False,False,False,False,False,False,False,False,False,False,False,False,False,False,True,False,False,False,True,False,False,False,False,False,False
10,-0.8660254037844386,0.5000000000000001,4,0,0,0,0,0,1,118,2024,56.05,33.77,46.63,45.446666666666665,43.72,9.419999999999996,4.0,250.0,62.5,1.74,1.6094379124341005,5.525452939131784,5,12.272936264143388,41.06024154589373,2.695363094798593,False,False,False,False,False,False,False,False,False,False,False,False,False,True,False,False,False,False,False,False,False,False,False,False,False,False,True,False,False,False,False,False,False,False,False,False,True,False,False,False
5,0.4999999999999999,-0.8660254037844387,2,0,0,0,1,0,1,125,2025,42.83,35.89,51.67,37.38666666666666,43.63166666666667,-8.840000000000003,1.0,60.0,60.0,1.6833333333333331,0.6931471805599453,4.110873864173311,4,0.6523540595228975,31.13929787234043,2.292383678314417,False,False,False,False,False,False,False,False,True,False,False,False,False,False,False,False,False,False,False,False,False,False,False,False,False,False,False,False,False,True,False,False,False,False,False,True,False,False,False,False
4,0.8660254037844387,-0.4999999999999998,2,0,1,0,0,0,1,112,2024,12.6,12.63,19.22,12.28,15.819166666666666,-6.619999999999999,300.0,2805.0,9.35,1.5778966131907308,5.707110264748875,7.939515260662406,0,5.432849023145278,26.621532258064512,2.192986415167364,True,False,False,False,False,False,False,False,False,False,False,False,False,False,False,False,False,False,False,False,False,False,False,False,False,False,False,False,False,False,True,False,False,False,False,False,False,False,False,True
2,0.8660254037844386,0.5000000000000001,1,0,0,0,0,0,1,122,2025,21.63,25.37,22.76,22.89333333333334,25.8625,-1.1300000000000026,7.0,288.0,41.142857142857146,1.7152777777777777,2.079441541679836,5.666426688112432,2,1.3685833363643862,31.14656771799629,2.1493813620399,False,True,False,False,False,False,False,False,False,False,False,False,False,False,False,False,False,False,False,False,False,False,False,False,False,False,False,False,False,True,False,False,False,True,False,False,False,False,False,False
2,0.8660254037844386,0.5000000000000001,1,0,0,0,0,0,1,110,2024,72.99,62.85,33.3,65.74666666666667,45.725,39.69,2.0,123.0,61.5,1.902439024390244,1.0986122886681098,4.820281565605037,4,5.402510157617734,24.56132467532468,2.2892610520048358,False,False,False,False,False,False,False,False,False,False,False,False,False,False,False,False,True,False,False,False,False,False,False,False,False,False,False,False,False,True,False,False,False,False,False,True,False,False,False,False
3,1.0,6.123233995736766e-17,1,0,1,0,0,0,1,123,2025,21.92,10.17,15.89,16.453333333333333,12.951666666666666,6.030000000000001,428.0,3965.0,9.264018691588785,1.7775535939470366,6.061456918928017,8.285513309079741,0,37.44257214866774,25.989519650655023,4.493038522043984,False,False,False,False,False,False,False,False,False,False,False,False,False,False,False,False,False,False,False,False,False,True,False,False,False,False,False,False,False,False,True,False,False,False,False,False,False,False,False,True
11,-0.5000000000000004,0.8660254037844384,4,0,0,0,0,0,1,119,2024,19.84,32.54,24.35,22.843333333333334,21.727500000000003,-4.510000000000002,6.0,106.0,17.666666666666668,1.6226415094339623,1.9459101490553128,4.672828834461906,1,27.81733752340581,29.54483928571429,2.365292158846613,False,False,False,False,False,False,False,False,False,False,False,False,False,False,True,False,False,False,False,False,False,False,False,False,False,False,False,False,True,False,False,False,True,False,False,False,False,False,False,False
4,0.8660254037844387,-0.4999999999999998,2,0,1,0,0,0,1,112,2024,44.11,36.54,39.31,43.20999999999999,42.60666666666666,4.799999999999997,44.0,4337.0,98.5681818181818,1.809545768964722,3.80666248977032,8.37516869138682,4,12.272936264143388,41.06024154589373,2.695363094798593,False,False,False,False,False,False,False,False,False,False,False,False,False,True,False,False,False,False,False,False,False,False,False,False,False,False,False,False,False,True,False,False,False,False,False,True,False,False,False,False
6,1.2246467991473532e-16,-1.0,2,0,0,0,1,0,1,126,2025,34.97,32.74,30.32,34.169999999999995,33.376666666666665,4.649999999999999,131.0,2108.0,16.091603053435115,1.790796963946869,4.882801922586371,7.653969180478774,2,19.321181236521397,33.32766268260292,5.478599823636219,False,False,True,False,False,False,False,False,False,False,False,False,False,False,False,False,False,False,False,False,False,False,False,False,False,False,False,False,True,False,False,False,False,True,False,False,False,False,False,False
7,-0.4999999999999997,-0.8660254037844388,3,1,0,0,1,0,1,115,2024,34.69,39.06,30.14,34.36000000000001,39.33166666666667,4.549999999999997,1.0,32.0,32.0,1.75,0.6931471805599453,3.49650756146648,4,1.3685833363643862,31.14656771799629,2.1493813620399,False,True,False,False,False,False,False,False,False,False,False,False,False,False,False,False,False,False,False,False,False,False,False,False,False,False,False,False,False,True,False,False,False,False,False,True,False,False,False,False
3,1.0,6.123233995736766e-17,1,0,1,0,0,0,1,111,2024,64.04,38.93,24.12,56.40333333333333,35.93333333333334,39.92,9.0,370.0,41.11111111111112,2.2243243243243245,2.302585092994046,5.916202062607435,3,37.44257214866774,25.989519650655023,4.493038522043984,False,False,False,False,False,False,False,False,False,False,False,False,False,False,False,False,False,False,False,False,False,True,False,False,False,False,False,False,False,True,False,False,False,False,True,False,False,False,False,False
11,-0.5000000000000004,0.8660254037844384,4,0,0,0,0,0,1,119,2024,49.19,46.52,45.16,50.586666666666666,43.93333333333333,4.030000000000001,4.0,250.0,62.5,1.74,1.6094379124341005,5.525452939131784,5,12.272936264143388,41.06024154589373,2.695363094798593,False,False,False,False,False,False,False,False,False,False,False,False,False,True,False,False,False,False,False,False,False,False,False,False,False,False,True,False,False,False,False,False,False,False,False,False,True,False,False,False
2,0.8660254037844386,0.5000000000000001,1,0,0,0,0,0,1,122,2025,42.48,45.69,37.8,41.81666666666667,42.67333333333334,4.68,5.0,178.0,35.6,1.6741573033707866,1.791759469228055,5.187385805840755,3,1.3685833363643862,31.14656771799629,2.1493813620399,False,True,False,False,False,False,False,False,False,False,False,False,False,False,False,False,False,False,False,False,False,False,False,False,False,False,False,False,False,True,False,False,False,False,True,False,False,False,False,False
11,-0.5000000000000004,0.8660254037844384,4,0,0,0,0,0,1,119,2024,14.94,10.67,12.41,11.373333333333337,11.320833333333333,2.53,2.0,65.0,32.5,1.6615384615384616,1.0986122886681098,4.189654742026425,3,0.5784654563408463,29.6538961038961,2.6469618055221846,False,False,False,False,False,False,False,True,False,False,False,False,False,False,False,False,False,False,False,False,False,False,False,False,False,False,False,False,False,True,False,False,False,False,True,False,False,False,False,False
1,0.4999999999999999,0.8660254037844387,1,0,0,1,0,0,1,121,2025,50.82,52.93,39.08,56.806666666666665,53.333333333333336,11.740000000000002,5.0,94.0,18.8,2.3085106382978724,1.791759469228055,4.553876891600541,3,1.7621116901403215,33.30862646566164,4.388568475722211,False,False,False,False,False,False,False,False,False,False,False,False,False,False,False,False,False,False,False,False,True,False,False,False,False,False,False,False,True,False,False,False,False,False,True,False,False,False,False,False
2,0.8660254037844386,0.5000000000000001,1,0,0,0,0,0,1,110,2024,21.22,20.14,13.55,20.15,19.716666666666665,7.669999999999998,341.0,4745.0,13.914956011730204,1.630558482613277,5.834810737062605,8.465057436995709,0,21.020176709632445,34.21156903765691,2.7573282927360605,False,False,False,False,False,False,False,False,False,False,False,False,False,False,False,True,False,False,False,False,False,False,False,False,False,False,False,False,False,False,True,False,False,False,False,False,False,False,False,True
2,0.8660254037844386,0.5000000000000001,1,0,0,0,0,0,1,110,2024,14.76,14.46,16.09,13.596666666666666,12.81,-1.33,18.0,243.0,13.5,1.6790123456790125,2.9444389791664403,5.497168225293202,1,5.402510157617734,24.56132467532468,2.2892610520048358,False,False,False,False,False,False,False,False,False,False,False,False,False,False,False,False,True,False,False,False,False,False,False,False,False,False,False,False,True,False,False,False,True,False,False,False,False,False,False,False
6,1.2246467991473532e-16,-1.0,2,0,0,0,1,0,1,126,2025,42.1,36.92,21.96,40.75666666666667,33.15916666666667,20.14,6.0,220.0,36.66666666666666,1.940909090909091,1.9459101490553128,5.3981627015177525,3,21.020176709632445,34.21156903765691,2.7573282927360605,False,False,False,False,False,False,False,False,False,False,False,False,False,False,False,True,False,False,False,False,False,False,False,False,False,False,False,False,False,True,False,False,False,False,True,False,False,False,False,False
5,0.4999999999999999,-0.8660254037844387,2,0,0,0,1,0,1,113,2024,45.45,37.73,48.04,41.59666666666667,47.77666666666666,-2.5899999999999963,3.0,241.0,80.33333333333333,1.4605809128630705,1.3862943611198906,5.488937726156687,5,19.321181236521397,33.32766268260292,5.478599823636219,False,False,True,False,False,False,False,False,False,False,False,False,False,False,False,False,False,False,False,False,False,False,False,False,False,False,False,False,False,True,False,False,False,False,False,False,True,False,False,False
6,1.2246467991473532e-16,-1.0,2,0,0,0,1,0,1,126,2025,37.6,26.17,33.46,32.71666666666667,34.55416666666667,4.140000000000001,76.0,2216.0,29.157894736842103,1.8637184115523464,4.343805421853684,7.703910209616311,3,19.321181236521397,33.32766268260292,5.478599823636219,False,False,True,False,False,False,False,False,False,False,False,False,False,False,False,False,False,False,False,False,False,False,False,False,False,False,False,False,False,True,False,False,False,False,True,False,False,False,False,False
2,0.8660254037844386,0.5000000000000001,1,0,0,0,0,0,1,110,2024,42.82,46.86,39.29,49.43,43.54,3.530000000000001,8.0,159.0,19.875,1.893081761006289,2.19722457733622,5.075173815233827,1,10.410997619296747,51.28445820433436,1.14504020159289,False,False,False,False,False,True,False,False,False,False,False,False,False,False,False,False,False,False,False,False,False,False,False,False,False,False,False,False,True,False,False,False,True,False,False,False,False,False,False,False
5,0.4999999999999999,-0.8660254037844387,2,0,0,0,1,0,1,113,2024,58.7,77.67,41.12,68.79,54.51250000000001,17.580000000000005,2.0,123.0,61.5,1.902439024390244,1.0986122886681098,4.820281565605037,4,5.402510157617734,24.56132467532468,2.2892610520048358,False,False,False,False,False,False,False,False,False,False,False,False,False,False,False,False,True,False,False,False,False,False,False,False,False,False,False,False,False,True,False,False,False,False,False,True,False,False,False,False
3,1.0,6.123233995736766e-17,1,0,1,0,0,0,1,111,2024,25.8,27.4,16.18,25.613333333333333,24.666666666666668,9.62,25.0,424.0,16.96,1.6721698113207548,3.258096538021482,6.052089168924417,1,62.68017543516754,37.42273333333333,6.634708430578383,False,False,False,False,False,False,True,False,False,False,False,False,False,False,False,False,False,False,False,False,False,False,False,False,False,False,False,False,True,False,False,False,True,False,False,False,False,False,False,False
8,-0.8660254037844384,-0.5000000000000004,3,0,0,0,1,0,1,116,2024,19.72,12.54,19.19,15.400000000000004,16.04,0.5299999999999976,1.0,44.0,44.0,1.8636363636363635,0.6931471805599453,3.80666248977032,2,0.5784654563408463,29.6538961038961,2.6469618055221846,False,False,False,False,False,False,False,True,False,False,False,False,False,False,False,False,False,False,False,False,False,False,False,False,False,False,False,False,True,False,False,False,False,True,False,False,False,False,False,False
4,0.8660254037844387,-0.4999999999999998,2,0,1,0,0,0,1,112,2024,28.4,35.46,30.18,30.67,28.934166666666663,-1.7800000000000011,26.0,371.0,14.26923076923077,1.7466307277628033,3.295836866004329,5.918893854273146,1,3.798440627248956,29.71165505226481,2.022222823693005,False,False,False,False,False,False,False,False,False,False,False,True,False,False,False,False,False,False,False,False,False,False,False,False,False,False,False,False,True,False,False,False,True,False,False,False,False,False,False,False
4,0.8660254037844387,-0.4999999999999998,2,0,1,0,0,0,1,112,2024,17.49,15.77,13.35,16.54333333333333,15.5625,4.139999999999999,239.0,2537.0,10.615062761506277,1.527394560504533,5.480638923341991,7.839131648274333,0,0.5784654563408463,29.6538961038961,2.6469618055221846,False,False,False,False,False,False,False,True,False,False,False,False,False,False,False,False,False,False,False,False,False,False,False,False,False,False,False,False,False,False,True,False,False,False,False,False,False,False,False,True
9,-1.0,-1.8369701987210294e-16,3,0,0,0,1,0,1,117,2024,44.6,42.29,39.31,42.303333333333335,36.282500000000006,5.289999999999999,28.0,773.0,27.607142857142858,1.720569210866753,3.367295829986474,6.651571873589727,2,1.7621116901403215,33.30862646566164,4.388568475722211,False,False,False,False,False,False,False,False,False,False,False,False,False,False,False,False,False,False,False,False,True,False,False,False,False,False,False,False,False,True,False,False,False,True,False,False,False,False,False,False
1,0.4999999999999999,0.8660254037844387,1,0,0,1,0,0,1,121,2025,20.18,24.82,33.82,24.296666666666667,29.92083333333333,-13.64,33.0,949.0,28.75757575757576,1.946259220231823,3.5263605246161616,6.856461984594587,2,37.44257214866774,25.989519650655023,4.493038522043984,False,False,False,False,False,False,False,False,False,False,False,False,False,False,False,False,False,False,False,False,False,True,False,False,False,False,False,False,False,True,False,False,False,True,False,False,False,False,False,False
7,-0.4999999999999997,-0.8660254037844388,3,1,0,0,1,0,1,115,2024,25.86,28.71,26.98,28.32333333333333,35.080000000000005,-1.120000000000001,8.0,814.0,101.75,2.1265356265356266,2.19722457733622,6.703188113240863,4,16.521531105359642,31.1375,3.6676474044642338,False,False,False,False,False,False,False,False,False,True,False,False,False,False,False,False,False,False,False,False,False,False,False,False,False,False,False,False,False,True,False,False,False,False,False,True,False,False,False,False
3,1.0,6.123233995736766e-17,1,0,1,0,0,0,1,123,2025,52.1,42.04,44.04,46.92666666666667,45.63166666666667,8.060000000000002,7.0,175.0,25.0,1.9542857142857144,2.079441541679836,5.170483995038151,3,12.272936264143388,41.06024154589373,2.695363094798593,False,False,False,False,False,False,False,False,False,False,False,False,False,True,False,False,False,False,False,False,False,False,False,False,False,False,True,False,False,False,False,False,False,False,True,False,False,False,False,False
3,1.0,6.123233995736766e-17,1,0,1,0,0,0,1,111,2024,77.67,61.4,32.36,70.68666666666667,49.42249999999999,45.31,2.0,123.0,61.5,1.902439024390244,1.0986122886681098,4.820281565605037,4,5.402510157617734,24.56132467532468,2.2892610520048358,False,False,False,False,False,False,False,False,False,False,False,False,False,False,False,False,True,False,False,False,False,False,False,False,False,False,False,False,False,True,False,False,False,False,False,True,False,False,False,False
5,0.4999999999999999,-0.8660254037844387,2,0,0,0,1,0,1,113,2024,16.35,12.67,7.55,17.413333333333334,13.506666666666666,8.8,6.0,126.0,21.0,1.6507936507936507,1.9459101490553128,4.844187086458591,1,16.521531105359642,31.1375,3.6676474044642338,False,False,False,False,False,False,False,False,False,True,False,False,False,False,False,False,False,False,False,False,False,False,False,False,False,False,False,False,False,True,False,False,True,False,False,False,False,False,False,False
1,0.4999999999999999,0.8660254037844387,1,0,0,1,0,0,1,121,2025,53.86,87.4,57.45,73.06666666666666,60.74916666666667,-3.5900000000000034,1.0,21.0,21.0,1.4285714285714286,0.6931471805599453,3.091042453358316,3,1.3685833363643862,31.14656771799629,2.1493813620399,False,True,False,False,False,False,False,False,False,False,False,False,False,False,False,False,False,False,False,False,False,False,False,False,False,False,True,False,False,False,False,False,False,False,True,False,False,False,False,False
5,0.4999999999999999,-0.8660254037844387,2,0,0,0,1,0,1,113,2024,20.65,23.28,27.43,24.366666666666664,28.4375,-6.780000000000001,8.0,241.0,30.125,1.5311203319502074,2.19722457733622,5.488937726156687,1,0.6523540595228975,31.13929787234043,2.292383678314417,False,False,False,False,False,False,False,False,True,False,False,False,False,False,False,False,False,False,False,False,False,False,False,False,False,False,False,False,False,True,False,False,True,False,False,False,False,False,False,False
4,0.8660254037844387,-0.4999999999999998,2,0,1,0,0,0,1,112,2024,12.07,9.16,11.62,12.226666666666668,10.2425,0.450000000000001,5.0,132.0,26.4,1.7803030303030305,1.791759469228055,4.890349128221754,1,2.2470269208737568,20.909291666666665,2.376276214128597,False,False,False,False,True,False,False,False,False,False,False,False,False,False,False,False,False,False,False,False,False,False,False,False,False,False,False,False,False,True,False,False,True,False,False,False,False,False,False,False
9,-1.0,-1.8369701987210294e-16,3,0,0,0,1,0,1,117,2024,20.69,21.1,14.63,23.46333333333334,17.609166666666667,6.0600000000000005,20.0,320.0,16.0,1.925,3.044522437723423,5.771441123130016,3,4.599598019455207,21.478070500927643,1.4848958608542095,False,False,False,False,False,False,False,False,False,False,False,False,False,False,False,False,False,False,False,False,False,False,False,False,True,False,False,False,True,False,False,False,False,False,True,False,False,False,False,False
5,0.4999999999999999,-0.8660254037844387,2,0,0,0,1,0,1,125,2025,34.1,33.21,30.01,33.81333333333333,32.69166666666667,4.09,132.0,2227.0,16.87121212121212,1.7530309833857207,4.890349128221754,7.708859601047175,2,4.599598019455207,21.478070500927643,1.4848958608542095,False,False,False,False,False,False,False,False,False,False,False,False,False,False,False,False,False,False,False,False,False,False,False,False,True,False,False,False,True,False,False,False,False,True,False,False,False,False,False,False
3,1.0,6.123233995736766e-17,1,0,1,0,0,0,1,111,2024,35.02,9.45,11.47,20.2,13.274166666666668,23.550000000000004,8.0,128.0,16.0,3.2578125,2.19722457733622,4.859812404361672,0,12.272936264143388,41.06024154589373,2.695363094798593,False,False,False,False,False,False,False,False,False,False,False,False,False,True,False,False,False,False,False,False,False,False,False,False,False,True,False,False,False,False,False,False,False,False,False,False,False,True,False,False
7,-0.4999999999999997,-0.8660254037844388,3,1,0,0,1,0,1,115,2024,39.18,29.65,44.41,35.300000000000004,34.0625,-5.229999999999997,3.0,57.0,19.0,2.0,1.3862943611198906,4.060443010546419,3,0.5433715367037989,19.593496503496503,2.1089584460983564,False,False,False,False,False,False,False,False,False,False,True,False,False,False,False,False,False,False,False,False,False,False,False,False,False,False,False,False,True,False,False,False,False,False,True,False,False,False,False,False
9,-1.0,-1.8369701987210294e-16,3,0,0,0,1,0,1,117,2024,16.51,14.98,16.03,16.533333333333335,17.388333333333335,0.4800000000000004,5.0,221.0,44.2,2.1493212669683257,1.791759469228055,5.402677381872279,1,0.5433715367037989,19.593496503496503,2.1089584460983564,False,False,False,False,False,False,False,False,False,False,True,False,False,False,False,False,False,False,False,False,False,False,False,False,False,False,False,False,False,True,False,False,True,False,False,False,False,False,False,False
7,-0.4999999999999997,-0.8660254037844388,3,1,0,0,1,0,1,115,2024,43.29,36.93,43.71,39.51000000000001,39.92916666666667,-0.4200000000000017,2.0,162.0,81.0,1.851851851851852,1.0986122886681098,5.093750200806762,5,3.1163155637869844,25.446506849315064,2.056356448131027,False,False,False,False,False,False,False,False,False,False,False,False,False,False,False,False,False,False,False,False,False,False,False,True,False,False,False,False,False,True,False,False,False,False,False,False,True,False,False,False
6,1.2246467991473532e-16,-1.0,2,0,0,0,1,0,1,126,2025,35.04,24.02,21.58,25.736666666666668,29.41916666666667,13.46,18.0,249.0,13.833333333333334,1.5100401606425702,2.9444389791664403,5.521460917862246,1,5.432849023145278,26.621532258064512,2.192986415167364,True,False,False,False,False,False,False,False,False,False,False,False,False,False,False,False,False,False,False,False,False,False,False,False,False,False,False,False,True,False,False,False,True,False,False,False,False,False,False,False
1,0.4999999999999999,0.8660254037844387,1,0,0,1,0,0,1,121,2025,56.95,73.53,36.43,62.79666666666666,61.395833333333336,20.520000000000003,15.0,1281.0,85.4,1.936768149882904,2.772588722239781,7.156176637480615,5,62.68017543516754,37.42273333333333,6.634708430578383,False,False,False,False,False,False,True,False,False,False,False,False,False,False,False,False,False,False,False,False,False,False,False,False,False,False,False,False,False,True,False,False,False,False,False,False,True,False,False,False
5,0.4999999999999999,-0.8660254037844387,2,0,0,0,1,0,1,113,2024,22.92,27.54,39.35,24.616666666666664,32.015,-16.43,20.0,339.0,16.95,1.4572271386430675,3.044522437723423,5.828945617610208,1,0.6441224885664825,21.0460510805501,3.1524834348578508,False,False,False,False,False,False,False,False,False,False,False,False,False,False,False,False,False,True,False,False,False,False,False,False,False,False,False,False,True,False,False,False,True,False,False,False,False,False,False,False
4,0.8660254037844387,-0.4999999999999998,2,0,1,0,0,0,1,112,2024,93.16,91.49,80.45,94.28000000000002,89.64,12.709999999999994,2.0,371.0,185.5,1.61455525606469,1.0986122886681098,5.918893854273146,4,10.410997619296747,51.28445820433436,1.14504020159289,False,False,False,False,False,True,False,False,False,False,False,False,False,False,False,False,False,False,False,False,False,False,False,False,False,False,False,False,False,True,False,False,False,False,False,True,False,False,False,False
6,1.2246467991473532e-16,-1.0,2,0,0,0,1,0,1,114,2024,34.72,34.16,31.32,34.00666666666667,32.920833333333334,3.3999999999999986,3.0,51.0,17.0,1.96078431372549,1.3862943611198906,3.951243718581428,3,1.8927983246544748,27.19991397849462,1.6267007699304217,False,False,False,True,False,False,False,False,False,False,False,False,False,False,False,False,False,False,False,False,False,False,False,False,False,False,False,False,True,False,False,False,False,False,True,False,False,False,False,False
2,0.8660254037844386,0.5000000000000001,1,0,0,0,0,0,1,122,2025,13.34,13.28,14.61,12.57,12.356666666666667,-1.2699999999999996,5.0,66.0,13.2,1.9848484848484849,1.791759469228055,4.204692619390966,2,18.84827656325013,35.62061946902655,4.572019679171958,False,False,False,False,False,False,False,False,False,False,False,False,False,False,False,False,False,False,False,False,False,False,True,False,False,False,False,False,True,False,False,False,False,True,False,False,False,False,False,False
2,0.8660254037844386,0.5000000000000001,1,0,0,0,0,0,1,122,2025,6.29,5.07,8.77,5.073333333333339,4.980833333333334,-2.4799999999999995,2.0,82.0,41.0,2.0853658536585367,1.0986122886681098,4.418840607796598,1,37.44257214866774,25.989519650655023,4.493038522043984,False,False,False,False,False,False,False,False,False,False,False,False,False,False,False,False,False,False,False,False,False,True,False,False,False,False,False,False,False,True,False,False,True,False,False,False,False,False,False,False
2,0.8660254037844386,0.5000000000000001,1,0,0,0,0,0,1,122,2025,33.15,46.52,26.38,37.85666666666667,47.31333333333333,6.77,94.0,3327.0,35.3936170212766,1.9455966336038475,4.553876891600541,8.1101268019411,3,62.68017543516754,37.42273333333333,6.634708430578383,False,False,False,False,False,False,True,False,False,False,False,False,False,False,False,False,False,False,False,False,False,False,False,False,False,False,False,False,False,True,False,False,False,False,True,False,False,False,False,False
12,-2.4492935982947064e-16,1.0,4,0,0,1,0,0,1,120,2024,14.24,14.86,10.55,15.86,15.045833333333333,3.69,4.0,118.0,29.5,1.6355932203389831,1.6094379124341005,4.77912349311153,1,62.68017543516754,37.42273333333333,6.634708430578383,False,False,False,False,False,False,True,False,False,False,False,False,False,False,False,False,False,False,False,False,False,False,False,False,False,False,False,False,False,True,False,False,True,False,False,False,False,False,False,False
1,0.4999999999999999,0.8660254037844387,1,0,0,1,0,0,1,121,2025,12.48,42.64,7.57,24.993333333333336,24.48333333333333,4.91,1.0,23.0,23.0,2.217391304347826,0.6931471805599453,3.1780538303479458,0,19.321181236521397,33.32766268260292,5.478599823636219,False,False,True,False,False,False,False,False,False,False,False,False,False,False,False,False,False,False,False,False,False,False,False,False,False,False,False,True,False,False,False,False,False,False,False,False,False,False,True,False
9,-1.0,-1.8369701987210294e-16,3,0,0,0,1,0,1,117,2024,32.77,25.09,28.53,29.17333333333333,27.87333333333333,4.240000000000002,36.0,1177.0,32.69444444444444,1.6779949022939675,3.610917912644224,7.071573364211532,3,2.854456235021364,27.928541666666668,1.7036471833624431,False,False,False,False,False,False,False,False,False,False,False,False,True,False,False,False,False,False,False,False,False,False,False,False,False,False,False,False,False,True,False,False,False,False,True,False,False,False,False,False
1,0.4999999999999999,0.8660254037844387,1,0,0,1,0,0,1,121,2025,9.22,10.29,52.16,10.523333333333332,20.939166666666665,-42.94,6.0,162.0,27.0,1.9444444444444444,1.9459101490553128,5.093750200806762,3,5.402510157617734,24.56132467532468,2.2892610520048358,False,False,False,False,False,False,False,False,False,False,False,False,False,False,False,False,True,False,False,False,False,False,False,False,False,False,False,False,True,False,False,False,False,False,True,False,False,False,False,False
8,-0.8660254037844384,-0.5000000000000004,3,0,0,0,1,0,1,116,2024,5.0,5.0,4.68,5.0,5.194166666666667,0.3200000000000003,2.0,40.0,20.0,1.925,1.0986122886681098,3.713572066704308,1,9.095179193369573,34.95128731343284,3.0085631316955235,False,False,False,False,False,False,False,False,False,False,False,False,False,False,False,False,False,False,True,False,False,False,False,False,False,False,False,False,False,True,False,False,True,False,False,False,False,False,False,False
7,-0.4999999999999997,-0.8660254037844388,3,1,0,0,1,0,1,115,2024,18.89,16.72,56.15,17.75,25.536666666666665,-37.26,2.0,66.0,33.0,1.4242424242424243,1.0986122886681098,4.204692619390966,1,0.5784654563408463,29.6538961038961,2.6469618055221846,False,False,False,False,False,False,False,True,False,False,False,False,False,False,False,False,False,False,False,False,False,False,False,False,False,False,False,False,True,False,False,False,True,False,False,False,False,False,False,False
12,-2.4492935982947064e-16,1.0,4,0,0,1,0,0,1,120,2024,24.43,24.57,24.86,24.283333333333328,23.915833333333328,-0.4299999999999997,875.0,9302.0,10.630857142857144,1.5774027090948184,6.775366090936392,9.138092207768558,0,1.7621116901403215,33.30862646566164,4.388568475722211,False,False,False,False,False,False,False,False,False,False,False,False,False,False,False,False,False,False,False,False,True,False,False,False,False,False,False,False,False,False,True,False,False,False,False,False,False,False,False,True
4,0.8660254037844387,-0.4999999999999998,2,0,1,0,0,0,1,124,2025,27.59,31.65,23.54,35.74666666666666,29.694166666666664,4.050000000000001,33.0,948.0,28.727272727272727,1.9493670886075949,3.5263605246161616,6.855408798609928,2,37.44257214866774,25.989519650655023,4.493038522043984,False,False,False,False,False,False,False,False,False,False,False,False,False,False,False,False,False,False,False,False,False,True,False,False,False,False,False,False,False,True,False,False,False,True,False,False,False,False,False,False
3,1.0,6.123233995736766e-17,1,0,1,0,0,0,1,111,2024,16.66,35.35,32.76,18.61,35.9625,-16.099999999999998,6.0,144.0,24.0,1.8333333333333333,1.9459101490553128,4.976733742420574,3,0.6441224885664825,21.0460510805501,3.1524834348578508,False,False,False,False,False,False,False,False,False,False,False,False,False,False,False,False,False,True,False,False,False,False,False,False,False,False,False,False,False,True,False,False,False,False,True,False,False,False,False,False
7,-0.4999999999999997,-0.8660254037844388,3,1,0,0,1,0,1,115,2024,14.98,16.97,22.79,15.573333333333332,17.815833333333334,-7.809999999999999,5.0,221.0,44.2,2.1493212669683257,1.791759469228055,5.402677381872279,1,0.5433715367037989,19.593496503496503,2.1089584460983564,False,False,False,False,False,False,False,False,False,False,True,False,False,False,False,False,False,False,False,False,False,False,False,False,False,False,False,False,False,True,False,False,True,False,False,False,False,False,False,False
7,-0.4999999999999997,-0.8660254037844388,3,1,0,0,1,0,1,115,2024,18.87,22.35,31.03,19.69,25.96583333333333,-12.16,8.0,133.0,16.625,1.6466165413533835,2.19722457733622,4.897839799950911,3,27.81733752340581,29.54483928571429,2.365292158846613,False,False,False,False,False,False,False,False,False,False,False,False,False,False,True,False,False,False,False,False,False,False,False,False,False,False,False,False,True,False,False,False,False,False,True,False,False,False,False,False
4,0.8660254037844387,-0.4999999999999998,2,0,1,0,0,0,1,124,2025,25.07,24.55,21.49,25.106666666666666,22.489166666666662,3.580000000000002,7300.0,56426.0,7.72958904109589,1.7209088009073832,8.895766604056085,10.940703046338914,0,12.272936264143388,41.06024154589373,2.695363094798593,False,False,False,False,False,False,False,False,False,False,False,False,False,True,False,False,False,False,False,False,False,False,False,False,False,False,False,False,False,False,True,False,False,False,False,False,False,False,False,True
11,-0.5000000000000004,0.8660254037844384,4,0,0,0,0,0,1,119,2024,3.57,3.23,3.16,3.846666666666666,5.085833333333333,0.4099999999999997,1.0,19.0,19.0,1.8421052631578947,0.6931471805599453,2.995732273553991,3,19.321181236521397,33.32766268260292,5.478599823636219,False,False,True,False,False,False,False,False,False,False,False,False,False,False,False,False,False,False,False,False,False,False,False,False,False,False,True,False,False,False,False,False,False,False,True,False,False,False,False,False
1,0.4999999999999999,0.8660254037844387,1,0,0,1,0,0,1,109,2024,19.46,31.04,28.49,25.186666666666667,27.675,-9.029999999999998,26.0,628.0,24.153846153846157,1.6990445859872612,3.295836866004329,6.444131256700441,2,0.6523540595228975,31.13929787234043,2.292383678314417,False,False,False,False,False,False,False,False,True,False,False,False,False,False,False,False,False,False,False,False,False,False,False,False,False,False,False,False,True,False,False,False,False,True,False,False,False,False,False,False
2,0.8660254037844386,0.5000000000000001,1,0,0,0,0,0,1,110,2024,57.45,72.22,24.66,59.25,59.615,32.790000000000006,1.0,21.0,21.0,1.4285714285714286,0.6931471805599453,3.091042453358316,3,1.3685833363643862,31.14656771799629,2.1493813620399,False,True,False,False,False,False,False,False,False,False,False,False,False,False,False,False,False,False,False,False,False,False,False,False,False,False,True,False,False,False,False,False,False,False,True,False,False,False,False,False
9,-1.0,-1.8369701987210294e-16,3,0,0,0,1,0,1,117,2024,14.87,16.07,14.87,17.856666666666662,18.238333333333333,0.0,2.0,63.0,31.5,2.0,1.0986122886681098,4.158883083359672,1,5.402510157617734,24.56132467532468,2.2892610520048358,False,False,False,False,False,False,False,False,False,False,False,False,False,False,False,False,True,False,False,False,False,False,False,False,False,False,False,False,False,True,False,False,True,False,False,False,False,False,False,False
9,-1.0,-1.8369701987210294e-16,3,0,0,0,1,0,1,117,2024,54.85,53.43,36.51,55.21666666666667,42.14833333333333,18.340000000000003,90.0,3227.0,35.855555555555554,1.96436318562132,4.51085950651685,8.07961802938984,3,62.68017543516754,37.42273333333333,6.634708430578383,False,False,False,False,False,False,True,False,False,False,False,False,False,False,False,False,False,False,False,False,False,False,False,False,False,False,False,False,False,True,False,False,False,False,True,False,False,False,False,False
6,1.2246467991473532e-16,-1.0,2,0,0,0,1,0,1,126,2025,28.72,26.74,25.09,27.759999999999994,29.02,3.629999999999999,36.0,1126.0,31.27777777777778,1.7104795737122558,3.610917912644224,7.027314514039777,3,2.854456235021364,27.928541666666668,1.7036471833624431,False,False,False,False,False,False,False,False,False,False,False,False,True,False,False,False,False,False,False,False,False,False,False,False,False,False,False,False,False,True,False,False,False,False,True,False,False,False,False,False
2,0.8660254037844386,0.5000000000000001,1,0,0,0,0,0,1,122,2025,12.46,13.02,11.75,13.023333333333335,16.398333333333333,0.7100000000000009,23.0,283.0,12.304347826086955,2.508833922261484,3.1780538303479458,5.648974238161206,0,0.6441224885664825,21.0460510805501,3.1524834348578508,False,False,False,False,False,False,False,False,False,False,False,False,False,False,False,False,False,True,False,False,False,False,False,False,False,True,False,False,False,False,False,False,False,False,False,False,False,True,False,False
3,1.0,6.123233995736766e-17,1,0,1,0,0,0,1,123,2025,24.6,14.56,21.02,20.250000000000004,22.61916666666667,3.580000000000002,68.0,1859.0,27.33823529411765,1.612694997310382,4.23410650459726,7.528331766707247,2,2.2470269208737568,20.909291666666665,2.376276214128597,False,False,False,False,True,False,False,False,False,False,False,False,False,False,False,False,False,False,False,False,False,False,False,False,False,False,False,False,False,True,False,False,False,True,False,False,False,False,False,False
3,1.0,6.123233995736766e-17,1,0,1,0,0,0,1,123,2025,25.83,38.35,28.24,31.42,38.560833333333335,-2.41,7.0,123.0,17.571428571428573,2.2357723577235773,2.079441541679836,4.820281565605037,0,1.7621116901403215,33.30862646566164,4.388568475722211,False,False,False,False,False,False,False,False,False,False,False,False,False,False,False,False,False,False,False,False,True,False,False,False,False,True,False,False,False,False,False,False,False,False,False,False,False,True,False,False
4,0.8660254037844387,-0.4999999999999998,2,0,1,0,0,0,1,124,2025,17.24,17.19,13.98,17.96333333333334,25.82916666666667,3.259999999999998,9.0,128.0,14.22222222222222,1.953125,2.302585092994046,4.859812404361672,3,5.432849023145278,26.621532258064512,2.192986415167364,True,False,False,False,False,False,False,False,False,False,False,False,False,False,False,False,False,False,False,False,False,False,False,False,False,False,False,False,True,False,False,False,False,False,True,False,False,False,False,False
2,0.8660254037844386,0.5000000000000001,1,0,0,0,0,0,1,122,2025,23.58,24.59,21.92,22.86,27.18166666666667,1.6599999999999966,2041.0,19712.0,9.658010779029889,1.7483766233766234,7.621684998724611,9.889033595565978,0,62.68017543516754,37.42273333333333,6.634708430578383,False,False,False,False,False,False,True,False,False,False,False,False,False,False,False,False,False,False,False,False,False,False,False,False,False,False,False,False,False,False,True,False,False,False,False,False,False,False,False,True
3,1.0,6.123233995736766e-17,1,0,1,0,0,0,1,123,2025,5.88,2.28,5.06,3.333333333333331,2.4175,0.8200000000000003,4.0,65.0,16.25,2.1846153846153844,1.6094379124341005,4.189654742026425,3,18.84827656325013,35.62061946902655,4.572019679171958,False,False,False,False,False,False,False,False,False,False,False,False,False,False,False,False,False,False,False,False,False,False,True,False,False,False,False,False,True,False,False,False,False,False,True,False,False,False,False,False
5,0.4999999999999999,-0.8660254037844387,2,0,0,0,1,0,1,125,2025,27.17,23.84,39.11,24.180000000000003,29.98,-11.939999999999998,1.0,40.0,40.0,1.65,0.6931471805599453,3.713572066704308,4,0.5433715367037989,19.593496503496503,2.1089584460983564,False,False,False,False,False,False,False,False,False,False,True,False,False,False,False,False,False,False,False,False,False,False,False,False,False,False,False,False,False,True,False,False,False,False,False,True,False,False,False,False
2,0.8660254037844386,0.5000000000000001,1,0,0,0,0,0,1,110,2024,22.23,26.31,22.49,23.00666666666667,22.16333333333333,-0.259999999999998,18.0,418.0,23.22222222222222,1.7200956937799043,2.9444389791664403,6.037870919922137,3,5.432849023145278,26.621532258064512,2.192986415167364,True,False,False,False,False,False,False,False,False,False,False,False,False,False,False,False,False,False,False,False,False,False,False,False,False,False,False,False,False,True,False,False,False,False,True,False,False,False,False,False
7,-0.4999999999999997,-0.8660254037844388,3,1,0,0,1,0,1,115,2024,27.3,20.34,31.84,25.450000000000006,24.715,-4.539999999999999,11.0,159.0,14.454545454545457,2.2138364779874213,2.4849066497880004,5.075173815233827,0,1.7621116901403215,33.30862646566164,4.388568475722211,False,False,False,False,False,False,False,False,False,False,False,False,False,False,False,False,False,False,False,False,True,False,False,False,False,True,False,False,False,False,False,False,False,False,False,False,False,True,False,False
6,1.2246467991473532e-16,-1.0,2,0,0,0,1,0,1,126,2025,13.31,18.62,19.35,16.223333333333333,16.66583333333333,-6.040000000000001,17.0,304.0,17.88235294117647,1.9210526315789476,2.8903717578961645,5.720311776607412,2,0.6441224885664825,21.0460510805501,3.1524834348578508,False,False,False,False,False,False,False,False,False,False,False,False,False,False,False,False,False,True,False,False,False,False,False,False,False,False,False,False,True,False,False,False,False,True,False,False,False,False,False,False
6,1.2246467991473532e-16,-1.0,2,0,0,0,1,0,1,114,2024,28.2,36.42,30.38,31.45,40.48583333333333,-2.18,3.0,275.0,91.66666666666669,1.9672727272727275,1.3862943611198906,5.62040086571715,4,37.44257214866774,25.989519650655023,4.493038522043984,False,False,False,False,False,False,False,False,False,False,False,False,False,False,False,False,False,False,False,False,False,True,False,False,False,False,False,False,False,True,False,False,False,False,False,True,False,False,False,False
10,-0.8660254037844386,0.5000000000000001,4,0,0,0,0,0,1,118,2024,37.15,29.53,28.87,31.47,28.174166666666668,8.279999999999998,547.0,5423.0,9.914076782449726,1.5469297436843077,6.306275286948016,8.598588829620232,0,3.1163155637869844,25.446506849315064,2.056356448131027,False,False,False,False,False,False,False,False,False,False,False,False,False,False,False,False,False,False,False,False,False,False,False,True,False,False,False,False,False,False,True,False,False,False,False,False,False,False,False,True
5,0.4999999999999999,-0.8660254037844387,2,0,0,0,1,0,1,113,2024,28.08,15.89,21.45,20.273333333333337,22.043333333333337,6.629999999999999,1.0,40.0,40.0,1.675,0.6931471805599453,3.713572066704308,2,10.410997619296747,51.28445820433436,1.14504020159289,False,False,False,False,False,True,False,False,False,False,False,False,False,False,False,False,False,False,False,False,False,False,False,False,False,False,False,False,False,True,False,False,False,True,False,False,False,False,False,False
4,0.8660254037844387,-0.4999999999999998,2,0,1,0,0,0,1,112,2024,16.73,17.54,17.92,18.75333333333333,23.154166666666665,-1.1900000000000013,1.0,32.0,32.0,3.25,0.6931471805599453,3.49650756146648,0,0.5433715367037989,19.593496503496503,2.1089584460983564,False,False,False,False,False,False,False,False,False,False,True,False,False,False,False,False,False,False,False,False,False,False,False,False,False,True,False,False,False,False,False,False,False,False,False,False,False,True,False,False
9,-1.0,-1.8369701987210294e-16,3,0,0,0,1,0,1,117,2024,27.68,26.22,30.63,28.19333333333333,27.20083333333333,-2.9499999999999997,24.0,394.0,16.416666666666668,1.9263959390862944,3.218875824868201,5.978885764901122,2,0.5433715367037989,19.593496503496503,2.1089584460983564,False,False,False,False,False,False,False,False,False,False,True,False,False,False,False,False,False,False,False,False,False,False,False,False,False,False,False,False,True,False,False,False,False,True,False,False,False,False,False,False
6,1.2246467991473532e-16,-1.0,2,0,0,0,1,0,1,126,2025,15.13,15.52,15.21,15.3,16.315,-0.08,442.0,4551.0,10.296380090497738,1.4752801582069874,6.093569770045136,8.423321975806166,0,2.854456235021364,27.928541666666668,1.7036471833624431,False,False,False,False,False,False,False,False,False,False,False,False,True,False,False,False,False,False,False,False,False,False,False,False,False,False,False,False,False,False,True,False,False,False,False,False,False,False,False,True
4,0.8660254037844387,-0.4999999999999998,2,0,1,0,0,0,1,112,2024,2.89,3.4,2.98,4.226666666666666,4.534999999999999,-0.0899999999999998,1.0,19.0,19.0,1.8421052631578947,0.6931471805599453,2.995732273553991,3,19.321181236521397,33.32766268260292,5.478599823636219,False,False,True,False,False,False,False,False,False,False,False,False,False,False,False,False,False,False,False,False,False,False,False,False,False,False,True,False,False,False,False,False,False,False,True,False,False,False,False,False
1,0.4999999999999999,0.8660254037844387,1,0,0,1,0,0,1,121,2025,17.2,22.98,21.3,20.133333333333336,20.94666666666667,-4.100000000000001,43.0,1208.0,28.093023255813957,1.771523178807947,3.784189633918261,7.097548850614793,2,19.321181236521397,33.32766268260292,5.478599823636219,False,False,True,False,False,False,False,False,False,False,False,False,False,False,False,False,False,False,False,False,False,False,False,False,False,False,False,False,False,True,False,False,False,True,False,False,False,False,False,False
1,0.4999999999999999,0.8660254037844387,1,0,0,1,0,0,1,109,2024,21.07,26.33,18.43,24.703333333333333,22.791666666666668,2.640000000000001,24.0,494.0,20.58333333333333,1.890688259109312,3.218875824868201,6.20455776256869,3,12.272936264143388,41.06024154589373,2.695363094798593,False,False,False,False,False,False,False,False,False,False,False,False,False,True,False,False,False,False,False,False,False,False,False,False,False,False,False,False,True,False,False,False,False,False,True,False,False,False,False,False
6,1.2246467991473532e-16,-1.0,2,0,0,0,1,0,1,126,2025,30.98,27.47,36.98,29.106666666666666,31.712499999999995,-5.9999999999999964,16.0,571.0,35.6875,1.6742556917688267,2.833213344056216,6.349138991379798,3,3.1163155637869844,25.446506849315064,2.056356448131027,False,False,False,False,False,False,False,False,False,False,False,False,False,False,False,False,False,False,False,False,False,False,False,True,False,False,False,False,False,True,False,False,False,False,True,False,False,False,False,False
6,1.2246467991473532e-16,-1.0,2,0,0,0,1,0,1,114,2024,35.57,34.12,45.35,35.53666666666667,39.965,-9.78,6.0,146.0,24.33333333333333,1.4657534246575343,1.9459101490553128,4.990432586778736,2,21.020176709632445,34.21156903765691,2.7573282927360605,False,False,False,False,False,False,False,False,False,False,False,False,False,False,False,True,False,False,False,False,False,False,False,False,False,False,False,False,True,False,False,False,False,True,False,False,False,False,False,False
6,1.2246467991473532e-16,-1.0,2,0,0,0,1,0,1,114,2024,12.37,15.89,12.58,12.589999999999998,15.0675,-0.2100000000000008,430.0,4004.0,9.311627906976744,1.792957042957043,6.066108090103747,8.29529885950246,0,37.44257214866774,25.989519650655023,4.493038522043984,False,False,False,False,False,False,False,False,False,False,False,False,False,False,False,False,False,False,False,False,False,True,False,False,False,False,False,False,False,False,True,False,False,False,False,False,False,False,False,True
2,0.8660254037844386,0.5000000000000001,1,0,0,0,0,0,1,122,2025,40.04,34.57,37.86,36.06666666666666,35.18333333333333,2.18,6.0,130.0,21.666666666666668,1.5307692307692309,1.9459101490553128,4.875197323201151,2,1.3685833363643862,31.14656771799629,2.1493813620399,False,True,False,False,False,False,False,False,False,False,False,False,False,False,False,False,False,False,False,False,False,False,False,False,False,False,False,False,True,False,False,False,False,True,False,False,False,False,False,False
12,-2.4492935982947064e-16,1.0,4,0,0,1,0,0,1,120,2024,36.99,27.37,31.35,32.26666666666667,36.028333333333336,5.640000000000001,42.0,718.0,17.095238095238095,1.8662952646239557,3.7612001156935615,6.577861357721047,3,16.521531105359642,31.1375,3.6676474044642338,False,False,False,False,False,False,False,False,False,True,False,False,False,False,False,False,False,False,False,False,False,False,False,False,False,False,False,False,True,False,False,False,False,False,True,False,False,False,False,False
10,-0.8660254037844386,0.5000000000000001,4,0,0,0,0,0,1,118,2024,7.78,16.72,6.29,11.083333333333334,16.132499999999997,1.4900000000000002,8.0,224.0,28.0,1.7232142857142858,2.19722457733622,5.41610040220442,1,16.521531105359642,31.1375,3.6676474044642338,False,False,False,False,False,False,False,False,False,True,False,False,False,False,False,False,False,False,False,False,False,False,False,False,False,False,False,False,False,True,False,False,True,False,False,False,False,False,False,False
10,-0.8660254037844386,0.5000000000000001,4,0,0,0,0,0,1,118,2024,42.88,41.11,34.22,39.38333333333333,34.78333333333333,8.660000000000004,3.0,51.0,17.0,1.96078431372549,1.3862943611198906,3.951243718581428,3,1.8927983246544748,27.19991397849462,1.6267007699304217,False,False,False,True,False,False,False,False,False,False,False,False,False,False,False,False,False,False,False,False,False,False,False,False,False,False,False,False,True,False,False,False,False,False,True,False,False,False,False,False
5,0.4999999999999999,-0.8660254037844387,2,0,0,0,1,0,1,125,2025,25.65,19.46,20.65,20.78333333333333,26.801666666666662,5.0,9.0,128.0,14.22222222222222,1.953125,2.302585092994046,4.859812404361672,3,5.432849023145278,26.621532258064512,2.192986415167364,True,False,False,False,False,False,False,False,False,False,False,False,False,False,False,False,False,False,False,False,False,False,False,False,False,False,False,False,True,False,False,False,False,False,True,False,False,False,False,False
5,0.4999999999999999,-0.8660254037844387,2,0,0,0,1,0,1,113,2024,46.16,37.8,24.41,40.03666666666667,32.431666666666665,21.75,5.0,178.0,35.6,1.6741573033707866,1.791759469228055,5.187385805840755,3,1.3685833363643862,31.14656771799629,2.1493813620399,False,True,False,False,False,False,False,False,False,False,False,False,False,False,False,False,False,False,False,False,False,False,False,False,False,False,False,False,False,True,False,False,False,False,True,False,False,False,False,False
9,-1.0,-1.8369701987210294e-16,3,0,0,0,1,0,1,117,2024,17.37,15.21,16.59,16.243333333333336,16.364166666666666,0.7800000000000011,453.0,4498.0,9.929359823399558,1.4539795464650955,6.118097198041348,8.411610428841172,0,2.854456235021364,27.928541666666668,1.7036471833624431,False,False,False,False,False,False,False,False,False,False,False,False,True,False,False,False,False,False,False,False,False,False,False,False,False,False,False,False,False,False,True,False,False,False,False,False,False,False,False,True
9,-1.0,-1.8369701987210294e-16,3,0,0,0,1,0,1,117,2024,22.76,20.19,22.16,21.896666666666665,22.13,0.6000000000000014,51.0,865.0,16.96078431372549,1.5907514450867053,3.951243718581428,6.763884908562435,2,5.432849023145278,26.621532258064512,2.192986415167364,True,False,False,False,False,False,False,False,False,False,False,False,False,False,False,False,False,False,False,False,False,False,False,False,False,False,False,False,True,False,False,False,False,True,False,False,False,False,False,False
9,-1.0,-1.8369701987210294e-16,3,0,0,0,1,0,1,117,2024,23.47,22.55,22.42,25.47333333333333,23.25833333333333,1.0499999999999972,12.0,170.0,14.166666666666666,1.7294117647058824,2.5649493574615367,5.14166355650266,1,0.5433715367037989,19.593496503496503,2.1089584460983564,False,False,False,False,False,False,False,False,False,False,True,False,False,False,False,False,False,False,False,False,False,False,False,False,False,False,False,False,True,False,False,False,True,False,False,False,False,False,False,False
5,0.4999999999999999,-0.8660254037844387,2,0,0,0,1,0,1,113,2024,12.0,18.14,18.25,15.96,17.6375,-6.25,605.0,5654.0,9.345454545454546,1.6202688362221436,6.406879986069314,8.640295388550221,0,1.8927983246544748,27.19991397849462,1.6267007699304217,False,False,False,True,False,False,False,False,False,False,False,False,False,False,False,False,False,False,False,False,False,False,False,False,False,False,False,False,False,False,True,False,False,False,False,False,False,False,False,True
6,1.2246467991473532e-16,-1.0,2,0,0,0,1,0,1,126,2025,52.97,72.5,48.94,59.36333333333334,70.735,4.030000000000001,1.0,402.0,402.0,2.738805970149253,0.6931471805599453,5.998936561946683,4,18.84827656325013,35.62061946902655,4.572019679171958,False,False,False,False,False,False,False,False,False,False,False,False,False,False,False,False,False,False,False,False,False,False,True,False,False,False,False,False,False,False,False,True,False,False,False,True,False,False,False,False
8,-0.8660254037844384,-0.5000000000000004,3,0,0,0,1,0,1,116,2024,30.91,26.47,29.05,28.57666666666667,25.57083333333333,1.8599999999999997,7.0,278.0,39.71428571428572,1.70863309352518,2.079441541679836,5.631211781821365,2,1.3685833363643862,31.14656771799629,2.1493813620399,False,True,False,False,False,False,False,False,False,False,False,False,False,False,False,False,False,False,False,False,False,False,False,False,False,False,False,False,False,True,False,False,False,True,False,False,False,False,False,False
5,0.4999999999999999,-0.8660254037844387,2,0,0,0,1,0,1,125,2025,23.22,24.58,26.47,23.456666666666678,25.821666666666665,-3.25,7.0,288.0,41.142857142857146,1.7152777777777777,2.079441541679836,5.666426688112432,2,1.3685833363643862,31.14656771799629,2.1493813620399,False,True,False,False,False,False,False,False,False,False,False,False,False,False,False,False,False,False,False,False,False,False,False,False,False,False,False,False,False,True,False,False,False,True,False,False,False,False,False,False
12,-2.4492935982947064e-16,1.0,4,0,0,1,0,0,1,120,2024,20.22,21.01,17.45,21.403333333333336,20.9675,2.77,43.0,1208.0,28.093023255813957,1.7566225165562914,3.784189633918261,7.097548850614793,2,19.321181236521397,33.32766268260292,5.478599823636219,False,False,True,False,False,False,False,False,False,False,False,False,False,False,False,False,False,False,False,False,False,False,False,False,False,False,False,False,False,True,False,False,False,True,False,False,False,False,False,False
1,0.4999999999999999,0.8660254037844387,1,0,0,1,0,0,1,109,2024,17.51,18.24,9.4,20.343333333333337,20.53333333333333,8.110000000000001,24.0,596.0,24.83333333333333,1.667785234899329,3.218875824868201,6.391917113392602,2,5.402510157617734,24.56132467532468,2.2892610520048358,False,False,False,False,False,False,False,False,False,False,False,False,False,False,False,False,True,False,False,False,False,False,False,False,False,False,False,False,False,True,False,False,False,True,False,False,False,False,False,False
4,0.8660254037844387,-0.4999999999999998,2,0,1,0,0,0,1,124,2025,35.57,41.22,35.76,38.906666666666666,35.82416666666666,-0.1899999999999977,41.0,676.0,16.48780487804878,1.8727810650887573,3.737669618283368,6.517671272912275,3,16.521531105359642,31.1375,3.6676474044642338,False,False,False,False,False,False,False,False,False,True,False,False,False,False,False,False,False,False,False,False,False,False,False,False,False,False,False,False,True,False,False,False,False,False,True,False,False,False,False,False
4,0.8660254037844387,-0.4999999999999998,2,0,1,0,0,0,1,124,2025,24.01,24.56,19.89,24.55333333333333,22.050833333333333,4.120000000000001,59.0,924.0,15.66101694915254,1.5627705627705628,4.0943445622221,6.829793737512425,2,5.432849023145278,26.621532258064512,2.192986415167364,True,False,False,False,False,False,False,False,False,False,False,False,False,False,False,False,False,False,False,False,False,False,False,False,False,False,False,False,True,False,False,False,False,True,False,False,False,False,False,False
12,-2.4492935982947064e-16,1.0,4,0,0,1,0,0,1,120,2024,7.9,8.51,8.73,10.450000000000005,10.945,-0.8300000000000001,2.0,65.0,32.5,1.6615384615384616,1.0986122886681098,4.189654742026425,3,0.5784654563408463,29.6538961038961,2.6469618055221846,False,False,False,False,False,False,False,True,False,False,False,False,False,False,False,False,False,False,False,False,False,False,False,False,False,False,False,False,False,True,False,False,False,False,True,False,False,False,False,False
6,1.2246467991473532e-16,-1.0,2,0,0,0,1,0,1,114,2024,14.65,12.81,11.7,14.263333333333335,12.876666666666669,2.950000000000001,1.0,35.0,35.0,1.4857142857142858,0.6931471805599453,3.58351893845611,3,3.1163155637869844,25.446506849315064,2.056356448131027,False,False,False,False,False,False,False,False,False,False,False,False,False,False,False,False,False,False,False,False,False,False,False,True,False,False,False,False,True,False,False,False,False,False,True,False,False,False,False,False
3,1.0,6.123233995736766e-17,1,0,1,0,0,0,1,111,2024,12.36,8.73,8.14,9.313333333333334,13.1475,4.219999999999999,2.0,65.0,32.5,1.6615384615384616,1.0986122886681098,4.189654742026425,3,0.5784654563408463,29.6538961038961,2.6469618055221846,False,False,False,False,False,False,False,True,False,False,False,False,False,False,False,False,False,False,False,False,False,False,False,False,False,False,False,False,False,True,False,False,False,False,True,False,False,False,False,False
5,0.4999999999999999,-0.8660254037844387,2,0,0,0,1,0,1,113,2024,45.8,48.15,36.73,46.64666666666667,37.8525,9.07,6.0,247.0,41.16666666666666,1.834008097165992,1.9459101490553128,5.513428746164983,2,10.410997619296747,51.28445820433436,1.14504020159289,False,False,False,False,False,True,False,False,False,False,False,False,False,False,False,False,False,False,False,False,False,False,False,False,False,False,False,False,True,False,False,False,False,True,False,False,False,False,False,False
1,0.4999999999999999,0.8660254037844387,1,0,0,1,0,0,1,121,2025,27.9,28.71,37.03,29.460000000000004,35.48083333333333,-9.130000000000004,4.0,233.0,58.25,1.6781115879828326,1.6094379124341005,5.455321115357702,3,10.410997619296747,51.28445820433436,1.14504020159289,False,False,False,False,False,True,False,False,False,False,False,False,False,False,False,False,False,False,False,False,False,False,False,False,False,False,False,False,False,True,False,False,False,False,True,False,False,False,False,False
2,0.8660254037844386,0.5000000000000001,1,0,0,0,0,0,1,110,2024,51.73,38.83,50.4,43.77666666666666,34.6175,1.3299999999999983,9.0,284.0,31.55555555555556,1.9894366197183095,2.302585092994046,5.652489180268651,3,18.84827656325013,35.62061946902655,4.572019679171958,False,False,False,False,False,False,False,False,False,False,False,False,False,False,False,False,False,False,False,False,False,False,True,False,False,False,False,False,False,True,False,False,False,False,True,False,False,False,False,False
7,-0.4999999999999997,-0.8660254037844388,3,1,0,0,1,0,1,115,2024,29.99,36.23,49.28,35.24666666666667,46.07333333333333,-19.290000000000003,4.0,439.0,109.75,2.466970387243736,1.6094379124341005,6.0867747269123065,5,16.521531105359642,31.1375,3.6676474044642338,False,False,False,False,False,False,False,False,False,True,False,False,False,False,False,False,False,False,False,False,False,False,False,False,False,False,False,False,False,True,False,False,False,False,False,False,True,False,False,False
9,-1.0,-1.8369701987210294e-16,3,0,0,0,1,0,1,117,2024,24.73,18.89,23.9,21.576666666666668,20.1975,0.8300000000000018,2.0,66.0,33.0,1.4242424242424243,1.0986122886681098,4.204692619390966,1,0.5784654563408463,29.6538961038961,2.6469618055221846,False,False,False,False,False,False,False,True,False,False,False,False,False,False,False,False,False,False,False,False,False,False,False,False,False,False,False,False,True,False,False,False,True,False,False,False,False,False,False,False
2,0.8660254037844386,0.5000000000000001,1,0,0,0,0,0,1,122,2025,18.63,29.08,20.18,21.87,29.32166666666667,-1.5500000000000007,1.0,40.0,40.0,1.65,0.6931471805599453,3.713572066704308,4,0.5433715367037989,19.593496503496503,2.1089584460983564,False,False,False,False,False,False,False,False,False,False,True,False,False,False,False,False,False,False,False,False,False,False,False,False,False,False,False,False,False,True,False,False,False,False,False,True,False,False,False,False
4,0.8660254037844387,-0.4999999999999998,2,0,1,0,0,0,1,124,2025,34.6,33.13,29.32,35.23,32.45583333333334,5.280000000000001,72.0,2133.0,29.625,1.8799812470698547,4.290459441148391,7.665753431861699,3,3.798440627248956,29.71165505226481,2.022222823693005,False,False,False,False,False,False,False,False,False,False,False,True,False,False,False,False,False,False,False,False,False,False,False,False,False,False,False,False,False,True,False,False,False,False,True,False,False,False,False,False
3,1.0,6.123233995736766e-17,1,0,1,0,0,0,1,111,2024,16.76,4.69,7.83,10.433333333333335,14.19,8.930000000000001,8.0,340.0,42.5,1.738235294117647,2.19722457733622,5.831882477283517,2,1.8927983246544748,27.19991397849462,1.6267007699304217,False,False,False,True,False,False,False,False,False,False,False,False,False,False,False,False,False,False,False,False,False,False,False,False,False,False,False,False,False,True,False,False,False,True,False,False,False,False,False,False
2,0.8660254037844386,0.5000000000000001,1,0,0,0,0,0,1,122,2025,60.66,49.08,66.25,52.84666666666666,47.165,-5.590000000000003,5.0,546.0,109.2,2.3937728937728937,1.791759469228055,6.304448802421981,5,16.521531105359642,31.1375,3.6676474044642338,False,False,False,False,False,False,False,False,False,True,False,False,False,False,False,False,False,False,False,False,False,False,False,False,False,False,False,False,False,True,False,False,False,False,False,False,True,False,False,False
6,1.2246467991473532e-16,-1.0,2,0,0,0,1,0,1,114,2024,20.61,20.02,18.82,20.71666666666667,20.335833333333333,1.7899999999999991,43.0,1196.0,27.813953488372093,1.7550167224080269,3.784189633918261,7.087573705557973,2,19.321181236521397,33.32766268260292,5.478599823636219,False,False,True,False,False,False,False,False,False,False,False,False,False,False,False,False,False,False,False,False,False,False,False,False,False,False,False,False,False,True,False,False,False,True,False,False,False,False,False,False
3,1.0,6.123233995736766e-17,1,0,1,0,0,0,1,123,2025,35.89,34.09,36.77,36.23000000000001,44.876666666666665,-0.8800000000000026,1.0,60.0,60.0,1.6833333333333331,0.6931471805599453,4.110873864173311,4,0.6523540595228975,31.13929787234043,2.292383678314417,False,False,False,False,False,False,False,False,True,False,False,False,False,False,False,False,False,False,False,False,False,False,False,False,False,False,False,False,False,True,False,False,False,False,False,True,False,False,False,False
6,1.2246467991473532e-16,-1.0,2,0,0,0,1,0,1,114,2024,18.81,19.11,21.14,18.73,21.1675,-2.330000000000002,20.0,765.0,38.25,1.8666666666666667,3.044522437723423,6.641182169740591,3,0.5433715367037989,19.593496503496503,2.1089584460983564,False,False,False,False,False,False,False,False,False,False,True,False,False,False,False,False,False,False,False,False,False,False,False,False,False,False,False,False,False,True,False,False,False,False,True,False,False,False,False,False
5,0.4999999999999999,-0.8660254037844387,2,0,0,0,1,0,1,125,2025,27.65,32.71,22.6,27.69999999999999,31.669166666666666,5.049999999999997,21.0,302.0,14.38095238095238,1.7384105960264902,3.091042453358316,5.713732805509369,2,1.7621116901403215,33.30862646566164,4.388568475722211,False,False,False,False,False,False,False,False,False,False,False,False,False,False,False,False,False,False,False,False,True,False,False,False,False,False,False,False,True,False,False,False,False,True,False,False,False,False,False,False
2,0.8660254037844386,0.5000000000000001,1,0,0,0,0,0,1,110,2024,6.85,12.41,10.99,9.330000000000002,13.033333333333331,-4.140000000000001,2.0,65.0,32.5,1.6615384615384616,1.0986122886681098,4.189654742026425,3,0.5784654563408463,29.6538961038961,2.6469618055221846,False,False,False,False,False,False,False,True,False,False,False,False,False,False,False,False,False,False,False,False,False,False,False,False,False,False,False,False,False,True,False,False,False,False,True,False,False,False,False,False
2,0.8660254037844386,0.5000000000000001,1,0,0,0,0,0,1,110,2024,12.02,18.46,17.86,16.58333333333334,18.21333333333333,-5.84,1.0,44.0,44.0,1.8636363636363635,0.6931471805599453,3.80666248977032,2,0.5784654563408463,29.6538961038961,2.6469618055221846,False,False,False,False,False,False,False,True,False,False,False,False,False,False,False,False,False,False,False,False,False,False,False,False,False,False,False,False,True,False,False,False,False,True,False,False,False,False,False,False
3,1.0,6.123233995736766e-17,1,0,1,0,0,0,1,123,2025,39.69,26.15,52.11,34.676666666666655,49.33833333333333,-12.420000000000002,1.0,123.0,123.0,1.8780487804878048,0.6931471805599453,4.820281565605037,5,29.327002661953944,28.340468227424747,4.51235363631976,False,False,False,False,False,False,False,False,False,False,False,False,False,False,False,False,False,False,False,True,False,False,False,False,False,False,False,False,False,True,False,False,False,False,False,False,True,False,False,False
1,0.4999999999999999,0.8660254037844387,1,0,0,1,0,0,1,121,2025,12.21,22.08,12.71,19.933333333333334,15.901666666666666,-0.5,4.0,37.0,9.25,2.72972972972973,1.6094379124341005,3.6375861597263857,0,3.1163155637869844,25.446506849315064,2.056356448131027,False,False,False,False,False,False,False,False,False,False,False,False,False,False,False,False,False,False,False,False,False,False,False,True,False,True,False,False,False,False,False,False,False,False,False,False,False,True,False,False
10,-0.8660254037844386,0.5000000000000001,4,0,0,0,0,0,1,118,2024,18.81,22.7,16.72,20.980000000000008,19.0725,2.09,70.0,2180.0,31.142857142857142,1.6825688073394496,4.262679877041316,7.687538766201629,3,2.2470269208737568,20.909291666666665,2.376276214128597,False,False,False,False,True,False,False,False,False,False,False,False,False,False,False,False,False,False,False,False,False,False,False,False,False,False,False,False,False,True,False,False,False,False,True,False,False,False,False,False
5,0.4999999999999999,-0.8660254037844387,2,0,0,0,1,0,1,113,2024,36.92,35.25,32.03,35.43,39.67,4.890000000000001,6.0,146.0,24.33333333333333,1.4657534246575343,1.9459101490553128,4.990432586778736,2,21.020176709632445,34.21156903765691,2.7573282927360605,False,False,False,False,False,False,False,False,False,False,False,False,False,False,False,True,False,False,False,False,False,False,False,False,False,False,False,False,True,False,False,False,False,True,False,False,False,False,False,False
3,1.0,6.123233995736766e-17,1,0,1,0,0,0,1,123,2025,46.52,39.32,32.95,42.52333333333333,34.57,13.57,12.0,485.0,40.41666666666666,2.101030927835052,2.5649493574615367,6.186208623900494,3,37.44257214866774,25.989519650655023,4.493038522043984,False,False,False,False,False,False,False,False,False,False,False,False,False,False,False,False,False,False,False,False,False,True,False,False,False,False,False,False,False,True,False,False,False,False,True,False,False,False,False,False
8,-0.8660254037844384,-0.5000000000000004,3,0,0,0,1,0,1,116,2024,37.66,38.9,32.03,37.47,32.20666666666666,5.629999999999996,27.0,864.0,32.0,1.910879629629629,3.332204510175204,6.762729506931879,3,29.327002661953944,28.340468227424747,4.51235363631976,False,False,False,False,False,False,False,False,False,False,False,False,False,False,False,False,False,False,False,True,False,False,False,False,False,False,False,False,False,True,False,False,False,False,True,False,False,False,False,False
12,-2.4492935982947064e-16,1.0,4,0,0,1,0,0,1,120,2024,43.15,47.25,39.94,45.88666666666666,45.66,3.210000000000001,2.0,267.0,133.5,1.6853932584269662,1.0986122886681098,5.5909869805108565,5,3.798440627248956,29.71165505226481,2.022222823693005,False,False,False,False,False,False,False,False,False,False,False,True,False,False,False,False,False,False,False,False,False,False,False,False,False,False,False,False,False,True,False,False,False,False,False,False,True,False,False,False
2,0.8660254037844386,0.5000000000000001,1,0,0,0,0,0,1,122,2025,46.71,44.95,42.48,45.62333333333333,42.17916666666667,4.230000000000004,278.0,3779.0,13.593525179856115,1.8798623974596451,5.631211781821365,8.237479288613633,0,10.410997619296747,51.28445820433436,1.14504020159289,False,False,False,False,False,True,False,False,False,False,False,False,False,False,False,False,False,False,False,False,False,False,False,False,False,False,False,False,False,False,True,False,False,False,False,False,False,False,False,True
3,1.0,6.123233995736766e-17,1,0,1,0,0,0,1,123,2025,17.78,18.39,17.0,18.05,17.870833333333334,0.7800000000000011,172.0,1772.0,10.30232558139535,1.7133182844243793,5.153291594497779,7.480428306074208,0,5.402510157617734,24.56132467532468,2.2892610520048358,False,False,False,False,False,False,False,False,False,False,False,False,False,False,False,False,True,False,False,False,False,False,False,False,False,False,False,False,False,False,True,False,False,False,False,False,False,False,False,True
11,-0.5000000000000004,0.8660254037844384,4,0,0,0,0,0,1,119,2024,23.8,22.46,25.19,22.406666666666663,24.32083333333333,-1.3900000000000006,25.0,424.0,16.96,1.6721698113207548,3.258096538021482,6.052089168924417,1,62.68017543516754,37.42273333333333,6.634708430578383,False,False,False,False,False,False,True,False,False,False,False,False,False,False,False,False,False,False,False,False,False,False,False,False,False,False,False,False,True,False,False,False,True,False,False,False,False,False,False,False
9,-1.0,-1.8369701987210294e-16,3,0,0,0,1,0,1,117,2024,40.95,15.22,10.72,27.420000000000005,20.89,30.230000000000004,1.0,23.0,23.0,2.217391304347826,0.6931471805599453,3.1780538303479458,0,19.321181236521397,33.32766268260292,5.478599823636219,False,False,True,False,False,False,False,False,False,False,False,False,False,False,False,False,False,False,False,False,False,False,False,False,False,False,False,True,False,False,False,False,False,False,False,False,False,False,True,False
2,0.8660254037844386,0.5000000000000001,1,0,0,0,0,0,1,122,2025,17.88,20.55,18.23,18.423333333333336,20.02583333333333,-0.3500000000000014,14.0,405.0,28.928571428571427,1.5555555555555556,2.70805020110221,6.0063531596017325,1,4.599598019455207,21.478070500927643,1.4848958608542095,False,False,False,False,False,False,False,False,False,False,False,False,False,False,False,False,False,False,False,False,False,False,False,False,True,False,False,False,False,True,False,False,True,False,False,False,False,False,False,False
1,0.4999999999999999,0.8660254037844387,1,0,0,1,0,0,1,109,2024,4.11,31.44,36.71,22.313333333333333,28.993333333333336,-32.6,7.0,112.0,16.0,1.7232142857142858,2.079441541679836,4.727387818712341,2,1.8927983246544748,27.19991397849462,1.6267007699304217,False,False,False,True,False,False,False,False,False,False,False,False,False,False,False,False,False,False,False,False,False,False,False,False,False,False,False,False,True,False,False,False,False,True,False,False,False,False,False,False
1,0.4999999999999999,0.8660254037844387,1,0,0,1,0,0,1,121,2025,28.81,41.73,18.04,37.61333333333334,38.82333333333333,10.77,30.0,559.0,18.633333333333333,1.6601073345259392,3.4339872044851463,6.327936783729195,2,0.6523540595228975,31.13929787234043,2.292383678314417,False,False,False,False,False,False,False,False,True,False,False,False,False,False,False,False,False,False,False,False,False,False,False,False,False,False,False,False,True,False,False,False,False,True,False,False,False,False,False,False
3,1.0,6.123233995736766e-17,1,0,1,0,0,0,1,111,2024,33.43,27.04,32.55,29.72666666666667,31.96,0.8800000000000026,77.0,2271.0,29.49350649350649,1.9189784236019372,4.356708826689592,7.7284157798410416,3,3.798440627248956,29.71165505226481,2.022222823693005,False,False,False,False,False,False,False,False,False,False,False,True,False,False,False,False,False,False,False,False,False,False,False,False,False,False,False,False,False,True,False,False,False,False,True,False,False,False,False,False
9,-1.0,-1.8369701987210294e-16,3,0,0,0,1,0,1,117,2024,21.55,17.74,19.91,20.10333333333333,20.236666666666668,1.6400000000000006,33.0,494.0,14.969696969696969,1.7348178137651822,3.5263605246161616,6.20455776256869,1,29.327002661953944,28.340468227424747,4.51235363631976,False,False,False,False,False,False,False,False,False,False,False,False,False,False,False,False,False,False,False,True,False,False,False,False,False,False,False,False,True,False,False,False,True,False,False,False,False,False,False,False
8,-0.8660254037844384,-0.5000000000000004,3,0,0,0,1,0,1,116,2024,21.37,20.61,22.28,20.82333333333333,20.325833333333332,-0.91,42.0,1173.0,27.928571428571427,1.763000852514919,3.7612001156935615,7.068172000388042,2,19.321181236521397,33.32766268260292,5.478599823636219,False,False,True,False,False,False,False,False,False,False,False,False,False,False,False,False,False,False,False,False,False,False,False,False,False,False,False,False,False,True,False,False,False,True,False,False,False,False,False,False
3,1.0,6.123233995736766e-17,1,0,1,0,0,0,1,111,2024,21.3,16.79,90.97,24.823333333333338,51.82833333333334,-69.67,1.0,55.0,55.0,1.5454545454545454,0.6931471805599453,4.02535169073515,4,1.7621116901403215,33.30862646566164,4.388568475722211,False,False,False,False,False,False,False,False,False,False,False,False,False,False,False,False,False,False,False,False,True,False,False,False,False,False,False,False,False,True,False,False,False,False,False,True,False,False,False,False
5,0.4999999999999999,-0.8660254037844387,2,0,0,0,1,0,1,113,2024,18.28,19.82,17.39,18.786666666666665,18.85833333333333,0.8900000000000006,507.0,4512.0,8.899408284023668,1.5667109929078014,6.230481447578482,8.414717399827001,0,1.3685833363643862,31.14656771799629,2.1493813620399,False,True,False,False,False,False,False,False,False,False,False,False,False,False,False,False,False,False,False,False,False,False,False,False,False,False,False,False,False,False,True,False,False,False,False,False,False,False,False,True
5,0.4999999999999999,-0.8660254037844387,2,0,0,0,1,0,1,113,2024,26.5,29.96,29.15,28.120000000000005,33.080000000000005,-2.6499999999999986,54.0,1645.0,30.46296296296296,1.5829787234042554,4.007333185232471,7.406103381237015,2,0.6523540595228975,31.13929787234043,2.292383678314417,False,False,False,False,False,False,False,False,True,False,False,False,False,False,False,False,False,False,False,False,False,False,False,False,False,False,False,False,False,True,False,False,False,True,False,False,False,False,False,False
2,0.8660254037844386,0.5000000000000001,1,0,0,0,0,0,1,122,2025,31.91,39.48,40.68,36.31333333333334,30.19083333333333,-8.77,1159.0,10559.0,9.11044003451251,1.781608106828298,7.05617528410041,9.264828557260252,0,9.095179193369573,34.95128731343284,3.0085631316955235,False,False,False,False,False,False,False,False,False,False,False,False,False,False,False,False,False,False,True,False,False,False,False,False,False,False,False,False,False,False,True,False,False,False,False,False,False,False,False,True
3,1.0,6.123233995736766e-17,1,0,1,0,0,0,1,111,2024,33.88,47.4,24.54,37.84,29.9925,9.340000000000003,7.0,193.0,27.571428571428573,1.7772020725388602,2.079441541679836,5.267858159063328,2,21.020176709632445,34.21156903765691,2.7573282927360605,False,False,False,False,False,False,False,False,False,False,False,False,False,False,False,True,False,False,False,False,False,False,False,False,False,False,False,False,False,True,False,False,False,True,False,False,False,False,False,False
12,-2.4492935982947064e-16,1.0,4,0,0,1,0,0,1,120,2024,21.42,36.5,15.16,26.913333333333338,22.765,6.260000000000002,1.0,40.0,40.0,1.675,0.6931471805599453,3.713572066704308,2,10.410997619296747,51.28445820433436,1.14504020159289,False,False,False,False,False,True,False,False,False,False,False,False,False,False,False,False,False,False,False,False,False,False,False,False,False,False,False,False,False,True,False,False,False,True,False,False,False,False,False,False
1,0.4999999999999999,0.8660254037844387,1,0,0,1,0,0,1,121,2025,14.52,11.81,16.13,14.886666666666663,16.1125,-1.6099999999999994,8.0,136.0,17.0,3.4411764705882355,2.19722457733622,4.919980925828125,0,12.272936264143388,41.06024154589373,2.695363094798593,False,False,False,False,False,False,False,False,False,False,False,False,False,True,False,False,False,False,False,False,False,False,False,False,False,True,False,False,False,False,False,False,False,False,False,False,False,True,False,False
2,0.8660254037844386,0.5000000000000001,1,0,0,0,0,0,1,122,2025,26.19,29.28,41.62,27.87666666666667,28.56083333333333,-15.429999999999996,29.0,495.0,17.06896551724138,1.892929292929293,3.4011973816621555,6.206575926724928,2,37.44257214866774,25.989519650655023,4.493038522043984,False,False,False,False,False,False,False,False,False,False,False,False,False,False,False,False,False,False,False,False,False,True,False,False,False,False,False,False,True,False,False,False,False,True,False,False,False,False,False,False
7,-0.4999999999999997,-0.8660254037844388,3,1,0,0,1,0,1,115,2024,22.23,19.18,22.68,20.02,20.349166666666665,-0.4499999999999993,1521.0,15282.0,10.04733727810651,1.627601099332548,7.327780538421631,9.634496378527835,0,0.5433715367037989,19.593496503496503,2.1089584460983564,False,False,False,False,False,False,False,False,False,False,True,False,False,False,False,False,False,False,False,False,False,False,False,False,False,False,False,False,False,False,True,False,False,False,False,False,False,False,False,True
5,0.4999999999999999,-0.8660254037844387,2,0,0,0,1,0,1,125,2025,30.16,21.33,32.08,24.89,27.4025,-1.9199999999999984,2045.0,19652.0,9.609779951100244,1.7351414614288625,7.6236419465115715,9.885985277399984,0,62.68017543516754,37.42273333333333,6.634708430578383,False,False,False,False,False,False,True,False,False,False,False,False,False,False,False,False,False,False,False,False,False,False,False,False,False,False,False,False,False,False,True,False,False,False,False,False,False,False,False,True
5,0.4999999999999999,-0.8660254037844387,2,0,0,0,1,0,1,113,2024,15.32,16.47,16.3,15.943333333333332,16.468333333333334,-0.9800000000000004,454.0,4528.0,9.973568281938324,1.4598056537102473,6.12029741895095,8.418256443556213,0,2.854456235021364,27.928541666666668,1.7036471833624431,False,False,False,False,False,False,False,False,False,False,False,False,True,False,False,False,False,False,False,False,False,False,False,False,False,False,False,False,False,False,True,False,False,False,False,False,False,False,False,True
12,-2.4492935982947064e-16,1.0,4,0,0,1,0,0,1,120,2024,38.8,44.77,22.13,44.69666666666668,35.85,16.669999999999998,73.0,2153.0,29.493150684931507,1.8764514630747795,4.30406509320417,7.675081857716334,3,19.321181236521397,33.32766268260292,5.478599823636219,False,False,True,False,False,False,False,False,False,False,False,False,False,False,False,False,False,False,False,False,False,False,False,False,False,False,False,False,False,True,False,False,False,False,True,False,False,False,False,False
1,0.4999999999999999,0.8660254037844387,1,0,0,1,0,0,1,109,2024,42.38,36.78,27.45,41.830000000000005,37.748333333333335,14.930000000000003,5.0,129.0,25.8,1.4806201550387597,1.791759469228055,4.867534450455582,2,21.020176709632445,34.21156903765691,2.7573282927360605,False,False,False,False,False,False,False,False,False,False,False,False,False,False,False,True,False,False,False,False,False,False,False,False,False,False,False,False,True,False,False,False,False,True,False,False,False,False,False,False
1,0.4999999999999999,0.8660254037844387,1,0,0,1,0,0,1,109,2024,60.01,79.25,61.25,73.17999999999999,64.2925,-1.240000000000002,1.0,83.0,83.0,2.0,0.6931471805599453,4.430816798843313,5,9.095179193369573,34.95128731343284,3.0085631316955235,False,False,False,False,False,False,False,False,False,False,False,False,False,False,False,False,False,False,True,False,False,False,False,False,False,False,False,False,False,True,False,False,False,False,False,False,True,False,False,False
5,0.4999999999999999,-0.8660254037844387,2,0,0,0,1,0,1,113,2024,31.7,30.52,27.33,30.16,26.530833333333334,4.370000000000001,81.0,1230.0,15.185185185185183,1.6252032520325204,4.406719247264253,7.115582126184454,2,16.521531105359642,31.1375,3.6676474044642338,False,False,False,False,False,False,False,False,False,True,False,False,False,False,False,False,False,False,False,False,False,False,False,False,False,False,False,False,True,False,False,False,False,True,False,False,False,False,False,False
9,-1.0,-1.8369701987210294e-16,3,0,0,0,1,0,1,117,2024,29.95,27.98,25.78,31.800000000000008,32.72416666666667,4.169999999999998,5.0,109.0,21.8,1.5229357798165135,1.791759469228055,4.700480365792417,1,1.3685833363643862,31.14656771799629,2.1493813620399,False,True,False,False,False,False,False,False,False,False,False,False,False,False,False,False,False,False,False,False,False,False,False,False,False,False,False,False,True,False,False,False,True,False,False,False,False,False,False,False
8,-0.8660254037844384,-0.5000000000000004,3,0,0,0,1,0,1,116,2024,40.42,25.61,34.16,32.483333333333334,29.666666666666668,6.260000000000005,8.0,241.0,30.125,1.5311203319502074,2.19722457733622,5.488937726156687,1,0.6523540595228975,31.13929787234043,2.292383678314417,False,False,False,False,False,False,False,False,True,False,False,False,False,False,False,False,False,False,False,False,False,False,False,False,False,False,False,False,False,True,False,False,True,False,False,False,False,False,False,False
6,1.2246467991473532e-16,-1.0,2,0,0,0,1,0,1,114,2024,4.01,3.23,7.85,3.5800000000000054,5.648333333333333,-3.84,3.0,102.0,34.0,2.0686274509803924,1.3862943611198906,4.634728988229636,1,37.44257214866774,25.989519650655023,4.493038522043984,False,False,False,False,False,False,False,False,False,False,False,False,False,False,False,False,False,False,False,False,False,True,False,False,False,False,False,False,False,True,False,False,True,False,False,False,False,False,False,False
3,1.0,6.123233995736766e-17,1,0,1,0,0,0,1,111,2024,75.21,50.96,49.8,63.60999999999999,60.21,25.41,5.0,359.0,71.8,1.827298050139276,1.791759469228055,5.886104031450156,4,2.854456235021364,27.928541666666668,1.7036471833624431,False,False,False,False,False,False,False,False,False,False,False,False,True,False,False,False,False,False,False,False,False,False,False,False,False,False,False,False,False,True,False,False,False,False,False,True,False,False,False,False
12,-2.4492935982947064e-16,1.0,4,0,0,1,0,0,1,120,2024,20.09,19.98,18.75,19.46333333333333,19.02916666666667,1.34,502.0,4399.0,8.762948207171315,1.5744487383496248,6.220590170099739,8.389359819906353,0,1.3685833363643862,31.14656771799629,2.1493813620399,False,True,False,False,False,False,False,False,False,False,False,False,False,False,False,False,False,False,False,False,False,False,False,False,False,False,False,False,False,False,True,False,False,False,False,False,False,False,False,True
2,0.8660254037844386,0.5000000000000001,1,0,0,0,0,0,1,110,2024,23.66,20.48,46.95,21.72666666666667,29.404166666666665,-23.290000000000003,2.0,21.0,10.5,2.095238095238096,1.0986122886681098,3.091042453358316,3,0.6441224885664825,21.0460510805501,3.1524834348578508,False,False,False,False,False,False,False,False,False,False,False,False,False,False,False,False,False,True,False,False,False,False,False,False,False,False,False,False,True,False,False,False,False,False,True,False,False,False,False,False
7,-0.4999999999999997,-0.8660254037844388,3,1,0,0,1,0,1,115,2024,48.15,45.45,49.79,49.59666666666667,48.594166666666666,-1.6400000000000006,3.0,241.0,80.33333333333333,1.4605809128630705,1.3862943611198906,5.488937726156687,5,19.321181236521397,33.32766268260292,5.478599823636219,False,False,True,False,False,False,False,False,False,False,False,False,False,False,False,False,False,False,False,False,False,False,False,False,False,False,False,False,False,True,False,False,False,False,False,False,True,False,False,False
11,-0.5000000000000004,0.8660254037844384,4,0,0,0,0,0,1,119,2024,23.56,27.29,19.59,25.326666666666664,25.345,3.969999999999999,145.0,2131.0,14.696551724137931,1.4472078836227122,4.983606621708336,7.664815785285735,2,2.854456235021364,27.928541666666668,1.7036471833624431,False,False,False,False,False,False,False,False,False,False,False,False,True,False,False,False,False,False,False,False,False,False,False,False,False,False,False,False,True,False,False,False,False,True,False,False,False,False,False,False
3,1.0,6.123233995736766e-17,1,0,1,0,0,0,1,123,2025,12.88,10.05,7.28,11.843333333333332,10.513333333333334,5.6000000000000005,1022.0,7591.0,7.427592954990215,1.674482940324068,6.930494765951626,8.934850340289763,0,3.798440627248956,29.71165505226481,2.022222823693005,False,False,False,False,False,False,False,False,False,False,False,True,False,False,False,False,False,False,False,False,False,False,False,False,False,False,False,False,False,False,True,False,False,False,False,False,False,False,False,True
10,-0.8660254037844386,0.5000000000000001,4,0,0,0,0,0,1,118,2024,31.18,32.14,36.98,31.77666666666666,34.805,-5.799999999999997,46.0,859.0,18.67391304347826,1.9522700814901048,3.8501476017100575,6.756932389247553,3,3.798440627248956,29.71165505226481,2.022222823693005,False,False,False,False,False,False,False,False,False,False,False,True,False,False,False,False,False,False,False,False,False,False,False,False,False,False,False,False,True,False,False,False,False,False,True,False,False,False,False,False
6,1.2246467991473532e-16,-1.0,2,0,0,0,1,0,1,126,2025,19.72,17.5,16.85,19.849999999999994,18.969166666666663,2.869999999999997,20.0,795.0,39.75,1.8540880503144652,3.044522437723423,6.679599185844383,3,0.5433715367037989,19.593496503496503,2.1089584460983564,False,False,False,False,False,False,False,False,False,False,True,False,False,False,False,False,False,False,False,False,False,False,False,False,False,False,False,False,False,True,False,False,False,False,True,False,False,False,False,False
10,-0.8660254037844386,0.5000000000000001,4,0,0,0,0,0,1,118,2024,41.19,48.81,46.26,44.3,29.665000000000003,-5.07,6.0,191.0,31.83333333333333,1.905759162303665,1.9459101490553128,5.2574953720277815,2,0.6441224885664825,21.0460510805501,3.1524834348578508,False,False,False,False,False,False,False,False,False,False,False,False,False,False,False,False,False,True,False,False,False,False,False,False,False,False,False,False,False,True,False,False,False,True,False,False,False,False,False,False
6,1.2246467991473532e-16,-1.0,2,0,0,0,1,0,1,126,2025,18.95,20.25,18.49,19.69333333333333,19.640833333333333,0.4600000000000008,120.0,1988.0,16.566666666666666,1.7877263581488934,4.795790545596741,7.595387278853972,2,3.798440627248956,29.71165505226481,2.022222823693005,False,False,False,False,False,False,False,False,False,False,False,True,False,False,False,False,False,False,False,False,False,False,False,False,False,False,False,False,True,False,False,False,False,True,False,False,False,False,False,False
5,0.4999999999999999,-0.8660254037844387,2,0,0,0,1,0,1,125,2025,53.61,68.15,75.13,56.58000000000002,69.74333333333334,-21.52,1.0,24.0,24.0,2.125,0.6931471805599453,3.218875824868201,4,1.7621116901403215,33.30862646566164,4.388568475722211,False,False,False,False,False,False,False,False,False,False,False,False,False,False,False,False,False,False,False,False,True,False,False,False,False,False,True,False,False,False,False,False,False,False,False,True,False,False,False,False
3,1.0,6.123233995736766e-17,1,0,1,0,0,0,1,111,2024,2.95,6.04,7.82,5.063333333333332,7.599166666666666,-4.87,2.0,63.0,31.5,1.8412698412698407,1.0986122886681098,4.158883083359672,2,3.1163155637869844,25.446506849315064,2.056356448131027,False,False,False,False,False,False,False,False,False,False,False,False,False,False,False,False,False,False,False,False,False,False,False,True,False,False,False,False,False,True,False,False,False,True,False,False,False,False,False,False
2,0.8660254037844386,0.5000000000000001,1,0,0,0,0,0,1,110,2024,15.87,16.29,20.69,15.283333333333331,17.660833333333333,-4.820000000000002,15.0,206.0,13.733333333333333,1.4563106796116505,2.772588722239781,5.332718793265369,1,2.854456235021364,27.928541666666668,1.7036471833624431,False,False,False,False,False,False,False,False,False,False,False,False,True,False,False,False,False,False,False,False,False,False,False,False,False,False,False,False,True,False,False,False,True,False,False,False,False,False,False,False
5,0.4999999999999999,-0.8660254037844387,2,0,0,0,1,0,1,125,2025,27.5,14.89,21.0,23.33,23.9375,6.5,10.0,125.0,12.5,1.784,2.3978952727983707,4.836281906951478,2,1.8927983246544748,27.19991397849462,1.6267007699304217,False,False,False,True,False,False,False,False,False,False,False,False,False,False,False,False,False,False,False,False,False,False,False,False,False,False,False,False,True,False,False,False,False,True,False,False,False,False,False,False
5,0.4999999999999999,-0.8660254037844387,2,0,0,0,1,0,1,113,2024,11.14,16.13,16.09,13.72,21.32,-4.949999999999999,250.0,2429.0,9.716,1.9069575957184024,5.525452939131784,7.795646536334594,0,18.84827656325013,35.62061946902655,4.572019679171958,False,False,False,False,False,False,False,False,False,False,False,False,False,False,False,False,False,False,False,False,False,False,True,False,False,False,False,False,False,False,True,False,False,False,False,False,False,False,False,True
3,1.0,6.123233995736766e-17,1,0,1,0,0,0,1,111,2024,16.13,27.87,17.13,19.97,21.960833333333337,-1.0,249.0,2420.0,9.718875502008032,1.9045454545454543,5.521460917862246,7.791935956938058,0,18.84827656325013,35.62061946902655,4.572019679171958,False,False,False,False,False,False,False,False,False,False,False,False,False,False,False,False,False,False,False,False,False,False,True,False,False,False,False,False,False,False,True,False,False,False,False,False,False,False,False,True
3,1.0,6.123233995736766e-17,1,0,1,0,0,0,1,111,2024,14.7,18.33,17.21,15.726666666666668,18.291666666666668,-2.5100000000000016,9.0,205.0,22.77777777777778,1.7073170731707317,2.302585092994046,5.327876168789581,2,27.81733752340581,29.54483928571429,2.365292158846613,False,False,False,False,False,False,False,False,False,False,False,False,False,False,True,False,False,False,False,False,False,False,False,False,False,False,False,False,False,True,False,False,False,True,False,False,False,False,False,False
9,-1.0,-1.8369701987210294e-16,3,0,0,0,1,0,1,117,2024,38.17,27.08,37.78,31.83,32.12083333333333,0.3900000000000005,1.0,24.0,24.0,1.7916666666666667,0.6931471805599453,3.218875824868201,3,1.3685833363643862,31.14656771799629,2.1493813620399,False,True,False,False,False,False,False,False,False,False,False,False,False,False,False,False,False,False,False,False,False,False,False,False,False,False,False,False,True,False,False,False,False,False,True,False,False,False,False,False
12,-2.4492935982947064e-16,1.0,4,0,0,1,0,0,1,120,2024,52.82,41.75,36.54,42.00666666666667,41.16333333333333,16.28,2.0,200.0,100.0,1.955,1.0986122886681098,5.303304908059076,4,37.44257214866774,25.989519650655023,4.493038522043984,False,False,False,False,False,False,False,False,False,False,False,False,False,False,False,False,False,False,False,False,False,True,False,False,False,False,False,False,False,True,False,False,False,False,False,True,False,False,False,False
6,1.2246467991473532e-16,-1.0,2,0,0,0,1,0,1,126,2025,31.12,30.07,38.53,30.450000000000003,35.615833333333335,-7.41,3.0,148.0,49.333333333333336,1.4797297297297298,1.3862943611198906,5.003946305945459,4,27.81733752340581,29.54483928571429,2.365292158846613,False,False,False,False,False,False,False,False,False,False,False,False,False,False,True,False,False,False,False,False,False,False,False,False,False,False,False,False,False,True,False,False,False,False,False,True,False,False,False,False
1,0.4999999999999999,0.8660254037844387,1,0,0,1,0,0,1,109,2024,18.35,21.26,11.37,21.38333333333333,18.195,6.980000000000002,54.0,828.0,15.333333333333334,1.897342995169082,4.007333185232471,6.720220155135295,2,29.327002661953944,28.340468227424747,4.51235363631976,False,False,False,False,False,False,False,False,False,False,False,False,False,False,False,False,False,False,False,True,False,False,False,False,False,False,False,False,True,False,False,False,False,True,False,False,False,False,False,False
9,-1.0,-1.8369701987210294e-16,3,0,0,0,1,0,1,117,2024,16.94,16.42,19.48,17.919999999999998,18.519166666666667,-2.539999999999999,2.0,68.0,34.0,1.8235294117647056,1.0986122886681098,4.23410650459726,2,3.1163155637869844,25.446506849315064,2.056356448131027,False,False,False,False,False,False,False,False,False,False,False,False,False,False,False,False,False,False,False,False,False,False,False,True,False,False,False,False,True,False,False,False,False,True,False,False,False,False,False,False
1,0.4999999999999999,0.8660254037844387,1,0,0,1,0,0,1,121,2025,15.44,21.97,14.89,18.76333333333333,18.755,0.5499999999999989,406.0,4313.0,10.623152709359609,1.6257825179689311,6.008813185442595,8.369620826949102,0,0.6441224885664825,21.0460510805501,3.1524834348578508,False,False,False,False,False,False,False,False,False,False,False,False,False,False,False,False,False,True,False,False,False,False,False,False,False,False,False,False,False,False,True,False,False,False,False,False,False,False,False,True
9,-1.0,-1.8369701987210294e-16,3,0,0,0,1,0,1,117,2024,43.86,41.24,42.99,42.85999999999999,37.8225,0.8699999999999974,2.0,77.0,38.5,1.5454545454545454,1.0986122886681098,4.356708826689592,1,1.3685833363643862,31.14656771799629,2.1493813620399,False,True,False,False,False,False,False,False,False,False,False,False,False,False,False,False,False,False,False,False,False,False,False,False,False,False,False,False,False,True,False,False,True,False,False,False,False,False,False,False
1,0.4999999999999999,0.8660254037844387,1,0,0,1,0,0,1,121,2025,34.77,28.11,23.12,30.99666666666667,25.889166666666668,11.650000000000002,18.0,242.0,13.444444444444445,1.487603305785124,2.9444389791664403,5.493061443340548,1,5.432849023145278,26.621532258064512,2.192986415167364,True,False,False,False,False,False,False,False,False,False,False,False,False,False,False,False,False,False,False,False,False,False,False,False,False,False,False,False,True,False,False,False,True,False,False,False,False,False,False,False
11,-0.5000000000000004,0.8660254037844384,4,0,0,0,0,0,1,119,2024,41.73,50.66,25.06,44.73333333333334,36.6075,16.669999999999998,27.0,369.0,13.666666666666666,1.6449864498644986,3.332204510175204,5.91350300563827,2,0.6523540595228975,31.13929787234043,2.292383678314417,False,False,False,False,False,False,False,False,True,False,False,False,False,False,False,False,False,False,False,False,False,False,False,False,False,False,False,False,True,False,False,False,False,True,False,False,False,False,False,False
2,0.8660254037844386,0.5000000000000001,1,0,0,0,0,0,1,122,2025,1.67,1.61,4.78,1.806666666666664,2.0475,-3.1100000000000003,3.0,83.0,27.666666666666668,1.0843373493975903,1.3862943611198906,4.430816798843313,1,2.854456235021364,27.928541666666668,1.7036471833624431,False,False,False,False,False,False,False,False,False,False,False,False,True,False,False,False,False,False,False,False,False,False,False,False,False,False,False,False,False,True,False,False,True,False,False,False,False,False,False,False
3,1.0,6.123233995736766e-17,1,0,1,0,0,0,1,111,2024,19.31,15.26,15.44,17.373333333333335,16.695833333333333,3.869999999999999,71.0,1982.0,27.91549295774648,1.542885973763875,4.276666119016055,7.592366128519796,2,2.854456235021364,27.928541666666668,1.7036471833624431,False,False,False,False,False,False,False,False,False,False,False,False,True,False,False,False,False,False,False,False,False,False,False,False,False,False,False,False,False,True,False,False,False,True,False,False,False,False,False,False
5,0.4999999999999999,-0.8660254037844387,2,0,0,0,1,0,1,125,2025,18.45,66.03,18.62,33.94666666666667,22.54083333333333,-0.1700000000000017,6.0,176.0,29.33333333333333,1.556818181818182,1.9459101490553128,5.176149732573829,1,0.6441224885664825,21.0460510805501,3.1524834348578508,False,False,False,False,False,False,False,False,False,False,False,False,False,False,False,False,False,True,False,False,False,False,False,False,False,False,False,False,False,True,False,False,True,False,False,False,False,False,False,False
1,0.4999999999999999,0.8660254037844387,1,0,0,1,0,0,1,109,2024,17.5,41.44,2.92,31.860000000000003,21.4275,14.58,8.0,508.0,63.5,1.8956692913385824,2.19722457733622,6.2324480165505225,4,29.327002661953944,28.340468227424747,4.51235363631976,False,False,False,False,False,False,False,False,False,False,False,False,False,False,False,False,False,False,False,True,False,False,False,False,False,False,False,False,False,True,False,False,False,False,False,True,False,False,False,False
9,-1.0,-1.8369701987210294e-16,3,0,0,0,1,0,1,117,2024,28.72,13.8,12.86,22.876666666666665,13.85,15.86,23.0,293.0,12.73913043478261,2.9112627986348123,3.1780538303479458,5.683579767338681,0,0.6441224885664825,21.0460510805501,3.1524834348578508,False,False,False,False,False,False,False,False,False,False,False,False,False,False,False,False,False,True,False,False,False,False,False,False,False,True,False,False,False,False,False,False,False,False,False,False,False,True,False,False
5,0.4999999999999999,-0.8660254037844387,2,0,0,0,1,0,1,113,2024,19.18,19.05,18.05,19.08333333333333,19.984166666666667,1.129999999999999,1515.0,15255.0,10.069306930693068,1.623205506391347,7.323830566202317,9.632728147280256,0,0.5433715367037989,19.593496503496503,2.1089584460983564,False,False,False,False,False,False,False,False,False,False,True,False,False,False,False,False,False,False,False,False,False,False,False,False,False,False,False,False,False,False,True,False,False,False,False,False,False,False,False,True
9,-1.0,-1.8369701987210294e-16,3,0,0,0,1,0,1,117,2024,14.13,10.45,10.8,13.273333333333332,12.290833333333332,3.33,8.0,200.0,25.0,1.765,2.19722457733622,5.303304908059076,1,1.8927983246544748,27.19991397849462,1.6267007699304217,False,False,False,True,False,False,False,False,False,False,False,False,False,False,False,False,False,False,False,False,False,False,False,False,False,False,False,False,False,True,False,False,True,False,False,False,False,False,False,False
5,0.4999999999999999,-0.8660254037844387,2,0,0,0,1,0,1,113,2024,39.06,35.6,58.47,35.47,42.58416666666667,-19.41,1.0,32.0,32.0,1.75,0.6931471805599453,3.49650756146648,4,1.3685833363643862,31.14656771799629,2.1493813620399,False,True,False,False,False,False,False,False,False,False,False,False,False,False,False,False,False,False,False,False,False,False,False,False,False,False,False,False,False,True,False,False,False,False,False,True,False,False,False,False
1,0.4999999999999999,0.8660254037844387,1,0,0,1,0,0,1,121,2025,15.32,47.58,30.24,34.903333333333336,33.2125,-14.919999999999998,1.0,24.0,24.0,1.7916666666666667,0.6931471805599453,3.218875824868201,3,1.3685833363643862,31.14656771799629,2.1493813620399,False,True,False,False,False,False,False,False,False,False,False,False,False,False,False,False,False,False,False,False,False,False,False,False,False,False,False,False,True,False,False,False,False,False,True,False,False,False,False,False
11,-0.5000000000000004,0.8660254037844384,4,0,0,0,0,0,1,119,2024,13.27,10.77,11.99,11.659999999999988,13.771666666666668,1.2799999999999994,2.0,53.0,26.5,1.9056603773584904,1.0986122886681098,3.9889840465642745,1,21.020176709632445,34.21156903765691,2.7573282927360605,False,False,False,False,False,False,False,False,False,False,False,False,False,False,False,True,False,False,False,False,False,False,False,False,False,False,False,False,True,False,False,False,True,False,False,False,False,False,False,False
2,0.8660254037844386,0.5000000000000001,1,0,0,0,0,0,1,122,2025,6.47,12.06,42.5,9.25,17.131666666666664,-36.03,6.0,162.0,27.0,1.9444444444444444,1.9459101490553128,5.093750200806762,3,5.402510157617734,24.56132467532468,2.2892610520048358,False,False,False,False,False,False,False,False,False,False,False,False,False,False,False,False,True,False,False,False,False,False,False,False,False,False,False,False,True,False,False,False,False,False,True,False,False,False,False,False
4,0.8660254037844387,-0.4999999999999998,2,0,1,0,0,0,1,112,2024,31.55,32.24,24.49,35.13666666666667,31.223333333333333,7.060000000000002,28.0,472.0,16.857142857142858,1.9194915254237288,3.367295829986474,6.159095388491933,2,37.44257214866774,25.989519650655023,4.493038522043984,False,False,False,False,False,False,False,False,False,False,False,False,False,False,False,False,False,False,False,False,False,True,False,False,False,False,False,False,True,False,False,False,False,True,False,False,False,False,False,False
1,0.4999999999999999,0.8660254037844387,1,0,0,1,0,0,1,109,2024,37.8,43.87,36.31,44.29666666666666,38.88583333333333,1.4899999999999949,5.0,288.0,57.6,1.78125,1.791759469228055,5.666426688112432,4,3.1163155637869844,25.446506849315064,2.056356448131027,False,False,False,False,False,False,False,False,False,False,False,False,False,False,False,False,False,False,False,False,False,False,False,True,False,False,False,False,False,True,False,False,False,False,False,True,False,False,False,False
10,-0.8660254037844386,0.5000000000000001,4,0,0,0,0,0,1,118,2024,38.91,34.65,25.27,36.85,27.96583333333333,13.639999999999995,1.0,58.0,58.0,1.5517241379310345,0.6931471805599453,4.07753744390572,4,1.7621116901403215,33.30862646566164,4.388568475722211,False,False,False,False,False,False,False,False,False,False,False,False,False,False,False,False,False,False,False,False,True,False,False,False,False,False,False,False,False,True,False,False,False,False,False,True,False,False,False,False
5,0.4999999999999999,-0.8660254037844387,2,0,0,0,1,0,1,113,2024,12.97,14.86,9.42,15.636666666666663,12.221666666666666,3.5500000000000007,8.0,200.0,25.0,1.765,2.19722457733622,5.303304908059076,1,1.8927983246544748,27.19991397849462,1.6267007699304217,False,False,False,True,False,False,False,False,False,False,False,False,False,False,False,False,False,False,False,False,False,False,False,False,False,False,False,False,False,True,False,False,True,False,False,False,False,False,False,False
3,1.0,6.123233995736766e-17,1,0,1,0,0,0,1,123,2025,16.16,15.44,18.81,15.699999999999998,18.54083333333333,-2.6499999999999986,403.0,4320.0,10.719602977667494,1.6254629629629629,6.001414877961151,8.371242135931933,0,0.6441224885664825,21.0460510805501,3.1524834348578508,False,False,False,False,False,False,False,False,False,False,False,False,False,False,False,False,False,True,False,False,False,False,False,False,False,False,False,False,False,False,True,False,False,False,False,False,False,False,False,True
11,-0.5000000000000004,0.8660254037844384,4,0,0,0,0,0,1,119,2024,20.77,20.04,13.65,19.76,16.868333333333332,7.119999999999999,165.0,1639.0,9.933333333333334,1.691275167785235,5.111987788356544,7.402451520818244,0,5.402510157617734,24.56132467532468,2.2892610520048358,False,False,False,False,False,False,False,False,False,False,False,False,False,False,False,False,True,False,False,False,False,False,False,False,False,False,False,False,False,False,True,False,False,False,False,False,False,False,False,True
5,0.4999999999999999,-0.8660254037844387,2,0,0,0,1,0,1,125,2025,44.17,47.32,46.65,42.63666666666666,40.55166666666667,-2.479999999999997,2.0,24.0,12.0,1.625,1.0986122886681098,3.218875824868201,4,27.81733752340581,29.54483928571429,2.365292158846613,False,False,False,False,False,False,False,False,False,False,False,False,False,False,True,False,False,False,False,False,False,False,False,False,False,False,True,False,False,False,False,False,False,False,False,True,False,False,False,False
11,-0.5000000000000004,0.8660254037844384,4,0,0,0,0,0,1,119,2024,31.45,41.38,46.33,38.193333333333335,40.6225,-14.88,2.0,200.0,100.0,1.955,1.0986122886681098,5.303304908059076,4,37.44257214866774,25.989519650655023,4.493038522043984,False,False,False,False,False,False,False,False,False,False,False,False,False,False,False,False,False,False,False,False,False,True,False,False,False,False,False,False,False,True,False,False,False,False,False,True,False,False,False,False
1,0.4999999999999999,0.8660254037844387,1,0,0,1,0,0,1,109,2024,3.39,7.23,5.2,5.336666666666672,5.668333333333333,-1.81,3.0,99.0,33.0,2.0707070707070705,1.3862943611198906,4.605170185988092,1,37.44257214866774,25.989519650655023,4.493038522043984,False,False,False,False,False,False,False,False,False,False,False,False,False,False,False,False,False,False,False,False,False,True,False,False,False,False,False,False,False,True,False,False,True,False,False,False,False,False,False,False
12,-2.4492935982947064e-16,1.0,4,0,0,1,0,0,1,120,2024,45.69,43.24,29.32,46.34666666666667,41.59583333333333,16.369999999999997,5.0,178.0,35.6,1.6741573033707866,1.791759469228055,5.187385805840755,3,1.3685833363643862,31.14656771799629,2.1493813620399,False,True,False,False,False,False,False,False,False,False,False,False,False,False,False,False,False,False,False,False,False,False,False,False,False,False,False,False,False,True,False,False,False,False,True,False,False,False,False,False
4,0.8660254037844387,-0.4999999999999998,2,0,1,0,0,0,1,124,2025,45.51,32.06,31.13,36.830000000000005,33.549166666666665,14.38,6.0,64.0,10.666666666666666,4.109375,1.9459101490553128,4.174387269895637,0,16.521531105359642,31.1375,3.6676474044642338,False,False,False,False,False,False,False,False,False,True,False,False,False,False,False,False,False,False,False,False,False,False,False,False,False,True,False,False,False,False,False,False,False,False,False,False,False,True,False,False
1,0.4999999999999999,0.8660254037844387,1,0,0,1,0,0,1,121,2025,39.32,31.28,66.24,35.61666666666667,38.0725,-26.919999999999995,12.0,495.0,41.25,2.094949494949495,2.5649493574615367,6.206575926724928,3,37.44257214866774,25.989519650655023,4.493038522043984,False,False,False,False,False,False,False,False,False,False,False,False,False,False,False,False,False,False,False,False,False,True,False,False,False,False,False,False,False,True,False,False,False,False,True,False,False,False,False,False
3,1.0,6.123233995736766e-17,1,0,1,0,0,0,1,123,2025,22.77,15.12,16.73,20.996666666666663,28.8475,6.039999999999999,1.0,32.0,32.0,3.25,0.6931471805599453,3.49650756146648,0,0.5433715367037989,19.593496503496503,2.1089584460983564,False,False,False,False,False,False,False,False,False,False,True,False,False,False,False,False,False,False,False,False,False,False,False,False,False,True,False,False,False,False,False,False,False,False,False,False,False,True,False,False
10,-0.8660254037844386,0.5000000000000001,4,0,0,0,0,0,1,118,2024,32.5,24.4,24.59,28.07,27.598333333333333,7.91,81.0,1226.0,15.135802469135802,1.599510603588907,4.406719247264253,7.112327444710911,2,16.521531105359642,31.1375,3.6676474044642338,False,False,False,False,False,False,False,False,False,True,False,False,False,False,False,False,False,False,False,False,False,False,False,False,False,False,False,False,True,False,False,False,False,True,False,False,False,False,False,False
9,-1.0,-1.8369701987210294e-16,3,0,0,0,1,0,1,117,2024,34.37,33.37,35.46,35.086666666666666,30.04833333333333,-1.0900000000000034,18.0,648.0,36.0,1.816358024691358,2.9444389791664403,6.47543271670409,3,0.6523540595228975,31.13929787234043,2.292383678314417,False,False,False,False,False,False,False,False,True,False,False,False,False,False,False,False,False,False,False,False,False,False,False,False,False,False,False,False,False,True,False,False,False,False,True,False,False,False,False,False
10,-0.8660254037844386,0.5000000000000001,4,0,0,0,0,0,1,118,2024,41.31,21.08,33.41,34.60333333333334,28.48,7.900000000000006,3.0,56.0,18.666666666666668,1.4464285714285714,1.3862943611198906,4.04305126783455,1,9.095179193369573,34.95128731343284,3.0085631316955235,False,False,False,False,False,False,False,False,False,False,False,False,False,False,False,False,False,False,True,False,False,False,False,False,False,False,False,False,True,False,False,False,True,False,False,False,False,False,False,False
2,0.8660254037844386,0.5000000000000001,1,0,0,0,0,0,1,110,2024,39.97,39.35,40.68,35.35,38.138333333333335,-0.7100000000000009,28.0,783.0,27.964285714285715,1.7177522349936143,3.367295829986474,6.664409020350408,2,1.7621116901403215,33.30862646566164,4.388568475722211,False,False,False,False,False,False,False,False,False,False,False,False,False,False,False,False,False,False,False,False,True,False,False,False,False,False,False,False,False,True,False,False,False,True,False,False,False,False,False,False
5,0.4999999999999999,-0.8660254037844387,2,0,0,0,1,0,1,125,2025,27.81,17.19,19.31,22.53,20.97583333333333,8.5,13.0,385.0,29.615384615384617,1.5454545454545454,2.6390573296152584,5.955837369464831,1,4.599598019455207,21.478070500927643,1.4848958608542095,False,False,False,False,False,False,False,False,False,False,False,False,False,False,False,False,False,False,False,False,False,False,False,False,True,False,False,False,False,True,False,False,True,False,False,False,False,False,False,False
4,0.8660254037844387,-0.4999999999999998,2,0,1,0,0,0,1,112,2024,40.3,51.73,21.48,48.49666666666666,35.24666666666666,18.82,9.0,284.0,31.55555555555556,1.9894366197183095,2.302585092994046,5.652489180268651,3,18.84827656325013,35.62061946902655,4.572019679171958,False,False,False,False,False,False,False,False,False,False,False,False,False,False,False,False,False,False,False,False,False,False,True,False,False,False,False,False,False,True,False,False,False,False,True,False,False,False,False,False
5,0.4999999999999999,-0.8660254037844387,2,0,0,0,1,0,1,125,2025,35.09,41.0,35.52,37.70666666666667,37.165,-0.4299999999999997,10.0,315.0,31.5,1.6761904761904762,2.3978952727983707,5.755742213586912,2,21.020176709632445,34.21156903765691,2.7573282927360605,False,False,False,False,False,False,False,False,False,False,False,False,False,False,False,True,False,False,False,False,False,False,False,False,False,False,False,False,False,True,False,False,False,True,False,False,False,False,False,False
4,0.8660254037844387,-0.4999999999999998,2,0,1,0,0,0,1,124,2025,23.54,21.44,21.81,23.536666666666672,24.56833333333333,1.7300000000000004,40.0,1095.0,27.375,1.6191780821917807,3.713572066704308,6.999422467507961,2,5.432849023145278,26.621532258064512,2.192986415167364,True,False,False,False,False,False,False,False,False,False,False,False,False,False,False,False,False,False,False,False,False,False,False,False,False,False,False,False,False,True,False,False,False,True,False,False,False,False,False,False
2,0.8660254037844386,0.5000000000000001,1,0,0,0,0,0,1,110,2024,26.19,34.43,30.53,28.353333333333328,27.51666666666667,-4.34,35.0,1134.0,32.4,1.6710758377425043,3.58351893845611,7.034387929915503,3,2.854456235021364,27.928541666666668,1.7036471833624431,False,False,False,False,False,False,False,False,False,False,False,False,True,False,False,False,False,False,False,False,False,False,False,False,False,False,False,False,False,True,False,False,False,False,True,False,False,False,False,False
10,-0.8660254037844386,0.5000000000000001,4,0,0,0,0,0,1,118,2024,41.52,32.09,26.73,36.09666666666667,24.9225,14.790000000000004,8.0,116.0,14.5,1.9310344827586208,2.19722457733622,4.762173934797756,3,5.432849023145278,26.621532258064512,2.192986415167364,True,False,False,False,False,False,False,False,False,False,False,False,False,False,False,False,False,False,False,False,False,False,False,False,False,False,False,False,True,False,False,False,False,False,True,False,False,False,False,False
10,-0.8660254037844386,0.5000000000000001,4,0,0,0,0,0,1,118,2024,27.36,35.78,27.35,30.290000000000003,31.535,0.009999999999998,32.0,910.0,28.4375,1.9494505494505492,3.49650756146648,6.814542897259958,2,37.44257214866774,25.989519650655023,4.493038522043984,False,False,False,False,False,False,False,False,False,False,False,False,False,False,False,False,False,False,False,False,False,True,False,False,False,False,False,False,False,True,False,False,False,True,False,False,False,False,False,False
4,0.8660254037844387,-0.4999999999999998,2,0,1,0,0,0,1,112,2024,43.62,20.03,21.23,38.79,29.933333333333337,22.39,2.0,67.0,33.5,1.4776119402985075,1.0986122886681098,4.219507705176107,1,1.3685833363643862,31.14656771799629,2.1493813620399,False,True,False,False,False,False,False,False,False,False,False,False,False,False,False,False,False,False,False,False,False,False,False,False,False,False,False,False,False,True,False,False,True,False,False,False,False,False,False,False
3,1.0,6.123233995736766e-17,1,0,1,0,0,0,1,111,2024,26.0,5.56,10.03,25.589999999999996,16.035833333333333,15.97,2.0,61.0,30.5,1.4262295081967211,1.0986122886681098,4.127134385045092,1,5.402510157617734,24.56132467532468,2.2892610520048358,False,False,False,False,False,False,False,False,False,False,False,False,False,False,False,False,True,False,False,False,False,False,False,False,False,False,False,False,False,True,False,False,True,False,False,False,False,False,False,False
6,1.2246467991473532e-16,-1.0,2,0,0,0,1,0,1,114,2024,29.19,27.81,29.15,28.589999999999996,30.02083333333333,0.0400000000000027,130.0,2082.0,16.015384615384615,1.7886647454370797,4.875197323201151,7.641564441260972,2,19.321181236521397,33.32766268260292,5.478599823636219,False,False,True,False,False,False,False,False,False,False,False,False,False,False,False,False,False,False,False,False,False,False,False,False,False,False,False,False,True,False,False,False,False,True,False,False,False,False,False,False
4,0.8660254037844387,-0.4999999999999998,2,0,1,0,0,0,1,124,2025,23.62,26.62,26.9,26.100000000000005,28.779166666666665,-3.2799999999999976,23.0,467.0,20.30434782608696,1.7044967880085653,3.1780538303479458,6.148468295917647,2,9.095179193369573,34.95128731343284,3.0085631316955235,False,False,False,False,False,False,False,False,False,False,False,False,False,False,False,False,False,False,True,False,False,False,False,False,False,False,False,False,True,False,False,False,False,True,False,False,False,False,False,False
1,0.4999999999999999,0.8660254037844387,1,0,0,1,0,0,1,109,2024,18.49,33.41,16.13,33.690000000000005,25.506666666666664,2.3599999999999994,3.0,56.0,18.666666666666668,1.4464285714285714,1.3862943611198906,4.04305126783455,1,9.095179193369573,34.95128731343284,3.0085631316955235,False,False,False,False,False,False,False,False,False,False,False,False,False,False,False,False,False,False,True,False,False,False,False,False,False,False,False,False,True,False,False,False,True,False,False,False,False,False,False,False
2,0.8660254037844386,0.5000000000000001,1,0,0,0,0,0,1,122,2025,27.36,34.68,31.89,29.73333333333333,30.961666666666662,-4.530000000000001,4.0,114.0,28.5,1.5964912280701755,1.6094379124341005,4.74493212836325,1,1.3685833363643862,31.14656771799629,2.1493813620399,False,True,False,False,False,False,False,False,False,False,False,False,False,False,False,False,False,False,False,False,False,False,False,False,False,False,False,False,True,False,False,False,True,False,False,False,False,False,False,False
12,-2.4492935982947064e-16,1.0,4,0,0,1,0,0,1,120,2024,30.26,35.93,22.18,34.10333333333333,30.30416666666667,8.080000000000002,5.0,202.0,40.4,1.8663366336633664,1.791759469228055,5.313205979041787,3,21.020176709632445,34.21156903765691,2.7573282927360605,False,False,False,False,False,False,False,False,False,False,False,False,False,False,False,True,False,False,False,False,False,False,False,False,False,False,False,False,False,True,False,False,False,False,True,False,False,False,False,False
12,-2.4492935982947064e-16,1.0,4,0,0,1,0,0,1,120,2024,17.11,17.04,16.95,17.39,16.37666666666667,0.1600000000000001,451.0,4477.0,9.926829268292684,1.4360062541880725,6.113682179832232,8.4069317971587,0,2.854456235021364,27.928541666666668,1.7036471833624431,False,False,False,False,False,False,False,False,False,False,False,False,True,False,False,False,False,False,False,False,False,False,False,False,False,False,False,False,False,False,True,False,False,False,False,False,False,False,False,True
4,0.8660254037844387,-0.4999999999999998,2,0,1,0,0,0,1,112,2024,26.15,35.31,28.6,28.256666666666664,43.26333333333334,-2.450000000000003,1.0,19.0,19.0,1.631578947368421,0.6931471805599453,2.995732273553991,4,19.321181236521397,33.32766268260292,5.478599823636219,False,False,True,False,False,False,False,False,False,False,False,False,False,False,False,False,False,False,False,False,False,False,False,False,False,False,True,False,False,False,False,False,False,False,False,True,False,False,False,False
3,1.0,6.123233995736766e-17,1,0,1,0,0,0,1,123,2025,18.07,18.84,18.26,18.106666666666666,18.735833333333336,-0.1900000000000012,532.0,4586.0,8.6203007518797,1.5632359354557348,6.278521424165844,8.430981494597171,0,1.3685833363643862,31.14656771799629,2.1493813620399,False,True,False,False,False,False,False,False,False,False,False,False,False,False,False,False,False,False,False,False,False,False,False,False,False,False,False,False,False,False,True,False,False,False,False,False,False,False,False,True
1,0.4999999999999999,0.8660254037844387,1,0,0,1,0,0,1,121,2025,31.47,46.81,37.73,38.55333333333334,38.135,-6.259999999999998,68.0,2373.0,34.89705882352941,1.9447956173619887,4.23410650459726,7.772331575169614,3,16.521531105359642,31.1375,3.6676474044642338,False,False,False,False,False,False,False,False,False,True,False,False,False,False,False,False,False,False,False,False,False,False,False,False,False,False,False,False,False,True,False,False,False,False,True,False,False,False,False,False
3,1.0,6.123233995736766e-17,1,0,1,0,0,0,1,111,2024,17.81,14.27,13.14,16.23,16.099166666666665,4.669999999999998,169.0,1734.0,10.2603550295858,1.7156862745098038,5.135798437050262,7.45876269238096,0,5.402510157617734,24.56132467532468,2.2892610520048358,False,False,False,False,False,False,False,False,False,False,False,False,False,False,False,False,True,False,False,False,False,False,False,False,False,False,False,False,False,False,True,False,False,False,False,False,False,False,False,True
12,-2.4492935982947064e-16,1.0,4,0,0,1,0,0,1,120,2024,21.98,21.07,20.65,21.436666666666667,21.911666666666665,1.3300000000000018,833.0,7344.0,8.816326530612244,1.6771514161220045,6.726233402358747,8.901775088607979,0,29.327002661953944,28.340468227424747,4.51235363631976,False,False,False,False,False,False,False,False,False,False,False,False,False,False,False,False,False,False,False,True,False,False,False,False,False,False,False,False,False,False,True,False,False,False,False,False,False,False,False,True
8,-0.8660254037844384,-0.5000000000000004,3,0,0,0,1,0,1,116,2024,42.15,38.31,41.34,41.25000000000001,39.799166666666665,0.8099999999999952,2.0,162.0,81.0,1.851851851851852,1.0986122886681098,5.093750200806762,5,3.1163155637869844,25.446506849315064,2.056356448131027,False,False,False,False,False,False,False,False,False,False,False,False,False,False,False,False,False,False,False,False,False,False,False,True,False,False,False,False,False,True,False,False,False,False,False,False,True,False,False,False
12,-2.4492935982947064e-16,1.0,4,0,0,1,0,0,1,120,2024,32.56,24.55,19.09,27.77333333333333,23.793333333333333,13.470000000000002,344.0,4422.0,12.854651162790695,1.6614654002713705,5.84354441703136,8.394573477868327,0,21.020176709632445,34.21156903765691,2.7573282927360605,False,False,False,False,False,False,False,False,False,False,False,False,False,False,False,True,False,False,False,False,False,False,False,False,False,False,False,False,False,False,True,False,False,False,False,False,False,False,False,True
6,1.2246467991473532e-16,-1.0,2,0,0,0,1,0,1,114,2024,17.46,18.61,19.38,17.69666666666667,19.551666666666662,-1.9199999999999984,55.0,1566.0,28.472727272727276,1.759897828863346,4.02535169073515,7.356918242356021,2,16.521531105359642,31.1375,3.6676474044642338,False,False,False,False,False,False,False,False,False,True,False,False,False,False,False,False,False,False,False,False,False,False,False,False,False,False,False,False,False,True,False,False,False,True,False,False,False,False,False,False
6,1.2246467991473532e-16,-1.0,2,0,0,0,1,0,1,126,2025,27.51,28.33,27.28,27.80666666666667,28.34166666666667,0.2300000000000004,38.0,559.0,14.710526315789474,1.6493738819320214,3.6635616461296463,6.327936783729195,1,4.599598019455207,21.478070500927643,1.4848958608542095,False,False,False,False,False,False,False,False,False,False,False,False,False,False,False,False,False,False,False,False,False,False,False,False,True,False,False,False,True,False,False,False,True,False,False,False,False,False,False,False
1,0.4999999999999999,0.8660254037844387,1,0,0,1,0,0,1,109,2024,36.98,32.74,23.47,33.28,32.67,13.509999999999998,7.0,143.0,20.428571428571427,1.5454545454545454,2.079441541679836,4.969813299576001,2,1.3685833363643862,31.14656771799629,2.1493813620399,False,True,False,False,False,False,False,False,False,False,False,False,False,False,False,False,False,False,False,False,False,False,False,False,False,False,False,False,True,False,False,False,False,True,False,False,False,False,False,False
11,-0.5000000000000004,0.8660254037844384,4,0,0,0,0,0,1,119,2024,20.1,30.65,24.96,26.790000000000003,28.749166666666667,-4.859999999999999,4.0,78.0,19.5,2.282051282051282,1.6094379124341005,4.3694478524670215,3,37.44257214866774,25.989519650655023,4.493038522043984,False,False,False,False,False,False,False,False,False,False,False,False,False,False,False,False,False,False,False,False,False,True,False,False,False,False,False,False,True,False,False,False,False,False,True,False,False,False,False,False
5,0.4999999999999999,-0.8660254037844387,2,0,0,0,1,0,1,113,2024,36.79,33.88,25.6,34.35,31.727500000000003,11.189999999999998,7.0,188.0,26.857142857142858,1.74468085106383,2.079441541679836,5.241747015059643,2,21.020176709632445,34.21156903765691,2.7573282927360605,False,False,False,False,False,False,False,False,False,False,False,False,False,False,False,True,False,False,False,False,False,False,False,False,False,False,False,False,False,True,False,False,False,True,False,False,False,False,False,False
1,0.4999999999999999,0.8660254037844387,1,0,0,1,0,0,1,121,2025,34.56,29.95,38.11,35.016666666666666,34.568333333333335,-3.549999999999997,12.0,431.0,35.916666666666664,1.7587006960556844,2.5649493574615367,6.068425588244111,1,12.272936264143388,41.06024154589373,2.695363094798593,False,False,False,False,False,False,False,False,False,False,False,False,False,True,False,False,False,False,False,False,False,False,False,False,False,False,False,False,False,True,False,False,True,False,False,False,False,False,False,False
4,0.8660254037844387,-0.4999999999999998,2,0,1,0,0,0,1,124,2025,25.02,27.37,21.28,27.826666666666668,23.24,3.7399999999999984,865.0,7787.0,9.002312138728323,1.6876846025426997,6.763884908562435,8.960339366492091,0,29.327002661953944,28.340468227424747,4.51235363631976,False,False,False,False,False,False,False,False,False,False,False,False,False,False,False,False,False,False,False,True,False,False,False,False,False,False,False,False,False,False,True,False,False,False,False,False,False,False,False,True
10,-0.8660254037844386,0.5000000000000001,4,0,0,0,0,0,1,118,2024,16.37,12.9,9.1,12.910000000000004,13.982500000000002,7.270000000000001,2.0,45.0,22.5,1.5555555555555556,1.0986122886681098,3.828641396489095,3,3.1163155637869844,25.446506849315064,2.056356448131027,False,False,False,False,False,False,False,False,False,False,False,False,False,False,False,False,False,False,False,False,False,False,False,True,False,False,False,False,True,False,False,False,False,False,True,False,False,False,False,False
12,-2.4492935982947064e-16,1.0,4,0,0,1,0,0,1,120,2024,19.94,22.12,17.17,20.806666666666665,19.245,2.77,1275.0,10745.0,8.427450980392157,1.695114006514658,7.151485463904735,9.282288871288769,0,19.321181236521397,33.32766268260292,5.478599823636219,False,False,True,False,False,False,False,False,False,False,False,False,False,False,False,False,False,False,False,False,False,False,False,False,False,False,False,False,False,False,True,False,False,False,False,False,False,False,False,True
2,0.8660254037844386,0.5000000000000001,1,0,0,0,0,0,1,122,2025,27.23,30.51,37.53,27.44000000000001,33.18416666666666,-10.3,27.0,791.0,29.296296296296298,1.740834386852086,3.332204510175204,6.674561391814426,3,27.81733752340581,29.54483928571429,2.365292158846613,False,False,False,False,False,False,False,False,False,False,False,False,False,False,True,False,False,False,False,False,False,False,False,False,False,False,False,False,False,True,False,False,False,False,True,False,False,False,False,False
12,-2.4492935982947064e-16,1.0,4,0,0,1,0,0,1,120,2024,29.08,34.42,39.6,29.176666666666662,31.149999999999995,-10.520000000000003,1.0,40.0,40.0,2.05,0.6931471805599453,3.713572066704308,4,0.5433715367037989,19.593496503496503,2.1089584460983564,False,False,False,False,False,False,False,False,False,False,True,False,False,False,False,False,False,False,False,False,False,False,False,False,False,False,False,False,False,True,False,False,False,False,False,True,False,False,False,False
12,-2.4492935982947064e-16,1.0,4,0,0,1,0,0,1,120,2024,78.71,66.02,60.01,72.70333333333332,65.0725,18.7,1.0,83.0,83.0,2.0,0.6931471805599453,4.430816798843313,5,9.095179193369573,34.95128731343284,3.0085631316955235,False,False,False,False,False,False,False,False,False,False,False,False,False,False,False,False,False,False,True,False,False,False,False,False,False,False,False,False,False,True,False,False,False,False,False,False,True,False,False,False
10,-0.8660254037844386,0.5000000000000001,4,0,0,0,0,0,1,118,2024,2.37,1.55,2.61,2.2266666666666644,2.168333333333333,-0.2399999999999997,3.0,83.0,27.666666666666668,1.0843373493975903,1.3862943611198906,4.430816798843313,1,2.854456235021364,27.928541666666668,1.7036471833624431,False,False,False,False,False,False,False,False,False,False,False,False,True,False,False,False,False,False,False,False,False,False,False,False,False,False,False,False,False,True,False,False,True,False,False,False,False,False,False,False
11,-0.5000000000000004,0.8660254037844384,4,0,0,0,0,0,1,119,2024,24.6,27.63,25.99,28.51666666666667,27.1975,-1.389999999999997,1986.0,18936.0,9.534743202416918,1.7778833967046894,7.594381242551817,9.848872959262906,0,62.68017543516754,37.42273333333333,6.634708430578383,False,False,False,False,False,False,True,False,False,False,False,False,False,False,False,False,False,False,False,False,False,False,False,False,False,False,False,False,False,False,True,False,False,False,False,False,False,False,False,True
1,0.4999999999999999,0.8660254037844387,1,0,0,1,0,0,1,121,2025,20.69,29.25,21.67,25.01,24.13,-0.9800000000000004,8.0,144.0,18.0,1.6111111111111112,2.19722457733622,4.976733742420574,3,27.81733752340581,29.54483928571429,2.365292158846613,False,False,False,False,False,False,False,False,False,False,False,False,False,False,True,False,False,False,False,False,False,False,False,False,False,False,False,False,True,False,False,False,False,False,True,False,False,False,False,False
6,1.2246467991473532e-16,-1.0,2,0,0,0,1,0,1,126,2025,20.67,36.49,34.69,28.290000000000003,29.59166666666667,-14.019999999999996,1.0,32.0,32.0,1.75,0.6931471805599453,3.49650756146648,4,1.3685833363643862,31.14656771799629,2.1493813620399,False,True,False,False,False,False,False,False,False,False,False,False,False,False,False,False,False,False,False,False,False,False,False,False,False,False,False,False,False,True,False,False,False,False,False,True,False,False,False,False
6,1.2246467991473532e-16,-1.0,2,0,0,0,1,0,1,126,2025,27.94,29.6,25.05,27.100000000000005,23.566666666666663,2.890000000000001,6.0,171.0,28.5,1.7894736842105263,1.9459101490553128,5.147494476813453,2,18.84827656325013,35.62061946902655,4.572019679171958,False,False,False,False,False,False,False,False,False,False,False,False,False,False,False,False,False,False,False,False,False,False,True,False,False,False,False,False,False,True,False,False,False,True,False,False,False,False,False,False
12,-2.4492935982947064e-16,1.0,4,0,0,1,0,0,1,120,2024,30.55,30.86,26.52,32.18333333333334,29.55333333333333,4.030000000000001,24.0,492.0,20.5,1.717479674796748,3.218875824868201,6.20050917404269,2,9.095179193369573,34.95128731343284,3.0085631316955235,False,False,False,False,False,False,False,False,False,False,False,False,False,False,False,False,False,False,True,False,False,False,False,False,False,False,False,False,True,False,False,False,False,True,False,False,False,False,False,False
1,0.4999999999999999,0.8660254037844387,1,0,0,1,0,0,1,121,2025,36.12,44.88,15.46,43.68333333333334,35.89333333333333,20.66,3.0,148.0,49.333333333333336,1.4797297297297298,1.3862943611198906,5.003946305945459,4,27.81733752340581,29.54483928571429,2.365292158846613,False,False,False,False,False,False,False,False,False,False,False,False,False,False,True,False,False,False,False,False,False,False,False,False,False,False,False,False,False,True,False,False,False,False,False,True,False,False,False,False
4,0.8660254037844387,-0.4999999999999998,2,0,1,0,0,0,1,124,2025,17.62,17.99,17.65,18.93,20.16333333333333,-0.0299999999999975,52.0,780.0,15.0,1.6525641025641025,3.970291913552122,6.660575149839686,3,2.2470269208737568,20.909291666666665,2.376276214128597,False,False,False,False,True,False,False,False,False,False,False,False,False,False,False,False,False,False,False,False,False,False,False,False,False,False,False,False,True,False,False,False,False,False,True,False,False,False,False,False
4,0.8660254037844387,-0.4999999999999998,2,0,1,0,0,0,1,112,2024,25.88,15.46,32.22,24.383333333333336,29.8275,-6.34,3.0,137.0,45.66666666666666,1.8467153284671531,1.3862943611198906,4.927253685157205,4,27.81733752340581,29.54483928571429,2.365292158846613,False,False,False,False,False,False,False,False,False,False,False,False,False,False,True,False,False,False,False,False,False,False,False,False,False,False,False,False,False,True,False,False,False,False,False,True,False,False,False,False
3,1.0,6.123233995736766e-17,1,0,1,0,0,0,1,123,2025,38.77,51.15,34.12,40.95333333333334,38.025,4.650000000000006,6.0,146.0,24.33333333333333,1.5205479452054795,1.9459101490553128,4.990432586778736,2,21.020176709632445,34.21156903765691,2.7573282927360605,False,False,False,False,False,False,False,False,False,False,False,False,False,False,False,True,False,False,False,False,False,False,False,False,False,False,False,False,True,False,False,False,False,True,False,False,False,False,False,False
10,-0.8660254037844386,0.5000000000000001,4,0,0,0,0,0,1,118,2024,45.17,48.52,35.39,48.81666666666667,34.395,9.78,10.0,155.0,15.5,2.264516129032258,2.3978952727983707,5.049856007249537,0,19.321181236521397,33.32766268260292,5.478599823636219,False,False,True,False,False,False,False,False,False,False,False,False,False,False,False,False,False,False,False,False,False,False,False,False,False,True,False,False,False,False,False,False,False,False,False,False,False,True,False,False
5,0.4999999999999999,-0.8660254037844387,2,0,0,0,1,0,1,113,2024,32.84,38.34,39.28,35.77333333333333,36.58416666666667,-6.439999999999998,47.0,852.0,18.127659574468087,1.937793427230047,3.871201010907891,6.748759547491679,3,3.798440627248956,29.71165505226481,2.022222823693005,False,False,False,False,False,False,False,False,False,False,False,True,False,False,False,False,False,False,False,False,False,False,False,False,False,False,False,False,True,False,False,False,False,False,True,False,False,False,False,False
4,0.8660254037844387,-0.4999999999999998,2,0,1,0,0,0,1,112,2024,31.87,25.07,25.81,31.86666666666667,33.78333333333333,6.060000000000002,11.0,206.0,18.727272727272727,1.7524271844660195,2.4849066497880004,5.332718793265369,3,29.327002661953944,28.340468227424747,4.51235363631976,False,False,False,False,False,False,False,False,False,False,False,False,False,False,False,False,False,False,False,True,False,False,False,False,False,False,False,False,True,False,False,False,False,False,True,False,False,False,False,False
12,-2.4492935982947064e-16,1.0,4,0,0,1,0,0,1,120,2024,27.56,26.87,26.17,27.99,28.909166666666668,1.389999999999997,38.0,558.0,14.68421052631579,1.636200716845878,3.6635616461296463,6.326149473155099,1,4.599598019455207,21.478070500927643,1.4848958608542095,False,False,False,False,False,False,False,False,False,False,False,False,False,False,False,False,False,False,False,False,False,False,False,False,True,False,False,False,True,False,False,False,True,False,False,False,False,False,False,False
10,-0.8660254037844386,0.5000000000000001,4,0,0,0,0,0,1,118,2024,32.05,32.04,29.99,32.68999999999999,30.67083333333333,2.0599999999999987,129.0,2071.0,16.05426356589147,1.7996137131820376,4.867534450455582,7.636269603379373,2,19.321181236521397,33.32766268260292,5.478599823636219,False,False,True,False,False,False,False,False,False,False,False,False,False,False,False,False,False,False,False,False,False,False,False,False,False,False,False,False,True,False,False,False,False,True,False,False,False,False,False,False
5,0.4999999999999999,-0.8660254037844387,2,0,0,0,1,0,1,113,2024,17.67,29.87,13.54,21.533333333333346,17.735,4.130000000000003,6.0,176.0,29.33333333333333,1.556818181818182,1.9459101490553128,5.176149732573829,1,0.6441224885664825,21.0460510805501,3.1524834348578508,False,False,False,False,False,False,False,False,False,False,False,False,False,False,False,False,False,True,False,False,False,False,False,False,False,False,False,False,False,True,False,False,True,False,False,False,False,False,False,False
12,-2.4492935982947064e-16,1.0,4,0,0,1,0,0,1,120,2024,4.39,4.74,9.34,4.2333333333333325,5.1883333333333335,-4.95,1.0,19.0,19.0,1.8421052631578947,0.6931471805599453,2.995732273553991,3,19.321181236521397,33.32766268260292,5.478599823636219,False,False,True,False,False,False,False,False,False,False,False,False,False,False,False,False,False,False,False,False,False,False,False,False,False,False,True,False,False,False,False,False,False,False,True,False,False,False,False,False
12,-2.4492935982947064e-16,1.0,4,0,0,1,0,0,1,120,2024,69.81,81.05,49.89,77.43666666666668,68.7025,19.92,21.0,1606.0,76.47619047619048,1.9545454545454544,3.091042453358316,7.382124365737512,4,62.68017543516754,37.42273333333333,6.634708430578383,False,False,False,False,False,False,True,False,False,False,False,False,False,False,False,False,False,False,False,False,False,False,False,False,False,False,False,False,False,True,False,False,False,False,False,True,False,False,False,False
7,-0.4999999999999997,-0.8660254037844388,3,1,0,0,1,0,1,115,2024,28.28,23.68,26.0,26.46,24.096666666666664,2.280000000000001,19.0,323.0,17.0,2.0123839009287927,2.995732273553991,5.780743515792329,3,62.68017543516754,37.42273333333333,6.634708430578383,False,False,False,False,False,False,True,False,False,False,False,False,False,False,False,False,False,False,False,False,False,False,False,False,False,False,False,False,True,False,False,False,False,False,True,False,False,False,False,False
11,-0.5000000000000004,0.8660254037844384,4,0,0,0,0,0,1,119,2024,24.66,23.8,26.71,22.83666666666667,21.1125,-2.0500000000000007,24.0,494.0,20.58333333333333,1.890688259109312,3.218875824868201,6.20455776256869,3,12.272936264143388,41.06024154589373,2.695363094798593,False,False,False,False,False,False,False,False,False,False,False,False,False,True,False,False,False,False,False,False,False,False,False,False,False,False,False,False,True,False,False,False,False,False,True,False,False,False,False,False
9,-1.0,-1.8369701987210294e-16,3,0,0,0,1,0,1,117,2024,21.99,15.85,16.01,19.960000000000004,16.6725,5.979999999999997,8.0,328.0,41.0,1.7347560975609757,2.19722457733622,5.796057750765372,2,1.8927983246544748,27.19991397849462,1.6267007699304217,False,False,False,True,False,False,False,False,False,False,False,False,False,False,False,False,False,False,False,False,False,False,False,False,False,False,False,False,False,True,False,False,False,True,False,False,False,False,False,False
7,-0.4999999999999997,-0.8660254037844388,3,1,0,0,1,0,1,115,2024,37.95,37.95,64.52,40.85,55.267500000000005,-26.569999999999997,1.0,13.0,13.0,1.7692307692307692,0.6931471805599453,2.6390573296152584,4,27.81733752340581,29.54483928571429,2.365292158846613,False,False,False,False,False,False,False,False,False,False,False,False,False,False,True,False,False,False,False,False,False,False,False,False,False,False,True,False,False,False,False,False,False,False,False,True,False,False,False,False
9,-1.0,-1.8369701987210294e-16,3,0,0,0,1,0,1,117,2024,14.12,10.54,12.14,12.37,12.164166666666665,1.9799999999999984,15.0,199.0,13.266666666666667,1.829145728643216,2.772588722239781,5.298317366548036,1,1.8927983246544748,27.19991397849462,1.6267007699304217,False,False,False,True,False,False,False,False,False,False,False,False,False,False,False,False,False,False,False,False,False,False,False,False,False,False,False,False,True,False,False,False,True,False,False,False,False,False,False,False
1,0.4999999999999999,0.8660254037844387,1,0,0,1,0,0,1,109,2024,21.29,6.07,28.34,12.62333333333334,28.07,-7.050000000000001,11.0,159.0,14.454545454545457,2.2138364779874213,2.4849066497880004,5.075173815233827,0,1.7621116901403215,33.30862646566164,4.388568475722211,False,False,False,False,False,False,False,False,False,False,False,False,False,False,False,False,False,False,False,False,True,False,False,False,False,True,False,False,False,False,False,False,False,False,False,False,False,True,False,False
8,-0.8660254037844384,-0.5000000000000004,3,0,0,0,1,0,1,116,2024,23.64,18.73,28.76,20.67,23.97,-5.120000000000001,792.0,8018.0,10.123737373737374,1.688575704664505,6.675823221634848,8.989569004807029,0,16.521531105359642,31.1375,3.6676474044642338,False,False,False,False,False,False,False,False,False,True,False,False,False,False,False,False,False,False,False,False,False,False,False,False,False,False,False,False,False,False,True,False,False,False,False,False,False,False,False,True
11,-0.5000000000000004,0.8660254037844384,4,0,0,0,0,0,1,119,2024,31.04,34.37,28.45,31.61,29.0375,2.59,18.0,648.0,36.0,1.816358024691358,2.9444389791664403,6.47543271670409,3,0.6523540595228975,31.13929787234043,2.292383678314417,False,False,False,False,False,False,False,False,True,False,False,False,False,False,False,False,False,False,False,False,False,False,False,False,False,False,False,False,False,True,False,False,False,False,True,False,False,False,False,False
4,0.8660254037844387,-0.4999999999999998,2,0,1,0,0,0,1,112,2024,14.72,9.85,24.99,13.776666666666667,14.764166666666668,-10.269999999999998,8.0,340.0,42.5,1.7441176470588236,2.19722457733622,5.831882477283517,2,1.8927983246544748,27.19991397849462,1.6267007699304217,False,False,False,True,False,False,False,False,False,False,False,False,False,False,False,False,False,False,False,False,False,False,False,False,False,False,False,False,False,True,False,False,False,True,False,False,False,False,False,False
5,0.4999999999999999,-0.8660254037844387,2,0,0,0,1,0,1,125,2025,77.48,44.54,81.56,62.70666666666667,69.8625,-4.079999999999998,22.0,1685.0,76.5909090909091,1.9531157270029675,3.1354942159291497,7.430114138561801,4,62.68017543516754,37.42273333333333,6.634708430578383,False,False,False,False,False,False,True,False,False,False,False,False,False,False,False,False,False,False,False,False,False,False,False,False,False,False,False,False,False,True,False,False,False,False,False,True,False,False,False,False
6,1.2246467991473532e-16,-1.0,2,0,0,0,1,0,1,114,2024,60.06,44.76,40.17,50.20333333333334,43.580000000000005,19.89,4.0,250.0,62.5,1.74,1.6094379124341005,5.525452939131784,5,12.272936264143388,41.06024154589373,2.695363094798593,False,False,False,False,False,False,False,False,False,False,False,False,False,True,False,False,False,False,False,False,False,False,False,False,False,False,True,False,False,False,False,False,False,False,False,False,True,False,False,False
4,0.8660254037844387,-0.4999999999999998,2,0,1,0,0,0,1,124,2025,16.7,19.26,18.53,18.53,20.799166666666668,-1.8300000000000016,840.0,8364.0,9.957142857142856,1.6521999043519846,6.734591659972948,9.031811613420924,0,16.521531105359642,31.1375,3.6676474044642338,False,False,False,False,False,False,False,False,False,True,False,False,False,False,False,False,False,False,False,False,False,False,False,False,False,False,False,False,False,False,True,False,False,False,False,False,False,False,False,True
12,-2.4492935982947064e-16,1.0,4,0,0,1,0,0,1,120,2024,31.23,38.42,30.55,32.14,30.299166666666665,0.6799999999999997,24.0,357.0,14.875,1.7955182072829132,3.218875824868201,5.8805329864007,1,3.798440627248956,29.71165505226481,2.022222823693005,False,False,False,False,False,False,False,False,False,False,False,True,False,False,False,False,False,False,False,False,False,False,False,False,False,False,False,False,True,False,False,False,True,False,False,False,False,False,False,False
2,0.8660254037844386,0.5000000000000001,1,0,0,0,0,0,1,122,2025,14.61,14.12,20.75,14.856666666666664,17.28083333333333,-6.140000000000001,2.0,68.0,34.0,1.8235294117647056,1.0986122886681098,4.23410650459726,2,3.1163155637869844,25.446506849315064,2.056356448131027,False,False,False,False,False,False,False,False,False,False,False,False,False,False,False,False,False,False,False,False,False,False,False,True,False,False,False,False,True,False,False,False,False,True,False,False,False,False,False,False
11,-0.5000000000000004,0.8660254037844384,4,0,0,0,0,0,1,119,2024,48.13,50.99,46.79,49.21333333333334,45.00833333333333,1.3400000000000034,161.0,8429.0,52.35403726708075,1.9016490686914225,5.087596335232384,9.0395520509959,3,12.272936264143388,41.06024154589373,2.695363094798593,False,False,False,False,False,False,False,False,False,False,False,False,False,True,False,False,False,False,False,False,False,False,False,False,False,False,False,False,False,True,False,False,False,False,True,False,False,False,False,False
3,1.0,6.123233995736766e-17,1,0,1,0,0,0,1,111,2024,39.65,35.43,35.51,37.15666666666667,42.5625,4.140000000000001,4.0,393.0,98.25,1.8931297709923665,1.6094379124341005,5.976350909297934,4,9.095179193369573,34.95128731343284,3.0085631316955235,False,False,False,False,False,False,False,False,False,False,False,False,False,False,False,False,False,False,True,False,False,False,False,False,False,False,False,False,False,True,False,False,False,False,False,True,False,False,False,False
3,1.0,6.123233995736766e-17,1,0,1,0,0,0,1,123,2025,37.41,33.58,27.34,36.026666666666664,37.630833333333335,10.069999999999997,29.0,807.0,27.82758620689655,1.758364312267658,3.4011973816621555,6.694562058521095,2,1.7621116901403215,33.30862646566164,4.388568475722211,False,False,False,False,False,False,False,False,False,False,False,False,False,False,False,False,False,False,False,False,True,False,False,False,False,False,False,False,False,True,False,False,False,True,False,False,False,False,False,False
4,0.8660254037844387,-0.4999999999999998,2,0,1,0,0,0,1,124,2025,30.02,31.42,36.67,31.736666666666675,40.73,-6.650000000000002,5.0,471.0,94.2,1.7898089171974525,1.791759469228055,6.156978985585555,4,9.095179193369573,34.95128731343284,3.0085631316955235,False,False,False,False,False,False,False,False,False,False,False,False,False,False,False,False,False,False,True,False,False,False,False,False,False,False,False,False,False,True,False,False,False,False,False,True,False,False,False,False
9,-1.0,-1.8369701987210294e-16,3,0,0,0,1,0,1,117,2024,8.6,9.09,33.0,9.386666666666668,30.2175,-24.4,6.0,162.0,27.0,1.9444444444444444,1.9459101490553128,5.093750200806762,3,5.402510157617734,24.56132467532468,2.2892610520048358,False,False,False,False,False,False,False,False,False,False,False,False,False,False,False,False,True,False,False,False,False,False,False,False,False,False,False,False,True,False,False,False,False,False,True,False,False,False,False,False
12,-2.4492935982947064e-16,1.0,4,0,0,1,0,0,1,120,2024,38.67,50.0,35.89,42.01666666666667,32.655,2.780000000000001,8.0,241.0,30.125,1.5311203319502074,2.19722457733622,5.488937726156687,1,0.6523540595228975,31.13929787234043,2.292383678314417,False,False,False,False,False,False,False,False,True,False,False,False,False,False,False,False,False,False,False,False,False,False,False,False,False,False,False,False,False,True,False,False,True,False,False,False,False,False,False,False
6,1.2246467991473532e-16,-1.0,2,0,0,0,1,0,1,126,2025,34.19,29.15,33.25,30.613333333333333,31.0175,0.9399999999999976,11.0,245.0,22.272727272727277,1.7877551020408162,2.4849066497880004,5.5053315359323625,3,29.327002661953944,28.340468227424747,4.51235363631976,False,False,False,False,False,False,False,False,False,False,False,False,False,False,False,False,False,False,False,True,False,False,False,False,False,False,False,False,True,False,False,False,False,False,True,False,False,False,False,False
5,0.4999999999999999,-0.8660254037844387,2,0,0,0,1,0,1,113,2024,22.35,33.15,28.45,27.71666666666667,27.844166666666663,-6.099999999999998,7.0,122.0,17.428571428571427,1.639344262295082,2.079441541679836,4.812184355372417,3,27.81733752340581,29.54483928571429,2.365292158846613,False,False,False,False,False,False,False,False,False,False,False,False,False,False,True,False,False,False,False,False,False,False,False,False,False,False,False,False,True,False,False,False,False,False,True,False,False,False,False,False
12,-2.4492935982947064e-16,1.0,4,0,0,1,0,0,1,120,2024,55.95,56.05,31.16,53.73,44.8325,24.790000000000003,4.0,250.0,62.5,1.74,1.6094379124341005,5.525452939131784,5,12.272936264143388,41.06024154589373,2.695363094798593,False,False,False,False,False,False,False,False,False,False,False,False,False,True,False,False,False,False,False,False,False,False,False,False,False,False,True,False,False,False,False,False,False,False,False,False,True,False,False,False
1,0.4999999999999999,0.8660254037844387,1,0,0,1,0,0,1,109,2024,41.19,48.92,29.93,48.68666666666669,42.49666666666667,11.259999999999998,25.0,4441.0,177.64,1.777527583877505,3.258096538021482,8.398860004454372,5,12.272936264143388,41.06024154589373,2.695363094798593,False,False,False,False,False,False,False,False,False,False,False,False,False,True,False,False,False,False,False,False,False,False,False,False,False,False,False,False,False,True,False,False,False,False,False,False,True,False,False,False
5,0.4999999999999999,-0.8660254037844387,2,0,0,0,1,0,1,113,2024,21.81,21.3,20.05,21.093333333333337,20.98583333333333,1.759999999999998,36.0,975.0,27.08333333333333,1.6348717948717948,3.610917912644224,6.883462586413092,2,5.432849023145278,26.621532258064512,2.192986415167364,True,False,False,False,False,False,False,False,False,False,False,False,False,False,False,False,False,False,False,False,False,False,False,False,False,False,False,False,False,True,False,False,False,True,False,False,False,False,False,False
5,0.4999999999999999,-0.8660254037844387,2,0,0,0,1,0,1,113,2024,22.93,28.14,22.48,25.933333333333337,23.91583333333333,0.4499999999999993,19.0,464.0,24.42105263157895,1.7737068965517242,2.995732273553991,6.142037405587356,3,5.432849023145278,26.621532258064512,2.192986415167364,True,False,False,False,False,False,False,False,False,False,False,False,False,False,False,False,False,False,False,False,False,False,False,False,False,False,False,False,False,True,False,False,False,False,True,False,False,False,False,False
6,1.2246467991473532e-16,-1.0,2,0,0,0,1,0,1,126,2025,56.3,56.88,55.46,57.37666666666669,54.78333333333333,0.8399999999999963,28.0,5128.0,183.14285714285717,1.7950468018720749,3.367295829986474,8.542665987389269,5,12.272936264143388,41.06024154589373,2.695363094798593,False,False,False,False,False,False,False,False,False,False,False,False,False,True,False,False,False,False,False,False,False,False,False,False,False,False,False,False,False,True,False,False,False,False,False,False,True,False,False,False
11,-0.5000000000000004,0.8660254037844384,4,0,0,0,0,0,1,119,2024,51.03,50.38,53.33,47.69666666666668,42.0075,-2.299999999999997,5.0,456.0,91.2,1.8114035087719296,1.791759469228055,6.124683390894205,4,9.095179193369573,34.95128731343284,3.0085631316955235,False,False,False,False,False,False,False,False,False,False,False,False,False,False,False,False,False,False,True,False,False,False,False,False,False,False,False,False,False,True,False,False,False,False,False,True,False,False,False,False
8,-0.8660254037844384,-0.5000000000000004,3,0,0,0,1,0,1,116,2024,2.15,1.9,13.76,2.1099999999999977,9.3875,-11.61,4.0,65.0,16.25,2.1846153846153844,1.6094379124341005,4.189654742026425,3,18.84827656325013,35.62061946902655,4.572019679171958,False,False,False,False,False,False,False,False,False,False,False,False,False,False,False,False,False,False,False,False,False,False,True,False,False,False,False,False,True,False,False,False,False,False,True,False,False,False,False,False
5,0.4999999999999999,-0.8660254037844387,2,0,0,0,1,0,1,113,2024,40.72,42.97,38.77,41.29333333333333,40.12,1.949999999999996,123.0,5081.0,41.3089430894309,1.7596929738240503,4.820281565605037,8.53346016388011,2,12.272936264143388,41.06024154589373,2.695363094798593,False,False,False,False,False,False,False,False,False,False,False,False,False,True,False,False,False,False,False,False,False,False,False,False,False,False,False,False,False,True,False,False,False,True,False,False,False,False,False,False
10,-0.8660254037844386,0.5000000000000001,4,0,0,0,0,0,1,118,2024,21.75,23.85,23.65,23.74333333333333,21.525,-1.8999999999999984,29.0,885.0,30.517241379310345,1.7954802259887006,3.4011973816621555,6.786716950605081,2,0.5433715367037989,19.593496503496503,2.1089584460983564,False,False,False,False,False,False,False,False,False,False,True,False,False,False,False,False,False,False,False,False,False,False,False,False,False,False,False,False,False,True,False,False,False,True,False,False,False,False,False,False
3,1.0,6.123233995736766e-17,1,0,1,0,0,0,1,123,2025,26.13,34.56,35.81,29.85,32.6325,-9.680000000000003,12.0,431.0,35.916666666666664,1.7587006960556844,2.5649493574615367,6.068425588244111,1,12.272936264143388,41.06024154589373,2.695363094798593,False,False,False,False,False,False,False,False,False,False,False,False,False,True,False,False,False,False,False,False,False,False,False,False,False,False,False,False,False,True,False,False,True,False,False,False,False,False,False,False
5,0.4999999999999999,-0.8660254037844387,2,0,0,0,1,0,1,125,2025,20.1,22.58,21.96,20.783333333333328,23.16583333333333,-1.8599999999999997,885.0,9741.0,11.00677966101695,1.5947028025870034,6.786716950605081,9.184201714366488,0,1.7621116901403215,33.30862646566164,4.388568475722211,False,False,False,False,False,False,False,False,False,False,False,False,False,False,False,False,False,False,False,False,True,False,False,False,False,False,False,False,False,False,True,False,False,False,False,False,False,False,False,True
7,-0.4999999999999997,-0.8660254037844388,3,1,0,0,1,0,1,115,2024,2.78,8.43,7.06,6.006666666666669,16.125833333333333,-4.279999999999999,3.0,36.0,12.0,1.4444444444444444,1.3862943611198906,3.610917912644224,3,16.521531105359642,31.1375,3.6676474044642338,False,False,False,False,False,False,False,False,False,True,False,False,False,False,False,False,False,False,False,False,False,False,False,False,False,False,True,False,False,False,False,False,False,False,True,False,False,False,False,False
6,1.2246467991473532e-16,-1.0,2,0,0,0,1,0,1,126,2025,71.7,35.98,41.19,55.04333333333332,49.3725,30.510000000000005,1.0,123.0,123.0,1.8780487804878048,0.6931471805599453,4.820281565605037,5,29.327002661953944,28.340468227424747,4.51235363631976,False,False,False,False,False,False,False,False,False,False,False,False,False,False,False,False,False,False,False,True,False,False,False,False,False,False,False,False,False,True,False,False,False,False,False,False,True,False,False,False
1,0.4999999999999999,0.8660254037844387,1,0,0,1,0,0,1,121,2025,34.09,45.86,32.9,42.74333333333334,44.68083333333333,1.1900000000000048,1.0,60.0,60.0,1.6833333333333331,0.6931471805599453,4.110873864173311,4,0.6523540595228975,31.13929787234043,2.292383678314417,False,False,False,False,False,False,False,False,True,False,False,False,False,False,False,False,False,False,False,False,False,False,False,False,False,False,False,False,False,True,False,False,False,False,False,True,False,False,False,False
1,0.4999999999999999,0.8660254037844387,1,0,0,1,0,0,1,121,2025,18.08,22.16,18.29,18.83333333333333,17.784166666666668,-0.2100000000000008,11.0,202.0,18.363636363636363,1.5198019801980198,2.4849066497880004,5.313205979041787,2,27.81733752340581,29.54483928571429,2.365292158846613,False,False,False,False,False,False,False,False,False,False,False,False,False,False,True,False,False,False,False,False,False,False,False,False,False,False,False,False,True,False,False,False,False,True,False,False,False,False,False,False
12,-2.4492935982947064e-16,1.0,4,0,0,1,0,0,1,120,2024,20.22,18.47,14.27,19.820000000000004,17.415833333333335,5.949999999999999,165.0,1642.0,9.951515151515151,1.7551766138855054,5.111987788356544,7.404279118037268,0,5.402510157617734,24.56132467532468,2.2892610520048358,False,False,False,False,False,False,False,False,False,False,False,False,False,False,False,False,True,False,False,False,False,False,False,False,False,False,False,False,False,False,True,False,False,False,False,False,False,False,False,True
9,-1.0,-1.8369701987210294e-16,3,0,0,0,1,0,1,117,2024,69.32,48.15,58.59,58.53,50.72583333333333,10.72999999999999,3.0,241.0,80.33333333333333,1.4605809128630705,1.3862943611198906,5.488937726156687,5,19.321181236521397,33.32766268260292,5.478599823636219,False,False,True,False,False,False,False,False,False,False,False,False,False,False,False,False,False,False,False,False,False,False,False,False,False,False,False,False,False,True,False,False,False,False,False,False,True,False,False,False
6,1.2246467991473532e-16,-1.0,2,0,0,0,1,0,1,114,2024,29.99,31.87,32.39,31.66,32.945,-2.400000000000002,12.0,228.0,19.0,1.7456140350877194,2.5649493574615367,5.43372200355424,3,29.327002661953944,28.340468227424747,4.51235363631976,False,False,False,False,False,False,False,False,False,False,False,False,False,False,False,False,False,False,False,True,False,False,False,False,False,False,False,False,True,False,False,False,False,False,True,False,False,False,False,False
2,0.8660254037844386,0.5000000000000001,1,0,0,0,0,0,1,110,2024,19.74,24.54,13.7,20.876666666666665,18.8925,6.039999999999999,55.0,842.0,15.309090909090909,1.8907363420427556,4.02535169073515,6.736966958001855,2,29.327002661953944,28.340468227424747,4.51235363631976,False,False,False,False,False,False,False,False,False,False,False,False,False,False,False,False,False,False,False,True,False,False,False,False,False,False,False,False,True,False,False,False,False,True,False,False,False,False,False,False
6,1.2246467991473532e-16,-1.0,2,0,0,0,1,0,1,126,2025,20.65,21.53,50.75,23.116666666666664,28.441666666666663,-30.1,1.0,40.0,40.0,1.65,0.6931471805599453,3.713572066704308,4,0.5433715367037989,19.593496503496503,2.1089584460983564,False,False,False,False,False,False,False,False,False,False,True,False,False,False,False,False,False,False,False,False,False,False,False,False,False,False,False,False,False,True,False,False,False,False,False,True,False,False,False,False
5,0.4999999999999999,-0.8660254037844387,2,0,0,0,1,0,1,125,2025,25.79,81.58,60.15,52.37333333333333,42.185833333333335,-34.36,2.0,19.0,9.5,2.8421052631578947,1.0986122886681098,2.995732273553991,3,18.84827656325013,35.62061946902655,4.572019679171958,False,False,False,False,False,False,False,False,False,False,False,False,False,False,False,False,False,False,False,False,False,False,True,False,False,False,True,False,False,False,False,False,False,False,True,False,False,False,False,False
1,0.4999999999999999,0.8660254037844387,1,0,0,1,0,0,1,109,2024,16.26,15.09,14.39,15.453333333333331,14.9525,1.870000000000001,239.0,2564.0,10.728033472803348,1.546801872074883,5.480638923341991,7.84971375760487,0,0.5784654563408463,29.6538961038961,2.6469618055221846,False,False,False,False,False,False,False,True,False,False,False,False,False,False,False,False,False,False,False,False,False,False,False,False,False,False,False,False,False,False,True,False,False,False,False,False,False,False,False,True
5,0.4999999999999999,-0.8660254037844387,2,0,0,0,1,0,1,125,2025,75.71,68.71,54.0,73.94666666666667,70.13583333333334,21.709999999999997,1.0,21.0,21.0,1.4285714285714286,0.6931471805599453,3.091042453358316,3,1.3685833363643862,31.14656771799629,2.1493813620399,False,True,False,False,False,False,False,False,False,False,False,False,False,False,False,False,False,False,False,False,False,False,False,False,False,False,True,False,False,False,False,False,False,False,True,False,False,False,False,False
2,0.8660254037844386,0.5000000000000001,1,0,0,0,0,0,1,110,2024,7.57,15.22,0.31,10.683333333333335,13.534166666666666,7.260000000000001,1.0,23.0,23.0,2.217391304347826,0.6931471805599453,3.1780538303479458,0,19.321181236521397,33.32766268260292,5.478599823636219,False,False,True,False,False,False,False,False,False,False,False,False,False,False,False,False,False,False,False,False,False,False,False,False,False,False,False,True,False,False,False,False,False,False,False,False,False,False,True,False
1,0.4999999999999999,0.8660254037844387,1,0,0,1,0,0,1,109,2024,20.28,17.95,21.7,20.700000000000003,24.3075,-1.4199999999999982,14.0,401.0,28.642857142857142,1.5436408977556109,2.70805020110221,5.996452088619021,1,4.599598019455207,21.478070500927643,1.4848958608542095,False,False,False,False,False,False,False,False,False,False,False,False,False,False,False,False,False,False,False,False,False,False,False,False,True,False,False,False,False,True,False,False,True,False,False,False,False,False,False,False
6,1.2246467991473532e-16,-1.0,2,0,0,0,1,0,1,126,2025,3.74,2.21,7.89,3.7966666666666655,4.468333333333334,-4.15,1.0,19.0,19.0,1.8421052631578947,0.6931471805599453,2.995732273553991,3,19.321181236521397,33.32766268260292,5.478599823636219,False,False,True,False,False,False,False,False,False,False,False,False,False,False,False,False,False,False,False,False,False,False,False,False,False,False,True,False,False,False,False,False,False,False,True,False,False,False,False,False
10,-0.8660254037844386,0.5000000000000001,4,0,0,0,0,0,1,118,2024,24.57,25.55,23.5,25.443333333333328,24.078333333333333,1.0700000000000005,875.0,9270.0,10.594285714285714,1.5807982740021576,6.775366090936392,9.134646527606982,0,1.7621116901403215,33.30862646566164,4.388568475722211,False,False,False,False,False,False,False,False,False,False,False,False,False,False,False,False,False,False,False,False,True,False,False,False,False,False,False,False,False,False,True,False,False,False,False,False,False,False,False,True
4,0.8660254037844387,-0.4999999999999998,2,0,1,0,0,0,1,124,2025,28.45,30.22,22.35,30.32,24.8375,6.099999999999998,8.0,144.0,18.0,1.5763888888888888,2.19722457733622,4.976733742420574,3,27.81733752340581,29.54483928571429,2.365292158846613,False,False,False,False,False,False,False,False,False,False,False,False,False,False,True,False,False,False,False,False,False,False,False,False,False,False,False,False,True,False,False,False,False,False,True,False,False,False,False,False
10,-0.8660254037844386,0.5000000000000001,4,0,0,0,0,0,1,118,2024,48.79,42.15,41.1,48.28000000000001,41.61416666666667,7.689999999999998,2.0,162.0,81.0,1.839506172839506,1.0986122886681098,5.093750200806762,5,3.1163155637869844,25.446506849315064,2.056356448131027,False,False,False,False,False,False,False,False,False,False,False,False,False,False,False,False,False,False,False,False,False,False,False,True,False,False,False,False,False,True,False,False,False,False,False,False,True,False,False,False
9,-1.0,-1.8369701987210294e-16,3,0,0,0,1,0,1,117,2024,46.11,33.46,37.91,39.27,33.4525,8.200000000000003,70.0,2085.0,29.785714285714285,1.8805755395683448,4.262679877041316,7.643003635560718,3,19.321181236521397,33.32766268260292,5.478599823636219,False,False,True,False,False,False,False,False,False,False,False,False,False,False,False,False,False,False,False,False,False,False,False,False,False,False,False,False,False,True,False,False,False,False,True,False,False,False,False,False
4,0.8660254037844387,-0.4999999999999998,2,0,1,0,0,0,1,112,2024,23.22,9.37,7.28,15.086666666666666,12.750833333333333,15.939999999999998,6.0,126.0,21.0,1.6507936507936507,1.9459101490553128,4.844187086458591,1,16.521531105359642,31.1375,3.6676474044642338,False,False,False,False,False,False,False,False,False,True,False,False,False,False,False,False,False,False,False,False,False,False,False,False,False,False,False,False,False,True,False,False,True,False,False,False,False,False,False,False
1,0.4999999999999999,0.8660254037844387,1,0,0,1,0,0,1,121,2025,15.24,15.4,16.93,16.25666666666667,18.766666666666666,-1.6899999999999995,72.0,2272.0,31.55555555555556,1.705105633802817,4.290459441148391,7.728855823852543,3,2.2470269208737568,20.909291666666665,2.376276214128597,False,False,False,False,True,False,False,False,False,False,False,False,False,False,False,False,False,False,False,False,False,False,False,False,False,False,False,False,False,True,False,False,False,False,True,False,False,False,False,False
5,0.4999999999999999,-0.8660254037844387,2,0,0,0,1,0,1,125,2025,27.12,46.52,26.42,34.49999999999999,34.24666666666666,0.6999999999999993,12.0,485.0,40.41666666666666,3.4,2.5649493574615367,6.186208623900494,3,37.44257214866774,25.989519650655023,4.493038522043984,False,False,False,False,False,False,False,False,False,False,False,False,False,False,False,False,False,False,False,False,False,True,False,False,False,False,False,False,False,True,False,False,False,False,True,False,False,False,False,False
9,-1.0,-1.8369701987210294e-16,3,0,0,0,1,0,1,117,2024,34.68,21.89,36.31,29.55333333333334,24.488333333333333,-1.6300000000000026,8.0,116.0,14.5,1.9310344827586208,2.19722457733622,4.762173934797756,3,5.432849023145278,26.621532258064512,2.192986415167364,True,False,False,False,False,False,False,False,False,False,False,False,False,False,False,False,False,False,False,False,False,False,False,False,False,False,False,False,True,False,False,False,False,False,True,False,False,False,False,False
6,1.2246467991473532e-16,-1.0,2,0,0,0,1,0,1,114,2024,26.88,21.2,18.25,21.79333333333334,27.58333333333333,8.629999999999999,2.0,21.0,10.5,2.095238095238096,1.0986122886681098,3.091042453358316,3,0.6441224885664825,21.0460510805501,3.1524834348578508,False,False,False,False,False,False,False,False,False,False,False,False,False,False,False,False,False,True,False,False,False,False,False,False,False,False,False,False,True,False,False,False,False,False,True,False,False,False,False,False
3,1.0,6.123233995736766e-17,1,0,1,0,0,0,1,123,2025,17.19,16.84,15.1,17.30333333333333,19.93916666666667,2.0900000000000016,14.0,405.0,28.928571428571427,1.5555555555555556,2.70805020110221,6.0063531596017325,1,4.599598019455207,21.478070500927643,1.4848958608542095,False,False,False,False,False,False,False,False,False,False,False,False,False,False,False,False,False,False,False,False,False,False,False,False,True,False,False,False,False,True,False,False,True,False,False,False,False,False,False,False
10,-0.8660254037844386,0.5000000000000001,4,0,0,0,0,0,1,118,2024,66.0,64.95,58.01,68.86666666666667,63.83916666666667,7.990000000000002,1.0,60.0,60.0,1.4666666666666666,0.6931471805599453,4.110873864173311,5,27.81733752340581,29.54483928571429,2.365292158846613,False,False,False,False,False,False,False,False,False,False,False,False,False,False,True,False,False,False,False,False,False,False,False,False,False,False,False,False,False,True,False,False,False,False,False,False,True,False,False,False
4,0.8660254037844387,-0.4999999999999998,2,0,1,0,0,0,1,124,2025,8.68,6.47,34.38,8.076666666666666,11.213333333333331,-25.700000000000003,6.0,162.0,27.0,1.9444444444444444,1.9459101490553128,5.093750200806762,3,5.402510157617734,24.56132467532468,2.2892610520048358,False,False,False,False,False,False,False,False,False,False,False,False,False,False,False,False,True,False,False,False,False,False,False,False,False,False,False,False,True,False,False,False,False,False,True,False,False,False,False,False
10,-0.8660254037844386,0.5000000000000001,4,0,0,0,0,0,1,118,2024,50.0,40.42,29.65,42.70333333333334,31.813333333333333,20.35,8.0,241.0,30.125,1.5311203319502074,2.19722457733622,5.488937726156687,1,0.6523540595228975,31.13929787234043,2.292383678314417,False,False,False,False,False,False,False,False,True,False,False,False,False,False,False,False,False,False,False,False,False,False,False,False,False,False,False,False,False,True,False,False,True,False,False,False,False,False,False,False
8,-0.8660254037844384,-0.5000000000000004,3,0,0,0,1,0,1,116,2024,24.94,34.55,29.46,28.67,26.31833333333333,-4.52,15.0,357.0,23.8,2.030812324929972,2.772588722239781,5.8805329864007,0,21.020176709632445,34.21156903765691,2.7573282927360605,False,False,False,False,False,False,False,False,False,False,False,False,False,False,False,True,False,False,False,False,False,False,False,False,False,True,False,False,False,False,False,False,False,False,False,False,False,True,False,False
1,0.4999999999999999,0.8660254037844387,1,0,0,1,0,0,1,109,2024,19.09,21.84,12.01,20.356666666666666,18.949166666666667,7.08,343.0,4527.0,13.198250728862972,1.6467859509609013,5.840641657373398,8.41803561988302,0,21.020176709632445,34.21156903765691,2.7573282927360605,False,False,False,False,False,False,False,False,False,False,False,False,False,False,False,True,False,False,False,False,False,False,False,False,False,False,False,False,False,False,True,False,False,False,False,False,False,False,False,True
4,0.8660254037844387,-0.4999999999999998,2,0,1,0,0,0,1,112,2024,13.25,14.15,17.54,14.033333333333331,17.961666666666666,-4.289999999999999,9.0,206.0,22.88888888888889,1.7184466019417477,2.302585092994046,5.332718793265369,2,27.81733752340581,29.54483928571429,2.365292158846613,False,False,False,False,False,False,False,False,False,False,False,False,False,False,True,False,False,False,False,False,False,False,False,False,False,False,False,False,False,True,False,False,False,True,False,False,False,False,False,False
4,0.8660254037844387,-0.4999999999999998,2,0,1,0,0,0,1,124,2025,33.41,32.94,36.92,35.04,37.96583333333333,-3.510000000000005,6.0,146.0,24.33333333333333,1.5205479452054795,1.9459101490553128,4.990432586778736,2,21.020176709632445,34.21156903765691,2.7573282927360605,False,False,False,False,False,False,False,False,False,False,False,False,False,False,False,True,False,False,False,False,False,False,False,False,False,False,False,False,True,False,False,False,False,True,False,False,False,False,False,False
5,0.4999999999999999,-0.8660254037844387,2,0,0,0,1,0,1,113,2024,37.83,49.93,43.28,44.35666666666666,44.7725,-5.450000000000003,2.0,267.0,133.5,1.6853932584269662,1.0986122886681098,5.5909869805108565,5,3.798440627248956,29.71165505226481,2.022222823693005,False,False,False,False,False,False,False,False,False,False,False,True,False,False,False,False,False,False,False,False,False,False,False,False,False,False,False,False,False,True,False,False,False,False,False,False,True,False,False,False
3,1.0,6.123233995736766e-17,1,0,1,0,0,0,1,111,2024,31.39,38.71,15.39,32.84666666666667,34.16833333333333,16.0,6.0,208.0,34.666666666666664,1.6682692307692308,1.9459101490553128,5.342334251964811,1,19.321181236521397,33.32766268260292,5.478599823636219,False,False,True,False,False,False,False,False,False,False,False,False,False,False,False,False,False,False,False,False,False,False,False,False,False,False,False,False,False,True,False,False,True,False,False,False,False,False,False,False
1,0.4999999999999999,0.8660254037844387,1,0,0,1,0,0,1,121,2025,21.56,21.13,22.37,21.39333333333333,21.660833333333333,-0.8100000000000023,54.0,848.0,15.703703703703704,1.5648584905660377,4.007333185232471,6.744059186311348,2,5.432849023145278,26.621532258064512,2.192986415167364,True,False,False,False,False,False,False,False,False,False,False,False,False,False,False,False,False,False,False,False,False,False,False,False,False,False,False,False,True,False,False,False,False,True,False,False,False,False,False,False
4,0.8660254037844387,-0.4999999999999998,2,0,1,0,0,0,1,124,2025,18.81,18.95,18.05,19.206666666666663,19.725,0.759999999999998,1278.0,10852.0,8.491392801251957,1.6989495023958718,7.153833801578843,9.292196818446016,0,19.321181236521397,33.32766268260292,5.478599823636219,False,False,True,False,False,False,False,False,False,False,False,False,False,False,False,False,False,False,False,False,False,False,False,False,False,False,False,False,False,False,True,False,False,False,False,False,False,False,False,True
6,1.2246467991473532e-16,-1.0,2,0,0,0,1,0,1,114,2024,26.47,23.07,21.6,24.856666666666676,24.08083333333333,4.869999999999997,7.0,278.0,39.71428571428572,1.712230215827338,2.079441541679836,5.631211781821365,2,1.3685833363643862,31.14656771799629,2.1493813620399,False,True,False,False,False,False,False,False,False,False,False,False,False,False,False,False,False,False,False,False,False,False,False,False,False,False,False,False,False,True,False,False,False,True,False,False,False,False,False,False
4,0.8660254037844387,-0.4999999999999998,2,0,1,0,0,0,1,112,2024,36.14,36.48,42.47,36.986666666666665,37.38666666666667,-6.329999999999998,46.0,839.0,18.23913043478261,1.9380214541120384,3.8501476017100575,6.733401891837359,3,3.798440627248956,29.71165505226481,2.022222823693005,False,False,False,False,False,False,False,False,False,False,False,True,False,False,False,False,False,False,False,False,False,False,False,False,False,False,False,False,True,False,False,False,False,False,True,False,False,False,False,False
6,1.2246467991473532e-16,-1.0,2,0,0,0,1,0,1,114,2024,24.33,23.42,25.85,24.28,27.2,-1.5200000000000031,24.0,394.0,16.416666666666668,1.9263959390862944,3.218875824868201,5.978885764901122,2,0.5433715367037989,19.593496503496503,2.1089584460983564,False,False,False,False,False,False,False,False,False,False,True,False,False,False,False,False,False,False,False,False,False,False,False,False,False,False,False,False,True,False,False,False,False,True,False,False,False,False,False,False
1,0.4999999999999999,0.8660254037844387,1,0,0,1,0,0,1,109,2024,38.06,57.37,36.72,45.940000000000005,44.80083333333334,1.3400000000000034,1.0,60.0,60.0,1.6833333333333331,0.6931471805599453,4.110873864173311,4,0.6523540595228975,31.13929787234043,2.292383678314417,False,False,False,False,False,False,False,False,True,False,False,False,False,False,False,False,False,False,False,False,False,False,False,False,False,False,False,False,False,True,False,False,False,False,False,True,False,False,False,False
4,0.8660254037844387,-0.4999999999999998,2,0,1,0,0,0,1,124,2025,16.56,26.01,26.45,19.97333333333333,17.91,-9.89,2.0,52.0,26.0,1.9807692307692308,1.0986122886681098,3.970291913552122,1,5.402510157617734,24.56132467532468,2.2892610520048358,False,False,False,False,False,False,False,False,False,False,False,False,False,False,False,False,True,False,False,False,False,False,False,False,False,False,False,False,False,True,False,False,True,False,False,False,False,False,False,False
8,-0.8660254037844384,-0.5000000000000004,3,0,0,0,1,0,1,116,2024,27.82,24.17,16.13,23.646666666666672,19.63,11.69,2.0,16.0,8.0,2.75,1.0986122886681098,2.833213344056216,3,4.599598019455207,21.478070500927643,1.4848958608542095,False,False,False,False,False,False,False,False,False,False,False,False,False,False,False,False,False,False,False,False,False,False,False,False,True,False,True,False,False,False,False,False,False,False,True,False,False,False,False,False
11,-0.5000000000000004,0.8660254037844384,4,0,0,0,0,0,1,119,2024,11.7,10.45,21.82,11.50333333333333,11.893333333333333,-10.12,998.0,7399.0,7.413827655310621,1.6717123935666982,6.906754778648554,8.909235279192261,0,3.798440627248956,29.71165505226481,2.022222823693005,False,False,False,False,False,False,False,False,False,False,False,True,False,False,False,False,False,False,False,False,False,False,False,False,False,False,False,False,False,False,True,False,False,False,False,False,False,False,False,True
10,-0.8660254037844386,0.5000000000000001,4,0,0,0,0,0,1,118,2024,30.12,24.55,19.41,27.686666666666667,22.176666666666662,10.71,37.0,997.0,26.945945945945947,1.6158475426278835,3.6375861597263857,6.905753276311464,2,5.432849023145278,26.621532258064512,2.192986415167364,True,False,False,False,False,False,False,False,False,False,False,False,False,False,False,False,False,False,False,False,False,False,False,False,False,False,False,False,False,True,False,False,False,True,False,False,False,False,False,False
9,-1.0,-1.8369701987210294e-16,3,0,0,0,1,0,1,117,2024,17.5,17.34,40.78,18.849999999999994,20.929166666666667,-23.28,5.0,134.0,26.8,1.7686567164179106,1.791759469228055,4.90527477843843,3,0.6441224885664825,21.0460510805501,3.1524834348578508,False,False,False,False,False,False,False,False,False,False,False,False,False,False,False,False,False,True,False,False,False,False,False,False,False,False,False,False,False,True,False,False,False,False,True,False,False,False,False,False
2,0.8660254037844386,0.5000000000000001,1,0,0,0,0,0,1,110,2024,27.6,29.81,13.11,26.113333333333333,26.9025,14.490000000000002,45.0,706.0,15.688888888888888,1.838526912181303,3.828641396489095,6.561030665896573,3,19.321181236521397,33.32766268260292,5.478599823636219,False,False,True,False,False,False,False,False,False,False,False,False,False,False,False,False,False,False,False,False,False,False,False,False,False,False,False,False,True,False,False,False,False,False,True,False,False,False,False,False
1,0.4999999999999999,0.8660254037844387,1,0,0,1,0,0,1,121,2025,16.36,41.14,30.65,31.91666666666667,34.42416666666667,-14.29,3.0,57.0,19.0,2.0,1.3862943611198906,4.060443010546419,3,0.5433715367037989,19.593496503496503,2.1089584460983564,False,False,False,False,False,False,False,False,False,False,True,False,False,False,False,False,False,False,False,False,False,False,False,False,False,False,False,False,True,False,False,False,False,False,True,False,False,False,False,False
11,-0.5000000000000004,0.8660254037844384,4,0,0,0,0,0,1,119,2024,45.45,42.61,31.91,39.04,37.82833333333333,13.540000000000004,7.0,707.0,101.0,2.1046676096181045,2.079441541679836,6.56244409369372,4,16.521531105359642,31.1375,3.6676474044642338,False,False,False,False,False,False,False,False,False,True,False,False,False,False,False,False,False,False,False,False,False,False,False,False,False,False,False,False,False,True,False,False,False,False,False,True,False,False,False,False
2,0.8660254037844386,0.5000000000000001,1,0,0,0,0,0,1,110,2024,28.78,19.59,24.2,22.593333333333334,21.73333333333333,4.580000000000002,141.0,2060.0,14.609929078014185,1.4451456310679611,4.955827057601261,7.630946580890459,2,2.854456235021364,27.928541666666668,1.7036471833624431,False,False,False,False,False,False,False,False,False,False,False,False,True,False,False,False,False,False,False,False,False,False,False,False,False,False,False,False,True,False,False,False,False,True,False,False,False,False,False,False
9,-1.0,-1.8369701987210294e-16,3,0,0,0,1,0,1,117,2024,23.79,18.95,22.58,23.520000000000007,20.26833333333333,1.2100000000000009,2.0,16.0,8.0,2.75,1.0986122886681098,2.833213344056216,3,4.599598019455207,21.478070500927643,1.4848958608542095,False,False,False,False,False,False,False,False,False,False,False,False,False,False,False,False,False,False,False,False,False,False,False,False,True,False,True,False,False,False,False,False,False,False,True,False,False,False,False,False
4,0.8660254037844387,-0.4999999999999998,2,0,1,0,0,0,1,112,2024,17.54,17.6,20.04,18.17,18.874166666666667,-2.5,1275.0,10909.0,8.55607843137255,1.6962141351177926,7.151485463904735,9.297435078827116,0,19.321181236521397,33.32766268260292,5.478599823636219,False,False,True,False,False,False,False,False,False,False,False,False,False,False,False,False,False,False,False,False,False,False,False,False,False,False,False,False,False,False,True,False,False,False,False,False,False,False,False,True
7,-0.4999999999999997,-0.8660254037844388,3,1,0,0,1,0,1,115,2024,24.45,21.43,28.16,23.1,25.46583333333333,-3.710000000000001,25.0,425.0,17.0,1.6658823529411764,3.258096538021482,6.054439346269371,1,62.68017543516754,37.42273333333333,6.634708430578383,False,False,False,False,False,False,True,False,False,False,False,False,False,False,False,False,False,False,False,False,False,False,False,False,False,False,False,False,True,False,False,False,True,False,False,False,False,False,False,False
6,1.2246467991473532e-16,-1.0,2,0,0,0,1,0,1,114,2024,19.97,16.97,19.87,18.14333333333333,18.895,0.0999999999999978,130.0,2322.0,17.861538461538462,1.5805340223944877,4.875197323201151,7.750614732770409,2,2.2470269208737568,20.909291666666665,2.376276214128597,False,False,False,False,True,False,False,False,False,False,False,False,False,False,False,False,False,False,False,False,False,False,False,False,False,False,False,False,True,False,False,False,False,True,False,False,False,False,False,False
9,-1.0,-1.8369701987210294e-16,3,0,0,0,1,0,1,117,2024,34.91,28.92,31.56,31.933333333333334,30.309166666666663,3.349999999999998,76.0,2207.0,29.039473684210527,1.9053013140009063,4.343805421853684,7.699842407396986,3,3.798440627248956,29.71165505226481,2.022222823693005,False,False,False,False,False,False,False,False,False,False,False,True,False,False,False,False,False,False,False,False,False,False,False,False,False,False,False,False,False,True,False,False,False,False,True,False,False,False,False,False
11,-0.5000000000000004,0.8660254037844384,4,0,0,0,0,0,1,119,2024,9.44,12.26,11.41,10.406666666666666,12.034166666666666,-1.9700000000000009,794.0,6799.0,8.562972292191436,1.5600823650536844,6.678342114654332,8.824677891164198,0,27.81733752340581,29.54483928571429,2.365292158846613,False,False,False,False,False,False,False,False,False,False,False,False,False,False,True,False,False,False,False,False,False,False,False,False,False,False,False,False,False,False,True,False,False,False,False,False,False,False,False,True
5,0.4999999999999999,-0.8660254037844387,2,0,0,0,1,0,1,113,2024,37.22,26.02,27.15,31.383333333333336,33.516666666666666,10.07,11.0,558.0,50.72727272727273,1.8673835125448028,2.4849066497880004,6.326149473155099,4,19.321181236521397,33.32766268260292,5.478599823636219,False,False,True,False,False,False,False,False,False,False,False,False,False,False,False,False,False,False,False,False,False,False,False,False,False,False,False,False,False,True,False,False,False,False,False,True,False,False,False,False
5,0.4999999999999999,-0.8660254037844387,2,0,0,0,1,0,1,125,2025,35.19,36.79,10.55,35.46333333333333,22.9875,24.64,4.0,96.0,24.0,1.6145833333333333,1.6094379124341005,4.574710978503383,3,0.6441224885664825,21.0460510805501,3.1524834348578508,False,False,False,False,False,False,False,False,False,False,False,False,False,False,False,False,False,True,False,False,False,False,False,False,False,False,False,False,False,True,False,False,False,False,True,False,False,False,False,False
1,0.4999999999999999,0.8660254037844387,1,0,0,1,0,0,1,121,2025,33.59,25.45,32.17,31.20333333333333,34.5275,1.4200000000000017,6.0,129.0,21.5,1.5426356589147288,1.9459101490553128,4.867534450455582,2,1.3685833363643862,31.14656771799629,2.1493813620399,False,True,False,False,False,False,False,False,False,False,False,False,False,False,False,False,False,False,False,False,False,False,False,False,False,False,False,False,True,False,False,False,False,True,False,False,False,False,False,False
3,1.0,6.123233995736766e-17,1,0,1,0,0,0,1,123,2025,35.72,27.55,34.34,31.430000000000003,34.34166666666666,1.3799999999999957,120.0,2987.0,24.891666666666666,1.824573150318045,4.795790545596741,8.002359546252707,2,12.272936264143388,41.06024154589373,2.695363094798593,False,False,False,False,False,False,False,False,False,False,False,False,False,True,False,False,False,False,False,False,False,False,False,False,False,False,False,False,True,False,False,False,False,True,False,False,False,False,False,False
12,-2.4492935982947064e-16,1.0,4,0,0,1,0,0,1,120,2024,24.17,57.08,17.92,34.47666666666667,24.479166666666668,6.25,2.0,16.0,8.0,2.75,1.0986122886681098,2.833213344056216,3,4.599598019455207,21.478070500927643,1.4848958608542095,False,False,False,False,False,False,False,False,False,False,False,False,False,False,False,False,False,False,False,False,False,False,False,False,True,False,True,False,False,False,False,False,False,False,True,False,False,False,False,False
6,1.2246467991473532e-16,-1.0,2,0,0,0,1,0,1,114,2024,18.25,19.59,19.4,18.956666666666667,20.364166666666662,-1.1499999999999986,32.0,460.0,14.375,1.7565217391304349,3.49650756146648,6.133398042996649,1,29.327002661953944,28.340468227424747,4.51235363631976,False,False,False,False,False,False,False,False,False,False,False,False,False,False,False,False,False,False,False,True,False,False,False,False,False,False,False,False,True,False,False,False,True,False,False,False,False,False,False,False
1,0.4999999999999999,0.8660254037844387,1,0,0,1,0,0,1,121,2025,38.21,37.62,20.03,49.76333333333333,43.36333333333334,18.18,2.0,77.0,38.5,1.5454545454545454,1.0986122886681098,4.356708826689592,1,1.3685833363643862,31.14656771799629,2.1493813620399,False,True,False,False,False,False,False,False,False,False,False,False,False,False,False,False,False,False,False,False,False,False,False,False,False,False,False,False,False,True,False,False,True,False,False,False,False,False,False,False
8,-0.8660254037844384,-0.5000000000000004,3,0,0,0,1,0,1,116,2024,32.92,29.99,31.73,32.053333333333335,33.06416666666667,1.1900000000000013,11.0,213.0,19.363636363636363,1.7417840375586855,2.4849066497880004,5.365976015021851,3,29.327002661953944,28.340468227424747,4.51235363631976,False,False,False,False,False,False,False,False,False,False,False,False,False,False,False,False,False,False,False,True,False,False,False,False,False,False,False,False,True,False,False,False,False,False,True,False,False,False,False,False
2,0.8660254037844386,0.5000000000000001,1,0,0,0,0,0,1,110,2024,25.07,40.63,25.86,30.49000000000001,31.6625,-0.7899999999999991,11.0,206.0,18.727272727272727,1.7524271844660195,2.4849066497880004,5.332718793265369,3,29.327002661953944,28.340468227424747,4.51235363631976,False,False,False,False,False,False,False,False,False,False,False,False,False,False,False,False,False,False,False,True,False,False,False,False,False,False,False,False,True,False,False,False,False,False,True,False,False,False,False,False
3,1.0,6.123233995736766e-17,1,0,1,0,0,0,1,111,2024,16.74,11.6,12.28,12.256666666666666,14.4225,4.459999999999999,12.0,166.0,13.833333333333334,1.813253012048193,2.5649493574615367,5.117993812416755,1,1.8927983246544748,27.19991397849462,1.6267007699304217,False,False,False,True,False,False,False,False,False,False,False,False,False,False,False,False,False,False,False,False,False,False,False,False,False,False,False,False,True,False,False,False,True,False,False,False,False,False,False,False
1,0.4999999999999999,0.8660254037844387,1,0,0,1,0,0,1,121,2025,21.93,21.26,22.06,21.723333333333333,22.01833333333333,-0.129999999999999,851.0,7601.0,8.931844888366628,1.6833311406393896,6.747586526829315,8.936166649549195,0,29.327002661953944,28.340468227424747,4.51235363631976,False,False,False,False,False,False,False,False,False,False,False,False,False,False,False,False,False,False,False,True,False,False,False,False,False,False,False,False,False,False,True,False,False,False,False,False,False,False,False,True
7,-0.4999999999999997,-0.8660254037844388,3,1,0,0,1,0,1,115,2024,21.58,20.24,45.82,20.923333333333336,30.729166666666668,-24.24,17.0,245.0,14.411764705882351,1.4448979591836737,2.8903717578961645,5.5053315359323625,1,5.432849023145278,26.621532258064512,2.192986415167364,True,False,False,False,False,False,False,False,False,False,False,False,False,False,False,False,False,False,False,False,False,False,False,False,False,False,False,False,True,False,False,False,True,False,False,False,False,False,False,False
4,0.8660254037844387,-0.4999999999999998,2,0,1,0,0,0,1,124,2025,47.95,41.66,44.15,45.52333333333333,46.59333333333333,3.800000000000004,167.0,8334.0,49.90419161676647,1.910487161027118,5.123963979403259,9.028218795184896,3,12.272936264143388,41.06024154589373,2.695363094798593,False,False,False,False,False,False,False,False,False,False,False,False,False,True,False,False,False,False,False,False,False,False,False,False,False,False,False,False,False,True,False,False,False,False,True,False,False,False,False,False
12,-2.4492935982947064e-16,1.0,4,0,0,1,0,0,1,120,2024,38.9,41.19,22.32,41.99666666666666,31.60333333333333,16.58,6.0,191.0,31.83333333333333,1.905759162303665,1.9459101490553128,5.2574953720277815,2,0.6441224885664825,21.0460510805501,3.1524834348578508,False,False,False,False,False,False,False,False,False,False,False,False,False,False,False,False,False,True,False,False,False,False,False,False,False,False,False,False,False,True,False,False,False,True,False,False,False,False,False,False
1,0.4999999999999999,0.8660254037844387,1,0,0,1,0,0,1,109,2024,23.56,42.93,8.56,34.336666666666666,29.14916666666667,14.999999999999998,11.0,558.0,50.72727272727273,1.8673835125448028,2.4849066497880004,6.326149473155099,4,19.321181236521397,33.32766268260292,5.478599823636219,False,False,True,False,False,False,False,False,False,False,False,False,False,False,False,False,False,False,False,False,False,False,False,False,False,False,False,False,False,True,False,False,False,False,False,True,False,False,False,False
2,0.8660254037844386,0.5000000000000001,1,0,0,0,0,0,1,110,2024,3.4,3.16,7.33,5.299999999999999,4.443333333333333,-3.93,1.0,19.0,19.0,1.8421052631578947,0.6931471805599453,2.995732273553991,3,19.321181236521397,33.32766268260292,5.478599823636219,False,False,True,False,False,False,False,False,False,False,False,False,False,False,False,False,False,False,False,False,False,False,False,False,False,False,True,False,False,False,False,False,False,False,True,False,False,False,False,False
5,0.4999999999999999,-0.8660254037844387,2,0,0,0,1,0,1,113,2024,30.97,31.99,34.54,33.62,34.2075,-3.5700000000000003,1.0,24.0,24.0,1.7916666666666667,0.6931471805599453,3.218875824868201,3,1.3685833363643862,31.14656771799629,2.1493813620399,False,True,False,False,False,False,False,False,False,False,False,False,False,False,False,False,False,False,False,False,False,False,False,False,False,False,False,False,True,False,False,False,False,False,True,False,False,False,False,False
